Workbook

Sheet Centralizator
A3: CENTRALIZATOR OFERTA PAVILION V - INSTALATII
A6: Nr. | B6: Cod | C6: Denumire | D6: Valoare Oferta
A7: Crt. | B7: Deviz | C7: Lucrare/echipament/dotare | D7: Material | E7: Manopera | F7: Echipament | G7: TOTAL
A8: 1 | B8: O.03 D.00 | C8: ='O.03 D.00'!A5 -> Categorie: 00 INST.SANITARE-DEMONTARI | D8: ='O.03 D.00'!E43 -> 132 | E8: ='O.03 D.00'!F43 -> 24894.4 | G8: =SUM(D8:F8) -> 25026.4
A9: 2 | B9: O.03 D.01 | C9: ='O.03 D.01'!A5 -> Categorie: 01 INST.SANITARE INTERIOARE | D9: ='O.03 D.01'!E205 -> 226126.29 | E9: ='O.03 D.01'!F205 -> 123490.34 | G9: =SUM(D9:F9) -> 349616.63
A10: 3 | B10: O.03 D.02 | C10: ='O.03 D.02'!A5 -> Categorie: 02 INST.HIDRANTI INTERIORI | D10: ='O.03 D.02'!E54 -> 15696.48 | E10: ='O.03 D.02'!F54 -> 18158.992 | G10: =SUM(D10:F10) -> 33855.472
A11: 4 | B11: O.03 D.03 | C11: ='O.03 D.03'!A5 -> Categorie: 03 STATIE DE POMPARE INCENDIU | D11: ='O.03 D.03'!E99 -> 22135.83 | E11: ='O.03 D.03'!F99 -> 34680 | G11: =SUM(D11:F11) -> 56815.83
A12: 5 | B12: O.03 D.04 | C12: ='O.03 D.04'!A5 -> Categorie: 04 RETEA EXT.CANALIZARE MENAJERA | D12: ='O.03 D.04'!E42 -> 8669.6 | E12: ='O.03 D.04'!F42 -> 10504.72 | G12: =SUM(D12:F12) -> 19174.32
C13: F4 | F13: ='F4'!F31 -> 78549 | G13: =F13 -> 78549
A14: 6 | B14: O.04 D.01 | C14: ='O.04 D.01'!A5 -> Categorie: 01 INST.TERMICE RADIAT.+C.T. | D14: ='O.04 D.01'!E357 -> 303031.31 | E14: ='O.04 D.01'!F357 -> 185521.99 | G14: =SUM(D14:F14) -> 488553.3
C15: F4 | F15: ='F4'!F50 -> 153446 | G15: =F15 -> 153446
A16: 7 | B16: O.05 D.01 | C16: ='O.05 D.01'!A5 -> Categorie: 01 INST.CLIMATIZARE | D16: ='O.05 D.01'!E120 -> 115889.17 | E16: ='O.05 D.01'!F120 -> 106948.4 | G16: =SUM(D16:F16) -> 222837.57
A17: 8 | B17: O.05 D.02 | C17: ='O.05 D.02'!A5 -> Categorie: 02 INST.VENT.GR.SANIT.VAR.1 | D17: ='O.05 D.02'!E105 -> 18079 | E17: ='O.05 D.02'!F105 -> 14229 | G17: =SUM(D17:F17) -> 32308
C18: F4 | F18: ='F4'!F79 -> 0 | G18: =F18 -> 0
A19: TOTAL | D19: =SUM(D8:D18) -> 709759.67 | E19: =SUM(E8:E18) -> 518427.84 | F19: =SUM(F8:F18) -> 231995 | G19: =SUM(G8:G18) -> 1460182.5

Sheet F4
A1: Formular F4
A2: Obiectiv: UTCB REAB.,CONS.CFDP CORP C22-C.NOU
A3: LISTA_x000D_ cu cantitatile de utilaje si echipamente tehnologice, inclusiv dotari
G4: [ ron ]
A5: Nr. | B5: Cod | C5: U/M | D5: Cantitatea | E5: Pretul unitar | F5: Valoarea | G5: Fisa tehnica
A6: Crt. | B6: Denumirea | F6: (exclusiv TVA) | G6: atasata
A7: 1 | B7: Obiect 03 INST.SANITARE
B8: a) Utilaje, echipamente tehnologice si functionale care necesita montaj
B9: 1 | C9: BUCATA | D9: 1 | E9: 840 | F9: =D9*E9 -> 840 | G9: FT1
B10: CONTOR APA RECE
B11: 10 | C11: BUCATA | D11: 1 | E11: 334 | F11: =D11*E11 -> 334 | G11: FT10
B12: STINGATOR PORTATIV P3
B13: 11 | C13: BUCATA | D13: 1 | E13: 1870 | F13: =D13*E13 -> 1870 | G13: FT11
B14: PICHET PSI
B15: 2. | C15: BUCATA | D15: 1 | E15: 3850 | F15: =D15*E15 -> 3850 | G15: FT2
B16: POMPA SUBMERSIBILA CU PLUTITOR PENTRU BASA
B17: 3. | C17: BUCATA | D17: 5 | E17: 3250 | F17: =D17*E17 -> 16250 | G17: FT3
B18: STATIE DE COLECTARE SI POMPARE AUTOMATA
B19: 4. | C19: BUCATA | D19: 3 | E19: 2750 | F19: =D19*E19 -> 8250 | G19: FT4
B20: STATIE DE COLECTARE SI EVACUARE APE UZATE SI REZ DE UZ CASNI
B21: 5. | C21: BUCATA | D21: 1 | E21: 27580 | F21: =D21*E21 -> 27580 | G21: FT5
B22: GRUP POMPARE INCENDIU HIDR INT 1PA+1PP(TAB AUT INCLUS)
B23: 6 | C23: BUCATA | D23: 1 | E23: 750 | F23: =D23*E23 -> 750 | G23: FT6
B24: VAS EXPANSIUNE INCHIS,CU MEMBRANA. CAPACITATE 60L
B25: 7 | C25: BUCATA | D25: 14 | E25: 800 | F25: =D25*E25 -> 11200 | G25: FT7
B26: HIDRANT INTERIOR DE INCENDIU, COMPLET ECHIPAT
B27: 8 | C27: BUCATA | D27: 2 | E27: 1450 | F27: =D27*E27 -> 2900 | G27: FT8
B28: REZERVOR STOCARE APA INCENDIU. CAPACITATE 1000L
B29: 9 | C29: BUCATA | D29: 15 | E29: 315 | F29: =D29*E29 -> 4725 | G29: FT9
B30: STINGATOR PORTATIV CU PULBERE TIP P6
D31: Total obiect | F31: =ROUND($F$9+$F$11+$F$13+$F$15+$F$17+$F$19+$F$21+$F$23+$F$25+$F$27+$F$29,2) -> 78549
A32: 1 | B32: Obiect 04 INST.TERMICE
B33: a) Utilaje, echipamente tehnologice si functionale care necesita montaj
B34: 2.1 | C34: BUCATA | D34: 3 | E34: 27866 | F34: =D34*E34 -> 83598 | G34: FT1
B35: GRUP TERMIC MURAL 115KW, CONDENSATIE
B36: 2.2 | C36: BUCATA | D36: 3 | E36: 1750 | F36: =D36*E36 -> 5250 | G36: 5FT2
B37: VAS DE EXPANSIUNE 100LT
B38: 2.3 | C38: BUCATA | D38: 1 | E38: 6650 | F38: =D38*E38 -> 6650 | G38: FT3
B39: BOILER 500 LT PENTRU APA CALDA
B40: 2.4 | C40: BUCATA | D40: 1 | E40: 250 | F40: =D40*E40 -> 250 | G40: FT4
B41: VAS DE EXPANSIUNE 25LT PENTRU BOILER
B42: 2.5 | C42: BUCATA | D42: 3 | E42: 4450 | F42: =D42*E42 -> 13350 | G42: FT5
B43: POMPA CIRCULATIE CAZANE MURALE
B44: 2.6 | C44: BUCATA | D44: 2 | E44: 17450 | F44: =D44*E44 -> 34900 | G44: FT6
B45: POMPA CIRCULATIE RADIATOARE
B46: 2.7 | C46: BUCATA | D46: 1 | E46: 860 | F46: =D46*E46 -> 860 | G46: FT7
B47: POMPA CIRCULATIE BOILER
B48: 2.8 | C48: BUCATA | D48: 1 | E48: 8588 | F48: =D48*E48 -> 8588 | G48: FT8
B49: KIT COAXIAL EVACUARE GAZE ARSE CENTR CONDENSATIE
D50: Total obiect | F50: =ROUND($F$34+$F$36+$F$38+$F$40+$F$42+$F$44+$F$46+$F$48,2) -> 153446
A51: 1 | B51: Obiect 05 INST.VENTILATII+CLIMATIZARE
B52: a) Utilaje, echipamente tehnologice si functionale care necesita montaj
B53: 05.2 | C53: BUCATA | D53: 1 | E53: 0 | F53: =D53*E53 -> 0
B54: VENTILATOR EXTRACTIE GR. SANITARE 1050 MC/H IN LINE 2 TREPTE
B55: 05.3 | C55: BUCATA | D55: 1 | E55: 0 | F55: =D55*E55 -> 0
B56: VENTILATOR EXTRACTIE GR. SANITARE 730 MC/H IN LINE, 2 TREPTE
B57: 5.1 | C57: BUCATA | D57: 4 | E57: 0 | F57: =D57*E57 -> 0 | G57: FT1
B58: UNITATE EXT TIP VRV PT CLIMATIZARE 15.5KW
B59: 5.10 | C59: BUCATA | D59: 14 | E59: 0 | F59: =D59*E59 -> 0 | G59: FT10
B60: UNITATE INTERIOARA DE PERETE 2.2 KW
B61: 5.11 | C61: BUCATA | D61: 2 | E61: 0 | F61: =D61*E61 -> 0 | G61: FT11
B62: STATIE DE NEUTRALIZARE+POMPARE CONDENS
B63: 5.2 | C63: BUCATA | D63: 13 | E63: 0 | F63: =D63*E63 -> 0 | G63: FT2
B64: UNITATE EXT TIP VRV PT CLIMATIZARE 14KW
B65: 5.3 | C65: BUCATA | D65: 8 | E65: 0 | F65: =D65*E65 -> 0 | G65: FT3
B66: UNITATE EXT TIP VRV PT CLIMATIZARE 11.2 KW
B67: 5.4 | C67: BUCATA | D67: 15 | E67: 0 | F67: =D67*E67 -> 0 | G67: FT4
B68: UNITATE INT DE CLIMATIZARE TIP CASETA 3.6 KW
B69: 5.5 | C69: BUCATA | D69: 3 | E69: 0 | F69: =D69*E69 -> 0 | G69: FT5
B70: UNITATE INT DE PERETE 7.1 KW
B71: 5.6 | C71: BUCATA | D71: 5 | E71: 0 | F71: =D71*E71 -> 0 | G71: FT6
B72: UNITATE INTERIOARA DE PERETE 5.6 KW
B73: 5.7 | C73: BUCATA | D73: 22 | E73: 0 | F73: =D73*E73 -> 0 | G73: FT7
B74: UNITATE INTERIOARA DE PERETE 4.5 KW
B75: 5.8 | C75: BUCATA | D75: 17 | E75: 0 | F75: =D75*E75 -> 0 | G75: FT8
B76: UNITATE INTERIOARA DE PERETE 3.6 KW
B77: 5.9 | C77: BUCATA | D77: 12 | E77: 0 | F77: =D77*E77 -> 0 | G77: FT9
B78: UNITATE INTERIOARA DE PERETE 2.8 KW
D79: Total obiect | F79: =ROUND($F$53+$F$55+$F$57+$F$59+$F$61+$F$63+$F$65+$F$67+$F$69+$F$71+$F$73+$F$75+$F$77,2) -> 0
A80: Total : | F80: =$F$31+$F$50+$F$79 -> 231995
A82: OFERTANT

Sheet O.03 D.00
A1: Formular F3 | J1: 1
A2: Obiectiv: UTCB REAB.,CONS.CFDP CORP C22-C.NOU
A3: LISTA_x000D_ cu cantitatile de lucrari pe categorii de lucrari
A4: Obiect: 03 INST.SANITARE
A5: Categorie: 00 INST.SANITARE-DEMONTARI | I5: [ ron ]
B6: Nr. | C6: Capitol lucrari | D6: U/M | G6: Cantitatea | H6: Pretul unitar | I6: Valoare
B7: Crt. | C7: Simbol | H7: a)materiale
C8: Denumire resursa | H8: b)manopera
C9: Liste Anexe | H9: Total(a+b)
B10: 1 | C10: RPSA14A1 82 | D10: M | G10: 93 | H10: 0 | I10: =G10*H10 -> 0 | J10: 1
A11: DEMONTARE TEVI OTEL ZINC OBIEC SANIT 3/8-1 TOLI* | H11: 28 | I11: =G10*H11 -> 2604 | J11: 2
H12: 28 | I12: =I10+I11 -> 2604 | J12: 5
B13: 2 | C13: RPSA14B1 82 | D13: M | G13: 117 | H13: 0 | I13: =G13*H13 -> 0 | J13: 1
A14: DEMONTARE TEVI OTEL ZINC OBIEC SANIT 11/4-2 TOLI* | H14: 44.8 | I14: =G13*H14 -> 5241.6 | J14: 2
H15: 44.8 | I15: =I13+I14 -> 5241.6 | J15: 5
B16: 3 | C16: RPSB20A1 82 | D16: M | G16: 280 | H16: 0 | I16: =G16*H16 -> 0 | J16: 1
A17: DEMONTARE TUB FONTA CANALIZ 50 MM - 100 MM - asim. Demontare tub canalizare 40 mm | H17: 18.4 | I17: =G16*H17 -> 5152 | J17: 2
H18: 18.4 | I18: =I16+I17 -> 5152 | J18: 5
B19: 4 | C19: RPSC05A 99 | D19: BUCATA | G19: 45 | H19: 0 | I19: =G19*H19 -> 0 | J19: 1
A20: DEMONTAREA OBIECTELOR SANITARE | H20: 38.4 | I20: =G19*H20 -> 1728 | J20: 2
H21: 38.4 | I21: =I19+I20 -> 1728 | J21: 5
B22: 5 | C22: RPSD15A1 82 | D22: BUCATA | G22: 103 | H22: 0 | I22: =G22*H22 -> 0 | J22: 1
A23: DEMONTARE ROBINET PT. UTILIZARI MULTIPLE 3/8" - 1/2" | H23: 9.6 | I23: =G22*H23 -> 988.8 | J23: 2
H24: 9.6 | I24: =I22+I23 -> 988.8 | J24: 5
B25: 6 | C25: RPSF01A1 82 | D25: ZECI M | G25: 21 | H25: 0 | I25: =G25*H25 -> 0 | J25: 1
A26: GOLIREA INSTALATIEI DE APA IN VEDEREA EXECUTARII REPARATIILOR * | H26: 36 | I26: =G25*H26 -> 756 | J26: 2
H27: 36 | I27: =I25+I26 -> 756 | J27: 5
B28: 7 | C28: RPSF02B1 82 | D28: BUCATA | G28: 22 | H28: 6 | I28: =G28*H28 -> 132 | J28: 1
A29: BUSONAREA CONDUCTEI ALIMENTARE CU APA IN VEDEREA DESFIINTARII POZ OBIECTE ARMATURI DN 1/2" $ - DOP DIN FONTA MALEABILA T9 S487 DN 15 1/2 | H29: 12 | I29: =G28*H29 -> 264 | J29: 2
H30: 18 | I30: =I28+I29 -> 396 | J30: 5
B31: 8 | C31: RPSF09A1 82 | D31: M | G31: 17 | H31: 0 | I31: =G31*H31 -> 0 | J31: 1
A32: DESFUNDAREA CANALULUI COLECTOR CU MIJLOACE MANUALE IN CANTITATI DE PINA LA 5 M | H32: 144 | I32: =G31*H32 -> 2448 | J32: 2
H33: 144 | I33: =I31+I32 -> 2448 | J33: 5
B34: 9 | C34: IZJ12A1 82 | D34: MP | G34: 8.5 | H34: 0 | I34: =G34*H34 -> 0 | J34: 1
A35: DESFACEREA IZOLATIILOR TERMICE DE ORICE FEL $ | H35: 240 | I35: =G34*H35 -> 2040 | J35: 2
H36: 240 | I36: =I34+I35 -> 2040 | J36: 5
B37: 10 | C37: RPCT09H1 82 | D37: M CUB | G37: 3.4 | H37: 0 | I37: =G37*H37 -> 0 | J37: 1
A38: SPARGEREA PARTIALA CU MIJLOACE MEC SI MANUALA A ELEMENTELOR DE CONS.DIN BET.ARM.SI SIMPLU EXEC.FIN * | H38: 1080 | I38: =G37*H38 -> 3672 | J38: 2
H39: 0 | I39: =I37+I38 -> 3672 | J39: 5
B40: 11 | C40: RPCB06A1 82 | D40: M CUB | G40: 3.4 | H40: 0 | I40: =G40*H40 -> 0 | J40: 1
A41: BETON ARMAT MARCA B150 TURNAT IN FUNDATII CU TALPICONT.SAU IZOLAT.IN RAD.SLAB SOLICIT.LA CLADIRI * | H41: 0 | I41: =G40*H41 -> 0 | J41: 2
H42: 0 | I42: =I40+I41 -> 0 | J42: 5
B43: TOTAL | E43: =SUMIF(J10:J42,"1",I10:I42) -> 132 | F43: =SUMIF(J10:J42,"2",I10:I42) -> 24894.4 | I43: =SUMIF(J10:J42,"5",I10:I42) -> 25026.4 | K43: =SUMIF(J10:J42,"3",K10:K42) -> 0 | L43: =SUMIF(J10:J42,"3",L10:L42) -> 0 | M43: =SUMIF(J10:J42,"3",M10:M42) -> 0 | N43: =SUMIF(J10:J42,"4",N10:N42) -> 0 | O43: =SUMIF(J10:J42,"4",O10:O42) -> 0 | P43: =SUMIF(J10:J42,"4",P10:P42) -> 0 | Q43: =SUMIF(J10:J42,"4",Q10:Q42) -> 0 | R43: =SUMIF(J10:J42,"4",R10:R42) -> 0 | S43: =SUMIF(J10:J42,"4",S10:S42) -> 0
A46: BENEFICIAR EXECUTANT

Sheet O.03 D.01
A1: Formular F3 | J1: 1
A2: Obiectiv: UTCB REAB.,CONS.CFDP CORP C22-C.NOU
A3: LISTA_x000D_ cu cantitatile de lucrari pe categorii de lucrari
A4: Obiect: 03 INST.SANITARE
A5: Categorie: 01 INST.SANITARE INTERIOARE | I5: [ ron ]
B6: Nr. | C6: Capitol lucrari | D6: U/M | G6: Cantitatea | H6: Pretul unitar | I6: Valoare
B7: Crt. | C7: Simbol | H7: a)materiale
C8: Denumire resursa | H8: b)manopera
C9: Liste Anexe | H9: Total(a+b)
B10: 1 | C10: SA03F 99 | D10: M | G10: 17 | H10: 75 | I10: =G10*H10 -> 1275 | J10: 1
A11: TEAVA DIN OTEL ZN PT. INSTALATII, MONTATA IN COLOANE, LA CLAD.DE LOCUIT SI SOCIAL CULTURALE, 2 " - TEAVA INST.ZINC FL+MF M - 50(2 ) OL 32 1 S 7656 | H11: 36 | I11: =G10*H11 -> 612 | J11: 2
H12: 111 | I12: =I10+I11 -> 1887 | J12: 5
B13: 2 | C13: RPIF12A 99 | D13: M | G13: 17 | H13: 43 | I13: =G13*H13 -> 731 | J13: 1
A14: GRUNDUIREA SI VOPSIREA CONDUCTELOR DE INSTALATII,2 STRATURI,VOPSEA ULEI,DIAMETRUL EXTERIOR < 60 MM | H14: 22.36 | I14: =G13*H14 -> 380.12 | J14: 2
H15: 65.36 | I15: =I13+I14 -> 1111.12 | J15: 5
B16: 3 | C16: RPIZD02A 99 | D16: MP | G16: 5 | H16: 40 | I16: =G16*H16 -> 200 | J16: 1
A17: IZOL COND CU SALTELE DIN VATA STICL SAU MIN TIP I SAU P CONF SANT CU CIRC PESTE TERMOIZ < 35CM INCL | H17: 12 | I17: =G16*H17 -> 60 | J17: 2
H18: =H17+H16 -> 52 | I18: =I16+I17 -> 260 | J18: 5
B19: 4 | C19: IC40E 99 | D19: BUCATA | G19: 12 | H19: 18 | I19: =G19*H19 -> 216 | J19: 1
A20: BRATARA PT.FIXARE COND.OL PT.INST.INC.CENTR.SAU GAZE D=11/4-2" MONT.PRIN DIBLURI EXP PE ZID BETON -BRATARI TEVI INSTALATII APA SI GAZE 2" | H20: 9.36 | I20: =G19*H20 -> 112.32 | J20: 2
H21: 27.36 | I21: =I19+I20 -> 328.32 | J21: 5
B22: 5 | C22: SA14B 99 | D22: M | G22: 552 | H22: 53 | I22: =G22*H22 -> 29256 | J22: 1
A23: TEAVA DIN MATERIAL PLASTIC(PE,PP,PP-R,SIMILAR),SUDURA PRIN POLIFUZIUNE,CONSTRUCTII IND, D=20MM -Teava din polipropilena compozita avand Dn 20x2,8 mm | H23: 25.44 | I23: =G22*H23 -> 14042.88 | J23: 2
H24: 78.44 | I24: =I22+I23 -> 43298.88 | J24: 5
B25: 6 | C25: SA14C 99 | D25: M | G25: 42 | H25: 55 | I25: =G25*H25 -> 2310 | J25: 1
A26: TEAVA DIN MATERIAL PLASTIC(PE,PP,PP-R,SIMILAR),SUDURA PRIN POLIFUZIUNE,CONSTRUCTII IND, D=25MM - Teava din polipropilena compozita avand Dn 25x3,5 mm | H26: 28.6 | I26: =G25*H26 -> 1201.2 | J26: 2
H27: 83.6 | I27: =I25+I26 -> 3511.2 | J27: 5
B28: 7 | C28: SA14D 99 | D28: M | G28: 102 | H28: 64 | I28: =G28*H28 -> 6528 | J28: 1
A29: TEAVA DIN MATERIAL PLASTIC(PE,PP,PP-R,SIMILAR),SUDURA PRIN POLIFUZIUNE,CONSTRUCTII IND, D=32MM - Teava din polipropilena compozita avand Dn 32x4,4 mm | H29: 30.72 | I29: =G28*H29 -> 3133.44 | J29: 2
H30: 94.72 | I30: =I28+I29 -> 9661.44 | J30: 5
B31: 8 | C31: SA14E 99 | D31: M | G31: 25 | H31: 75 | I31: =G31*H31 -> 1875 | J31: 1
A32: TEAVA DIN MATERIAL PLASTIC(PE,PP,PP-R,SIMILAR),SUDURA PRIN POLIFUZIUNE,CONSTRUCTII IND, D=40MM - Teava din polipropilena compozita avand Dn 40x5,5 mm | H32: 39 | I32: =G31*H32 -> 975 | J32: 2
H33: 114 | I33: =I31+I32 -> 2850 | J33: 5
B34: 9 | C34: SA14F 99 | D34: M | G34: 17 | H34: 86 | I34: =G34*H34 -> 1462 | J34: 1
A35: TEAVA DIN MATERIAL PLASTIC(PE,PP,PP-R,SIMILAR),SUDURA PRIN POLIFUZIUNE,CONSTRUCTII IND, D=50MM, PP-R ALBA CU FIBRA PN20 SDR 7,4 D.50X6,9MM L=3M | H35: 41.28 | I35: =G34*H35 -> 701.76 | J35: 2
H36: 127.28 | I36: =I34+I35 -> 2163.76 | J36: 5
B37: 10 | C37: SA14G 99 | D37: M | G37: 8 | H37: 94 | I37: =G37*H37 -> 752 | J37: 1
A38: TEAVA DIN MATERIAL PLASTIC(PE,PP,PP-R,SIMILAR),SUDURA PRIN POLIFUZIUNE,CONSTRUCTII IND, D=63MM, PP-R ALBA CU FIBRA PN20 SDR 7,4 D.63X8,6MM L=3M | H38: 48.88 | I38: =G37*H38 -> 391.04 | J38: 2
H39: 142.88 | I39: =I37+I38 -> 1143.04 | J39: 5
B40: 11 | C40: IZD07A 09 | D40: M | G40: 552 | H40: 14 | I40: =G40*H40 -> 7728 | J40: 1
A41: IZOLARE TUBURI (TEVI) POLIETILENA DIN PERETI SI PARDOSEALA CU IZOLATIE TIP TUBOLIT S, IZOLATIE TERMICA K-FLEX (BARA 2 M) 6 X 22 | H41: 6.72 | I41: =G40*H41 -> 3709.44 | J41: 2
H42: 20.72 | I42: =I40+I41 -> 11437.44 | J42: 5
B43: 12 | C43: IZD07A 09 | D43: M | G43: 42 | H43: 16 | I43: =G43*H43 -> 672 | J43: 1
A44: IZOLARE TUBURI (TEVI) POLIETILENA DIN PERETI SI PARDOSEALA CU IZOLATIE TIP TUBOLIT S,IZOLATIE TERMICA K-FLEX (BARA 2 M) 6 X 28 , Idem, pt. teava de 25 mm | H44: 8.32 | I44: =G43*H44 -> 349.44 | J44: 2
H45: 24.32 | I45: =I43+I44 -> 1021.44 | J45: 5
B46: 13 | C46: IZD07A 09 | D46: M | G46: 102 | H46: 19 | I46: =G46*H46 -> 1938 | J46: 1
B47: IZOLARE TUBURI (TEVI) POLIETILENA DIN PERETI SI PARDOSEALA CU IZOLATIE TIP TUBOLIT S, IZOLATIE TERMICA K-FLEX (BARA 2 M) 6 X 35, Idem, pt. teava de 32 mm | H47: 9.12 | I47: =G46*H47 -> 930.24 | J47: 2
H48: 28.12 | I48: =I46+I47 -> 2868.24 | J48: 5
B49: 14 | C49: IZD07A 09 | D49: M | G49: 25 | H49: 23 | I49: =G49*H49 -> 575 | J49: 1
B50: IZOLARE TUBURI (TEVI) POLIETILENA DIN PERETI SI PARDOSEALA CU IZOLATIE TIP TUBOLIT S , IZOLATIE TERMICA K-FLEX (BARA 2 M) 6 X 42, Idem, pt. teava de 40 mm | H50: 11.96 | I50: =G49*H50 -> 299 | J50: 2
H51: 34.96 | I51: =I49+I50 -> 874 | J51: 5
B52: 15 | C52: IZD07A 09 | D52: M | G52: 17 | H52: 25 | I52: =G52*H52 -> 425 | J52: 1
B53: IZOLARE TUBURI (TEVI) POLIETILENA DIN PERETI SI PARDOSEALA CU IZOLATIE TIP TUBOLIT S , IZOLATIE TERMICA K-FLEX (BARA 2 M) 9 X 54, Idem, pt. teava de 50 mm | H53: 12 | I53: =G52*H53 -> 204 | J53: 2
H54: 37 | I54: =I52+I53 -> 629 | J54: 5
B55: 16 | C55: IZD07A 09 | D55: M | G55: 8 | H55: 29 | I55: =G55*H55 -> 232 | J55: 1
B56: IZOLARE TUBURI (TEVI) POLIETILENA DIN PERETI SI PARDOSEALA CU IZOLATIE TIP TUBOLIT S , IZOLATIE TERMICA K-FLEX (BARA 2 M) 9 X 64 , Idem, pt. teava de 63 mm | H56: 15.08 | I56: =G55*H56 -> 120.64 | J56: 2
H57: 44.08 | I57: =I55+I56 -> 352.64 | J57: 5
B58: 17 | C58: RPIZD31B 99 | D58: M | G58: 620 | H58: 4 | I58: =G58*H58 -> 2480 | J58: 1
B59: ETANSAREA SAU FIXAREA PROT DIN TABLA LA IMBIN SAU A IZOL CU INELE DIN BANDA AL 1 X 20 MM, Banda perforata 12 mm latime si 0.75 mm grosime | H59: 2 | I59: =G58*H59 -> 1240 | J59: 2
H60: 0 | I60: =I58+I59 -> 3720 | J60: 5
B61: 18 | C61: IC40D 99 | D61: BUCATA | G61: 178 | H61: 12 | I61: =G61*H61 -> 2136 | J61: 1
A62: BRATARA PT.FIXARE COND.OL PT.INST.INC.CENTR.SAU GAZE D PANA LA 1" MONT.PRIN DIBLURI EXP PE ZID BETON - BRATARI TEVI INSTALATII APA SI GAZE 1" | H62: 6.24 | I62: =G61*H62 -> 1110.72 | J62: 2
H63: 18.24 | I63: =I61+I62 -> 3246.72 | J63: 5
B64: 19 | C64: SA14E 99 | D64: M | G64: 51 | H64: 50 | I64: =G64*H64 -> 2550 | J64: 1
A65: TEAVA DIN MATERIAL PLASTIC(PE,PP,PP-R,SIMILAR),SUDURA PRIN POLIFUZIUNE,CONSTRUCTII IND, D=40MM, TEAVA POLIETILENA INALTA DENSITATE,PE80 pt. refulare pompe/base | H65: 24 | I65: =G64*H65 -> 1224 | J65: 2
H66: 74 | I66: =I64+I65 -> 3774 | J66: 5
B67: 20 | C67: SB08A 99 | D67: M | G67: 102 | H67: 47 | I67: =G67*H67 -> 4794 | J67: 1
B68: TEAVA DIN MAT.PLASTIC(PE,PP,PP-R)PT.CANAL, APARENT- INGROPATA SUB PARDOSEALA, IMB. GARNITURA,D= 32MM, Teava polipropilena canalizare, D 32mm | H68: 24.44 | I68: =G67*H68 -> 2492.88 | J68: 2
H69: 71.44 | I69: =I67+I68 -> 7286.88 | J69: 5
B70: 21 | C70: SB08C 99 | D70: M | G70: 102 | H70: 63 | I70: =G70*H70 -> 6426 | J70: 1
B71: TEAVA DIN MAT.PLASTIC(PE,PP,PP-R)PT.CANAL, APARENT- INGROPATA SUB PARDOSEALA, IMB. GARNITURA,D= 50MM, Teava polipropilena canalizare, D 50mm | H71: 30.24 | I71: =G70*H71 -> 3084.48 | J71: 2
H72: 93.24 | I72: =I70+I71 -> 9510.48 | J72: 5
B73: 22 | C73: SB08E 99 | D73: M | G73: 255 | H73: 67.142857 | I73: =G73*H73 -> 17121.429 | J73: 1
B74: TEAVA DIN MAT.PLASTIC(PE,PP,PP-R)PT.CANAL, APARENT- INGROPATA SUB PARDOSEALA, IMB. GARNITURA,D=110MM - Teava polipropilena canalizare, D 110mm | H74: 34.914286 | I74: =G73*H74 -> 8903.1429 | J74: 2
H75: 102.05714 | I75: =I73+I74 -> 26024.571 | J75: 5
B76: 23 | C76: SB09A 99 | D76: BUCATA | G76: 170 | H76: 16.428571 | I76: =G76*H76 -> 2792.8571 | J76: 1
B77: PIESE DE LEGATURA, MAT. PLASTIC (PE,PP,PP-R) PT.CANALIZARE, IMBINARE CU GARNITURA , D= 32 MM , Fitinguri polipropilena canalizare, D 32mm | H77: 7.8857143 | I77: =G76*H77 -> 1340.5714 | J77: 2
H78: 24.314286 | I78: =I76+I77 -> 4133.4286 | J78: 5
B79: 24 | C79: SB09C 99 | D79: BUCATA | G79: 59 | H79: 20.714286 | I79: =G79*H79 -> 1222.1429 | J79: 1
B80: PIESE DE LEGATURA, MAT. PLASTIC (PE,PP,PP-R) PT.CANALIZARE, IMBINARE CU GARNITURA, D= 50MM , Fitinguri polipropilena canalizare, D 50mm | H80: 10.771429 | I80: =G79*H80 -> 635.51429 | J80: 2
H81: 31.485714 | I81: =I79+I80 -> 1857.6571 | J81: 5
B82: 25 | C82: SB09E 99 | D82: BUCATA | G82: 170 | H82: 26.428571 | I82: =G82*H82 -> 4492.8571 | J82: 1
B83: PIESE DE LEGATURA, MAT. PLASTIC (PE,PP,PP-R) PT.CANALIZARE, IMBINARE CU GARNITURA, D= 110MM , Fitinguri polipropilena canalizare, D 110mm | H83: 12.685714 | I83: =G82*H83 -> 2156.5714 | J83: 2
H84: 39.114286 | I84: =I82+I83 -> 6649.4286 | J84: 5
B85: 26 | C85: SB08E 99 | D85: M | G85: 204 | H85: 123 | I85: =G85*H85 -> 25092 | J85: 1
A86: TEAVA DIN MAT.PLASTIC(PE,PP,PP-R)PT.CANAL, APARENT- INGROPATA SUB PARDOSEALA, IMB. GARNITURA,D=110MM, Teava PEHD PN 4 bar, D 110x4.3 mm, tip GEBERIT pt. canalizare | H86: 58.4 | I86: =G85*H86 -> 11913.6 | J86: 2
H87: 181.4 | I87: =I85+I86 -> 37005.6 | J87: 5
B88: 27 | C88: SB28A 99 | D88: BUCATA | G88: 8 | H88: 58 | I88: =G88*H88 -> 464 | J88: 1
A89: SIFON DE PARDOSEALA DIN POLIPROPILENA, AVIND DIAMETRUL IESIRII DE 50 MM , 1 IESIRE D50 , 4 INTR. D40, VIZITABIL | H89: 27.84 | I89: =G88*H89 -> 222.72 | J89: 2
H90: 85.84 | I90: =I88+I89 -> 686.72 | J90: 5
B91: 28 | C91: SB30A 99 | D91: KG | G91: 170 | H91: 32 | I91: =G91*H91 -> 5440 | J91: 1
A92: SUPORTI PT. SUSTINEREA CONDUCTELOR PENTRU CANALIZARE, AVIND GREUTATE DE PINA LA 2 KG, SUPORTI, STELAJE, ETC. ZINCATE | H92: 16.64 | I92: =G91*H92 -> 2828.8 | J92: 2
H93: 48.64 | I93: =I91+I92 -> 8268.8 | J93: 5
B94: 29 | C94: SB27A 99 | D94: BUCATA | G94: 5 | H94: 12 | I94: =G94*H94 -> 60 | J94: 1
A95: CACIULA DE VENTILATIE,DIN TABLA,MONTATA PE COLOANE DE AERISIRE, D=50...150MM, CACIULA PENTRU VENTILATIE DN= 100 | H95: 5.76 | I95: =G94*H95 -> 28.8 | J95: 2
H96: 17.76 | I96: =I94+I95 -> 88.8 | J96: 5
B97: 30 | C97: SB26A 99 | D97: BUCATA | G97: 4 | H97: 329 | I97: =G97*H97 -> 1316 | J97: 1
B98: GURA DE SCURGERE,FONTA EMAILATA,PT. EVACUAREA APELOR DE PE TERASE-ACPERISURII,D=100-150 MM, Receptor terasa D 100mm | H98: 171.08 | I98: =G97*H98 -> 684.32 | J98: 2
H99: 500.08 | I99: =I97+I98 -> 2000.32 | J99: 5
B100: 31 | C100: SF01A 99 | D100: M | G100: 765 | H100: 0 | I100: =G100*H100 -> 0 | J100: 1
...

Sheet O.03 D.02
A1: Formular F3 | J1: 1
A2: Obiectiv: UTCB REAB.,CONS.CFDP CORP C22-C.NOU
A3: LISTA_x000D_ cu cantitatile de lucrari pe categorii de lucrari
A4: Obiect: 03 INST.SANITARE
A5: Categorie: 02 INST.HIDRANTI INTERIORI | I5: [ ron ]
B6: Nr. | C6: Capitol lucrari | D6: U/M | G6: Cantitatea | H6: Pretul unitar | I6: Valoare
B7: Crt. | C7: Simbol | H7: a)materiale
C8: Denumire resursa | H8: b)manopera
C9: Observatii | H9: c)utilaj
C10: Corectii | H10: d)transport
C11: Liste Anexe | H11: Total(a+b+c+d)
B12: 1 | C12: SA03F 99 | D12: M | G12: 102 | H12: 90 | I12: =G12*H12 -> 9180 | J12: 1
A13: TEAVA DIN OTEL ZN PT. INSTALATII, MONTATA IN COLOANE, LA CLAD.DE LOCUIT SI SOCIAL CULTURALE, 2 " , TEAVA INST.ZINC FL+MF M - 50(2 ) OL 32 1 S 7656 | H13: 61.2 | I13: =G12*H13 -> 6242.4 | J13: 2
H14: 151.2 | I14: =I12+I13 -> 15422.4 | J14: 5
B15: 2 | C15: SA38F 99 | D15: BUCATA | G15: 80 | H15: 21.6 | I15: =G15*H15 -> 1728 | J15: 1
A16: BRATARA PT.FIXAREA COND.DE ALIM.CU APA SI GAZE,OTEL SAU PVC ,MONTATA PRIN IMPUSCARE, D= 2" , BRATARI TEVI INSTALATII APA SI GAZE | H16: 13.6 | I16: =G15*H16 -> 1088 | J16: 2
H17: 35.2 | I17: =I15+I16 -> 2816 | J17: 5
B18: 3 | C18: SA35A 99 | D18: BUCATA | G18: 17 | H18: 61.2 | I18: =G18*H18 -> 1040.4 | J18: 1
A19: FITINGURI-FONTA MALEABILA,INSURUBARE,LA TEVILE DIN OTEL PT.INSTAL-ZINCATE,IN COL.PT.HIDRANTI INTR,2" , Mufa din fonta maleabila D=2" | H19: 40.8 | I19: =G18*H19 -> 693.6 | J19: 2
H20: 102 | I20: =I18+I19 -> 1734 | J20: 5
B21: 4 | C21: SA35A 99 | D21: BUCATA | G21: 42 | H21: 61.2 | I21: =G21*H21 -> 2570.4 | J21: 1
A22: FITINGURI-FONTA MALEABILA,INSURUBARE,LA TEVILE DIN OTEL PT.INSTAL-ZINCATE,IN COL.PT.HIDRANTI INTR,2" , COT FONTA MALEABILA A1 | H22: 40.8 | I22: =G21*H22 -> 1713.6 | J22: 2
H23: 102 | I23: =I21+I22 -> 4284 | J23: 5
B24: 5 | C24: SA35A 99 | D24: BUCATA | G24: 12 | H24: 61.2 | I24: =G24*H24 -> 734.4 | J24: 1
A25: FITINGURI-FONTA MALEABILA,INSURUBARE,LA TEVILE DIN OTEL PT.INSTAL-ZINCATE,IN COL.PT.HIDRANTI INTR,2", TEU FONTA MAL B1 S476 DN= 50 | H25: 40.8 | I25: =G24*H25 -> 489.6 | J25: 2
H26: 102 | I26: =I24+I25 -> 1224 | J26: 5
B27: 6 | C27: SD17B 99 | D27: BUCATA | G27: 14 | H27: 0 | I27: =G27*H27 -> 0 | J27: 1
A28: HIDRANT INTERIOR, PENTRU CLADIRI, CU DIAMETRUL DE 2", PE PERETE (CUTIE+RAMA) | H28: 516.8 | I28: =G27*H28 -> 7235.2 | J28: 2
H29: 516.8 | I29: =I27+I28 -> 7235.2 | J29: 5
B30: 7 | C30: SA04A 99 | D30: M | G30: 2 | H30: 31.2 | I30: =G30*H30 -> 62.4 | J30: 1
A31: TEAVA DIN OTEL ZN PT. INSTALATII, MONTATA IN COND.DISTRIB, LA CLAD.DE LOCUIT SI SOCIAL CULT, 1/2 " , TEAVA INST.ZINC FL+MF M - 15( 1/2) OL | H31: 20.4 | I31: =G30*H31 -> 40.8 | J31: 2
H32: 51.6 | I32: =I30+I31 -> 103.2 | J32: 5
B33: 8 | C33: SA38A 99 | D33: BUCATA | G33: 2 | H33: 10.8 | I33: =G33*H33 -> 21.6 | J33: 1
A34: BRATARA PT.FIXAREA COND.DE ALIM.CU APA SI GAZE,OTEL SAU PVC ,MONTATA PRIN IMPUSCARE, D= 1/2" | H34: 6.8 | I34: =G33*H34 -> 13.6 | J34: 2
H35: 17.6 | I35: =I33+I34 -> 35.2 | J35: 5
B36: 9 | C36: SA35A 99 | D36: BUCATA | G36: 1 | H36: 61.2 | I36: =G36*H36 -> 61.2 | J36: 1
A37: FITINGURI-FONTA MALEABILA,INSURUBARE,LA TEVILE DIN OTEL PT.INSTAL-ZINCATE,IN COL.PT.HIDRANTI INTR,2" , Teu din fonta maleabila 2"-1/2"-2" | H37: 40.8 | I37: =G36*H37 -> 40.8 | J37: 2
H38: 102 | I38: =I36+I37 -> 102 | J38: 5
B39: 10 | C39: SD07A 99 | D39: BUCATA | G39: 1 | H39: 38.4 | I39: =G39*H39 -> 38.4 | J39: 1
A40: ROBINET DE TRECERE CU VENTIL SI MUFE, CU SAU FARA DESCARCARE,PT.TEVI DIN OTEL, D=3/8-1/2" , ROBINET TREC. FONTA 1/2" A VENT+MUFA PN10 | H40: 25.84 | I40: =G39*H40 -> 25.84 | J40: 2
H41: 64.24 | I41: =I39+I40 -> 64.24 | J41: 5
B42: 11 | C42: IA18B 99 | D42: BUCATA | G42: 1 | H42: 112.8 | I42: =G42*H42 -> 112.8 | J42: 1
A43: HIDROMETRU SAU MANOMETRU CU ROBINET DE CONTROL | H43: 76.16 | I43: =G42*H43 -> 76.16 | J43: 2
H44: 188.96 | I44: =I42+I43 -> 188.96 | J44: 5
B45: 12 | C45: SF01A 99 | D45: M | G45: 102 | H45: 0 | I45: =G45*H45 -> 0 | J45: 1
A46: EFECTUAREA PROBEI DE ETANSEITATE LA PRESIUNE A INSTAL. APA, EXEC.CU COND.OL.PT.INSTAL,ZN., 3/8"-2 | H46: 4.08 | I46: =G45*H46 -> 416.16 | J46: 2
H47: 4.08 | I47: =I45+I46 -> 416.16 | J47: 5
B48: 13 | C48: SF02A 99 | D48: ZECI M | G48: 10.2 | H48: 0 | I48: =G48*H48 -> 0 | J48: 1
A49: EFECTUAREA PROBEI DE FUNCTIONARE A INSTALATIEI DE APA RECE, CU COND.OL.PT.INSTAL.,ZN, D=3/8" - 2" | H49: 4.08 | I49: =G48*H49 -> 41.616 | J49: 2
H50: 4.08 | I50: =I48+I49 -> 41.616 | J50: 5
B51: 14 | C51: SA33D 99 | D51: BUCATA | G51: 10.2 | H51: 14.4 | I51: =G51*H51 -> 146.88 | J51: 1
A52: CONF. SI MONT. TEVII DE PROTECTIE,OTEL PT.INSTAL.,NEAGRA, LA TRECEREA CONDUCT. PRIN PLANSEE D= 2" , TEAVA INST.NEAGRA NEFIL.M - 50(2 ) OL 32 | H52: 4.08 | I52: =G51*H52 -> 41.616 | J52: 2
H53: 18.48 | I53: =I51+I52 -> 188.496 | J53: 5
B54: Cheltuieli directe | E54: =SUMIF(J12:J53,"1",I12:I53) -> 15696.48 | F54: =SUMIF(J12:J53,"2",I12:I53) -> 18158.992 | I54: =SUMIF(J12:J53,"5",I12:I53) -> 33855.472 | K54: =SUMIF(J12:J53,"3",K12:K53) -> 0 | L54: =SUMIF(J12:J53,"3",L12:L53) -> 0 | M54: =SUMIF(J12:J53,"3",M12:M53) -> 0 | N54: =SUMIF(J12:J53,"4",N12:N53) -> 0 | O54: =SUMIF(J12:J53,"4",O12:O53) -> 0 | P54: =SUMIF(J12:J53,"4",P12:P53) -> 0 | Q54: =SUMIF(J12:J53,"4",Q12:Q53) -> 0 | R54: =SUMIF(J12:J53,"4",R12:R53) -> 0 | S54: =SUMIF(J12:J53,"4",S12:S53) -> 0

Sheet O.03 D.03
A1: Formular F3 | J1: 1
A2: Obiectiv: UTCB REAB.,CONS.CFDP CORP C22-C.NOU
A3: LISTA_x000D_ cu cantitatile de lucrari pe categorii de lucrari
A4: Obiect: 03 INST.SANITARE
A5: Categorie: 03 STATIE DE POMPARE INCENDIU | I5: [ ron ]
B6: Nr. | C6: Capitol lucrari | D6: U/M | G6: Cantitatea | H6: Pretul unitar | I6: Valoare
B7: Crt. | C7: Simbol | H7: a)materiale
C8: Denumire resursa | H8: b)manopera
C9: Observatii | H9: c)utilaj
C10: Corectii | H10: d)transport
C11: Liste Anexe | H11: Total(a+b+c+d)
B12: 1 | C12: SA04C 99 | D12: M | G12: 12 | H12: 37.5 | I12: =G12*H12 -> 450 | J12: 1
A13: TEAVA DIN OTEL ZN PT. INSTALATII, MONTATA IN COND.DISTRIB, LA CLAD.DE LOCUIT SI SOCIAL CULT, 1 " , TEAVA INST.ZINC FL+MF M - 25(1 ) OL 32 | H13: 29.92 | I13: =G12*H13 -> 359.04 | J13: 2
H14: 67.42 | I14: =I12+I13 -> 809.04 | J14: 5
B15: 2 | C15: SA04F 99 | D15: M | G15: 17 | H15: 75 | I15: =G15*H15 -> 1275 | J15: 1
A16: TEAVA DIN OTEL ZN PT. INSTALATII, MONTATA IN COND.DISTRIB, LA CLAD.DE LOCUIT SI SOCIAL CULT, 2 " , TEAVA INST.ZINC FL+MF M - 50(2 ) OL 32 | H16: 61.2 | I16: =G15*H16 -> 1040.4 | J16: 2
H17: 136.2 | I17: =I15+I16 -> 2315.4 | J17: 5
B18: 3 | C18: SA04E 99 | D18: M | G18: 8 | H18: 56.25 | I18: =G18*H18 -> 450 | J18: 1
A19: TEAVA DIN OTEL ZN PT. INSTALATII, MONTATA IN COND.DISTRIB, LA CLAD.DE LOCUIT SI SOCIAL CULT, 1 1/2 " , TEAVA INST.ZINC FL+MF M - 40(1 1/2) OL 32 | H19: 44.88 | I19: =G18*H19 -> 359.04 | J19: 2
H20: 101.13 | I20: =I18+I19 -> 809.04 | J20: 5
B21: 4 | C21: SA41C2 82 | D21: BUCATA | G21: 17 | H21: 99.99 | I21: =G21*H21 -> 1699.83 | J21: 1
A22: FLANSA ROTUNDA PLATA,PT.SUDARE,LA CONDUCTE DIN TEAVA NEAGRA DE OTEL PT.INSTAL,PN 6;10;16ATM,D= 50MM | H22: 80.24 | I22: =G21*H22 -> 1364.08 | J22: 2
H23: 180.23 | I23: =I21+I22 -> 3063.91 | J23: 5
B24: 5 | C24: SA38C 99 | D24: BUCATA | G24: 12 | H24: 13 | I24: =G24*H24 -> 156 | J24: 1
A25: BRATARA PT.FIXAREA COND.DE ALIM.CU APA SI GAZE,OTEL SAU PVC ,MONTATA PRIN IMPUSCARE, D= 1" | H25: 9.52 | I25: =G24*H25 -> 114.24 | J25: 2
H26: 22.52 | I26: =I24+I25 -> 270.24 | J26: 5
B27: 6 | C27: SA38E 99 | D27: BUCATA | G27: 8 | H27: 16 | I27: =G27*H27 -> 128 | J27: 1
A28: BRATARA PT.FIXAREA COND.DE ALIM.CU APA SI GAZE,OTEL SAU PVC ,MONTATA PRIN IMPUSCARE, D= 1 1/2" | H28: 12.24 | I28: =G27*H28 -> 97.92 | J28: 2
H29: 28.24 | I29: =I27+I28 -> 225.92 | J29: 5
B30: 7 | C30: SA38F 99 | D30: BUCATA | G30: 17 | H30: 18 | I30: =G30*H30 -> 306 | J30: 1
A31: BRATARA PT.FIXAREA COND.DE ALIM.CU APA SI GAZE,OTEL SAU PVC ,MONTATA PRIN IMPUSCARE, D= 2" | H31: 13.6 | I31: =G30*H31 -> 231.2 | J31: 2
H32: 31.6 | I32: =I30+I31 -> 537.2 | J32: 5
B33: 8 | C33: SA35A 99 | D33: BUCATA | G33: 17 | H33: 51 | I33: =G33*H33 -> 867 | J33: 1
A34: FITINGURI-FONTA MALEABILA,INSURUBARE,LA TEVILE DIN OTEL PT.INSTAL-ZINCATE,IN COL.PT.HIDRANTI INTR,2", COT FONTA MALEABILA A1 | H34: 40.8 | I34: =G33*H34 -> 693.6 | J34: 2
H35: 91.8 | I35: =I33+I34 -> 1560.6 | J35: 5
B36: 9 | C36: SA35A 99 | D36: BUCATA | G36: 2 | H36: 51 | I36: =G36*H36 -> 102 | J36: 1
A37: FITINGURI-FONTA MALEABILA,INSURUBARE,LA TEVILE DIN OTEL PT.INSTAL-ZINCATE,IN COL.PT.HIDRANTI INTR,2", TEU FONTA MAL B1 S476 DN= 50 | H37: 40.8 | I37: =G36*H37 -> 81.6 | J37: 2
H38: 91.8 | I38: =I36+I37 -> 183.6 | J38: 5
B39: 10 | C39: SA35A 99 | D39: BUCATA | G39: 2 | H39: 36 | I39: =G39*H39 -> 72 | J39: 1
A40: FITINGURI-FONTA MALEABILA,INSURUBARE,LA TEVILE DIN OTEL PT.INSTAL-ZINCATE,IN COL.PT.HIDRANTI INTR,2", REDUCTIE FONTA MALEABILA N4 S 477 50X 40 ZN F2 | H40: 28.56 | I40: =G39*H40 -> 57.12 | J40: 2
H41: 64.56 | I41: =I39+I40 -> 129.12 | J41: 5
B42: 11 | C42: SD06A 99 | D42: BUCATA | G42: 3 | H42: 32 | I42: =G42*H42 -> 96 | J42: 1
A43: ROBINET DE TRECERE CU MUFA SI RACORD OLANDEZ, PENTRU TEAVA DIN OTEL, D= 3/8-1/2" , Robinet cu ventil sferic (bila), cu olandez cu d=1/2" | H43: 25.84 | I43: =G42*H43 -> 77.52 | J43: 2
H44: 57.84 | I44: =I42+I43 -> 173.52 | J44: 5
B45: 12 | C45: SD06C 99 | D45: BUCATA | G45: 2 | H45: 45 | I45: =G45*H45 -> 90 | J45: 1
A46: ROBINET DE TRECERE CU MUFA SI RACORD OLANDEZ, PENTRU TEAVA DIN OTEL, D= 1" , Robinet cu ventil sferic (bila), cu olandez cu d=1" (goliri) | H46: 36.72 | I46: =G45*H46 -> 73.44 | J46: 2
H47: 81.72 | I47: =I45+I46 -> 163.44 | J47: 5
B48: 13 | C48: IA18J 99 | D48: BUCATA | G48: 4 | H48: 14 | I48: =G48*H48 -> 56 | J48: 1
A49: STUT CU ROBINET DE CONTROL PENTRU ARMATURI D=1/2" pentru montare manometru | H49: 10.88 | I49: =G48*H49 -> 43.52 | J49: 2
H50: 24.88 | I50: =I48+I49 -> 99.52 | J50: 5
B51: 14 | C51: SD09C 99 | D51: BUCATA | G51: 8 | H51: 344 | I51: =G51*H51 -> 2752 | J51: 1
A52: ROBINET CU VENTIL CU FILETUL TIJEI LA INTERIOR,DIN FONTA CU FLANSA,DREPT SAU DE COLT,D=50-65MM , ROB.SERT.PANA A PU FC PN= 4 D= 50 | H52: 272 | I52: =G51*H52 -> 2176 | J52: 2
H53: 616 | I53: =I51+I52 -> 4928 | J53: 5
B54: 15 | C54: IA18B 99 | D54: BUCATA | G54: 3 | H54: 94 | I54: =G54*H54 -> 282 | J54: 1
A55: HIDROMETRU SAU MANOMETRU CU ROBINET DE CONTROL | H55: 76.16 | I55: =G54*H55 -> 228.48 | J55: 2
H56: 170.16 | I56: =I54+I55 -> 510.48 | J56: 5
B57: 16 | C57: SD10B 99 | D57: BUCATA | G57: 2 | H57: 320 | I57: =G57*H57 -> 640 | J57: 1
A58: ROBINET DE COLT CU VENTIL CU PLUTITOR, PT.OPRIREA ALIM. CU APA A REZERVOARELOR TAMPON, D=1 1/4-1 1/2 , ROBINET RETINERE VENTIL 1 1/2" PN 6 MUFA | H58: 261.12 | I58: =G57*H58 -> 522.24 | J58: 2
H59: 581.12 | I59: =I57+I58 -> 1162.24 | J59: 5
B60: 17 | C60: SD11C 99 | D60: BUCATA | G60: 2 | H60: 230 | I60: =G60*H60 -> 460 | J60: 1
A61: ROBINET DE RETINERE CU VENTIL DREPT DIN FONTA, CU FLANSE, D= 50-65 MM , ROBINET RETINERE VENTIL 2" PN 6 MUFA | H61: 179.52 | I61: =G60*H61 -> 359.04 | J61: 2
H62: 409.52 | I62: =I60+I61 -> 819.04 | J62: 5
B63: 18 | C63: IC48A 99 | D63: BUCATA | G63: 2 | H63: 450 | I63: =G63*H63 -> 900 | J63: 1
A64: COMPENSATOR DE DILATATIE IN FORMA DE U DIN TV.OL.FARA SUDURA /SUD.LG. PT.CONSTR.D=51-57X3,5 MM , ANTIVIBRANT 2"FF 80CM APA RECE | H64: 367.2 | I64: =G63*H64 -> 734.4 | J64: 2
H65: 817.2 | I65: =I63+I64 -> 1634.4 | J65: 5
B66: 19 | C66: SE56A 99 | D66: BUCATA | G66: 1 | H66: 180 | I66: =G66*H66 -> 180 | J66: 1
A67: FILTRU PT. APA POTABILA CU MUFE FILETATE PT. MONTAJ PE CONDUCTA,AVIND DIAMETRUL DE 1"-2" | H67: 136 | I67: =G66*H67 -> 136 | J67: 2
H68: 316 | I68: =I66+I67 -> 316 | J68: 5
B69: 20 | C69: SE58A 99 | D69: BUCATA | G69: 1 | H69: 840 | I69: =G69*H69 -> 840 | J69: 1
A70: CONTOARE DE APA RECE SI CALDA, AVIND DIAMETRUL DE : 15 - 25 MM , CONTOR CU ROTOR,MONOJET,INTR-IESIRE FILETATE,DN=25MM | H70: 489.6 | I70: =G69*H70 -> 489.6 | J70: 2
H71: 1329.6 | I71: =I69+I70 -> 1329.6 | J71: 5
B72: 21 | C72: IA18F 99 | D72: BUCATA | G72: 1 | H72: 0 | I72: =G72*H72 -> 0 | J72: 1
A73: FLUIER DE SEMNALIZARE PT.SUPRAPRESIUNE MONTAT CU FLANSA , Procurare + montaj Semnalizator acustic | H73: 0 | I73: =G72*H73 -> 0 | J73: 2
H74: 0 | I74: =I72+I73 -> 0 | J74: 5
B75: 22 | C75: SD19C 99 | D75: BUCATA | G75: 1 | H75: 138 | I75: =G75*H75 -> 138 | J75: 1
A76: ROBINET DE RETINERE CU VENTIL DREPT CU MUFE FILETATE, AVIND DIAMETRUL DE: 1 1/4"-1 1/2" , VENTIL DE RETINERE DIN OTEL PT NM3 DN 50 NTR 1-80 | H76: 111.52 | I76: =G75*H76 -> 111.52 | J76: 2
H77: 249.52 | I77: =I75+I76 -> 249.52 | J77: 5
B78: 23 | C78: SF01A 99 | D78: M | G78: 42 | H78: 0 | I78: =G78*H78 -> 0 | J78: 1
A79: EFECTUAREA PROBEI DE ETANSEITATE LA PRESIUNE A INSTAL. APA, EXEC.CU COND.OL.PT.INSTAL,ZN., 3/8"-2 | H79: 4.08 | I79: =G78*H79 -> 171.36 | J79: 2
H80: 4.08 | I80: =I78+I79 -> 171.36 | J80: 5
B81: 24 | C81: IZA07B 99 | D81: MP | G81: 76 | H81: 43 | I81: =G81*H81 -> 3268 | J81: 1
A82: VOPSIT.INST.(COND,CORP.RADIAT.CALOR.),MAN, CU: VOPS.ULEI PE COND.CU D.EXT. >60 MM, VOPSEA BRUNA | H82: 34 | I82: =G81*H82 -> 2584 | J82: 2
H83: 77 | I83: =I81+I82 -> 5852 | J83: 5
B84: 25 | C84: SE55A 99 | D84: BUCATA | G84: 1 | H84: 0 | I84: =G84*H84 -> 0 | J84: 1
A85: GRUP COMPACT DE RIDICARE A PRESIUNII SI DE POMPARE (ELECTROPOMPA,RECIPIENT HIDROPNEUMATIC) , HIDRANTI INTERIORI complet echipat | H85: 19720 | I85: =G84*H85 -> 19720 | J85: 2
H86: 19720 | I86: =I84+I85 -> 19720 | J86: 5
B87: 26 | C87: SE54D 99 | D87: BUCATA | G87: 2 | H87: 1800 | I87: =G87*H87 -> 3600 | J87: 1
A88: REZERVOR TAMPON DIN MATERIAL PLASTIC (POLIETILENA), CAPACITATE : 1500 - 2000 L , Rezervor tampon de apa de incendiu V=1.0mc Diam=800mm | H88: 136 | I88: =G87*H88 -> 272 | J88: 2
H89: 1936 | I89: =I87+I88 -> 3872 | J89: 5
B90: 27 | C90: SD14A 99 | D90: BUCATA | G90: 2 | H90: 430 | I90: =G90*H90 -> 860 | J90: 1
A91: SORB SIMPLU SAU CU VENTIL DE RETINERE,CU FLANSA, PT. CONDUCTE DE ASPIRATIE, D= 50-65 MM, SORB SIMPLU CU FLANSE PU DN= 50 PN=10 | H91: 340 | I91: =G90*H91 -> 680 | J91: 2
H92: 770 | I92: =I90+I91 -> 1540 | J92: 5
B93: 28 | C93: SD07C 99 | D93: BUCATA | G93: 3 | H93: 56 | I93: =G93*H93 -> 168 | J93: 1
A94: ROBINET DE TRECERE CU VENTIL SI MUFE, CU SAU FARA DESCARCARE,PT.TEVI DIN OTEL, D= 1" , ROBINET TREC. FONTA 1" B DESCARCARE PN10 | H94: 44.88 | I94: =G93*H94 -> 134.64 | J94: 2
H95: 100.88 | I95: =I93+I94 -> 302.64 | J95: 5
B96: 29 | C96: SE49A 99 | D96: BUCATA | G96: 1 | H96: 2300 | I96: =G96*H96 -> 2300 | J96: 1
A97: RECIPIENT PT.HIDROFOR, DIN TABLA DE OTEL, MONTAT PE FUNDATIE, CAPACITATE 160L SAU 250L | H97: 1768 | I97: =G96*H97 -> 1768 | J97: 2
H98: 4068 | I98: =I96+I97 -> 4068 | J98: 5
B99: Cheltuieli directe | E99: =SUMIF(J12:J98,"1",I12:I98) -> 22135.83 | F99: =SUMIF(J12:J98,"2",I12:I98) -> 34680 | I99: =SUMIF(J12:J98,"5",I12:I98) -> 56815.83 | K99: =SUMIF(J12:J98,"3",K12:K98) -> 0 | L99: =SUMIF(J12:J98,"3",L12:L98) -> 0 | M99: =SUMIF(J12:J98,"3",M12:M98) -> 0 | N99: =SUMIF(J12:J98,"4",N12:N98) -> 0 | O99: =SUMIF(J12:J98,"4",O12:O98) -> 0 | P99: =SUMIF(J12:J98,"4",P12:P98) -> 0 | Q99: =SUMIF(J12:J98,"4",Q12:Q98) -> 0 | R99: =SUMIF(J12:J98,"4",R12:R98) -> 0 | S99: =SUMIF(J12:J98,"4",S12:S98) -> 0

Sheet O.03 D.04
A1: Formular F3 | J1: 1
A2: Obiectiv: UTCB REAB.,CONS.CFDP CORP C22-C.NOU
A3: LISTA_x000D_ cu cantitatile de lucrari pe categorii de lucrari
A4: Obiect: 03 INST.SANITARE
A5: Categorie: 04 RETEA EXT.CANALIZARE MENAJERA | I5: [ ron ]
B6: Nr. | C6: Capitol lucrari | D6: U/M | G6: Cantitatea | H6: Pretul unitar | I6: Valoare
B7: Crt. | C7: Simbol | H7: a)materiale
C8: Denumire resursa | H8: b)manopera
C9: Observatii | H9: c)utilaj
C10: Corectii | H10: d)transport
C11: Liste Anexe | H11: Total(a+b+c+d)
B12: 1 | C12: ACD01G1 82 | D12: BUCATA | G12: 1 | H12: 700 | I12: =G12*H12 -> 700 | J12: 1
A13: CAPAC SI RAMA STAS 2308-81 PENTRU CAMINE CU PIESA SUPORT NECAROSABIL TIP I $ | H13: 571.2 | I13: =G12*H13 -> 571.2 | J13: 2
H14: 1036 | I14: =I12+I13 -> 1271.2 | J14: 5
B15: 2 | C15: RPACF14E 99 | D15: BUCATA | G15: 1 | H15: 4930 | I15: =G15*H15 -> 4930 | J15: 1
A16: CAMINE DE VIZITARE CU H=2 M, SECTIUNEA CIRCULARA, D = 1000 MM | H16: 1392 | I16: =G15*H16 -> 1392 | J16: 2
H17: 7296.4 | I17: =I15+I16 -> 6322 | J17: 5
B18: 3 | C18: ACD18B 99 | D18: M | G18: 51 | H18: 46 | I18: =G18*H18 -> 2346 | J18: 1
A19: MONTAREA TV. PVC TIP M-3 PT.SCURGERE,IMB.LIPIRE,INEXT.CLADIRILOR, LA 2 M ADANC. D = 75 - 125 MM , TEAVA PVC CU MUFA SI GARNIT. SN4/SDR41 D=110X3,2MM L=1M | H19: 36.72 | I19: =G18*H19 -> 1872.72 | J19: 2
H20: 67.6 | I20: =I18+I19 -> 4218.72 | J20: 5
B21: 4 | C21: DF15XA 93 | D21: M | G21: 34 | H21: 20.4 | I21: =G21*H21 -> 693.6 | J21: 1
A22: MARCAJ LONGITUDINAL CU BANDA DIN MATERIAL TERMOPLASTIC REFLECTORIZANT, BANDA DIN MATERIAL TERMOPLASTIC REFLECTORIZANTA | H22: 3.2 | I22: =G21*H22 -> 108.8 | J22: 2
H23: 25.84 | I23: =I21+I22 -> 802.4 | J23: 5
B24: 5 | C24: RPCA01B1 82 | D24: M CUB | G24: 24 | H24: 0 | I24: =G24*H24 -> 0 | J24: 1
A25: SAPATURA DE PAMINT IN SPATII LIMITATE SUB 1,00 M LATIME SI 1,50 M ADINCIME CU MALURI SPRIJINITE * | H25: 0 | I25: =G24*H25 -> 0 | J25: 2
H26: 0 | I26: =I24+I25 -> 0 | J26: 5
B27: 6 | C27: ACE08A1 82 | D27: M CUB | G27: 10 | H27: 0 | I27: =G27*H27 -> 0 | J27: 1
A28: UMPLUTURA IN SANT.LA COND.DE ALIM.CU APA SI CANALIZARE CU: NISIP $ | H28: 640 | I28: =G27*H28 -> 6400 | J28: 2
H29: 1088 | I29: =I27+I28 -> 6400 | J29: 5
B30: 7 | C30: TSD01C1 82 | D30: M CUB | G30: 14 | H30: 0 | I30: =G30*H30 -> 0 | J30: 1
A31: IMPRASTIEREA CU LOPATA A PAMINT.AFINAT,STRAT UNIFORM 10-30CM.GROS CU SFARIM.BULG.TEREN TARE | H31: 0 | I31: =G30*H31 -> 0 | J31: 2
H32: 0 | I32: =I30+I31 -> 0 | J32: 5
B33: 8 | C33: TSD04C1 82 | D33: M CUB | G33: 14 | H33: 0 | I33: =G33*H33 -> 0 | J33: 1
A34: COMPACTAREA CU MAI.DE MINA A UMPLUT.EXECUT.PE STRAT.CU UDAREA FIEC.STRAT DE 20CM GROS.T.NECOEZIV | H34: 0 | I34: =G33*H34 -> 0 | J34: 2
H35: 0 | I35: =I33+I34 -> 0 | J35: 5
B36: 9 | C36: TSD13A1 82 | D36: M CUB | G36: 1.4 | H36: 0 | I36: =G36*H36 -> 0 | J36: 1
A37: UDAREA MAN.CU STROPIT.A STRATURILOR DE PAM.SI A SUPRAF.INSAMINTATE SAU BRAZDUITE | H37: 0 | I37: =G36*H37 -> 0 | J37: 2
H38: 0 | I38: =I36+I37 -> 0 | J38: 5
B39: 10 | C39: SF04B 99 | D39: ZECI M | G39: 5 | H39: 0 | I39: =G39*H39 -> 0 | J39: 1
A40: EFECTUAREA PROBEI DE ETANSEITATE SI FUCTIONARE A INSTALATIEI DE CANALIZARE(INDIFERENT MAT.),D=>100MM | H40: 32 | I40: =G39*H40 -> 160 | J40: 2
H41: 54.4 | I41: =I39+I40 -> 160 | J41: 5
B42: Cheltuieli directe | E42: =SUMIF(J12:J41,"1",I12:I41) -> 8669.6 | F42: =SUMIF(J12:J41,"2",I12:I41) -> 10504.72 | I42: =SUMIF(J12:J41,"5",I12:I41) -> 19174.32 | K42: =SUMIF(J12:J41,"3",K12:K41) -> 0 | L42: =SUMIF(J12:J41,"3",L12:L41) -> 0 | M42: =SUMIF(J12:J41,"3",M12:M41) -> 0 | N42: =SUMIF(J12:J41,"4",N12:N41) -> 0 | O42: =SUMIF(J12:J41,"4",O12:O41) -> 0 | P42: =SUMIF(J12:J41,"4",P12:P41) -> 0 | Q42: =SUMIF(J12:J41,"4",Q12:Q41) -> 0 | R42: =SUMIF(J12:J41,"4",R12:R41) -> 0 | S42: =SUMIF(J12:J41,"4",S12:S41) -> 0

Sheet O.04 D.01
A1: Formular F3 | J1: 1
A2: Obiectiv: UTCB REAB.,CONS.CFDP CORP C22-C.NOU
A3: LISTA_x000D_ cu cantitatile de lucrari pe categorii de lucrari
A4: Obiect: 04 INST.TERMICE
A5: Categorie: 01 INST.TERMICE RADIAT.+C.T. | I5: [ ron ]
B6: Nr. | C6: Capitol lucrari | D6: U/M | G6: Cantitatea | H6: Pretul unitar | I6: Valoare
B7: Crt. | C7: Simbol | H7: a)materiale
C8: Denumire resursa | H8: b)manopera
C9: Observatii | H9: c)utilaj
C10: Corectii | H10: d)transport
C11: Liste Anexe | H11: Total(a+b+c+d)
B12: 1 | C12: IB06C 99 | D12: BUCATA | G12: 7 | H12: 740 | I12: =G12*H12 -> 5180 | J12: 1
A13: RADIATOARE DIN OTEL, MONOBLOC AVAND LUNGIMEA DE 1501 -2000 MM , Radiator monobloc de otel 22/600/2000, tip ECORAD | H13: 355.2 | I13: =G12*H13 -> 2486.4 | J13: 2
H14: 1095.2 | I14: =I12+I13 -> 7666.4 | J14: 5
B15: 2 | C15: IB06C 99 | D15: BUCATA | G15: 11 | H15: 555 | I15: =G15*H15 -> 6105 | J15: 1
A16: RADIATOARE DIN OTEL, MONOBLOC AVAND LUNGIMEA DE 1501 -2000 MM, Radiator monobloc de otel 22/600/1600 | H16: 266.4 | I16: =G15*H16 -> 2930.4 | J16: 2
H17: 821.4 | I17: =I15+I16 -> 9035.4 | J17: 5
B18: 3 | C18: IB06B 99 | D18: BUCATA | G18: 37 | H18: 495 | I18: =G18*H18 -> 18315 | J18: 1
A19: RADIATOARE DIN OTEL, MONOBLOC AVAND LUNGIMEA DE 1001 -1500 MM , Radiator monobloc de otel 22/600/1400 | H19: 237.6 | I19: =G18*H19 -> 8791.2 | J19: 2
H20: 732.6 | I20: =I18+I19 -> 27106.2 | J20: 5
B21: 4 | C21: IB06B 99 | D21: BUCATA | G21: 17 | H21: 428 | I21: =G21*H21 -> 7276 | J21: 1
A22: RADIATOARE DIN OTEL, MONOBLOC AVAND LUNGIMEA DE 1001 -1500 MM , Radiator monobloc de otel 22/600/1200 | H22: 205.44 | I22: =G21*H22 -> 3492.48 | J22: 2
H23: 633.44 | I23: =I21+I22 -> 10768.48 | J23: 5
B24: 5 | C24: IB06B 99 | D24: BUCATA | G24: 6 | H24: 344 | I24: =G24*H24 -> 2064 | J24: 1
A25: RADIATOARE DIN OTEL, MONOBLOC AVAND LUNGIMEA DE 1001 -1500 MM, Radiator monobloc de otel 22/600/1100 | H25: 229.33333 | I25: =G24*H25 -> 1376 | J25: 2
H26: =H25+H24 -> 573.33333 | I26: =I24+I25 -> 3440 | J26: 5
B27: 6 | C27: IB06A 99 | D27: BUCATA | G27: 12 | H27: 403 | I27: =G27*H27 -> 4836 | J27: 1
A28: RADIATOARE DIN OTEL, MONOBLOC AVAND LUNGIMEA DE PANA LA 1000 MM, INCLUSIV, Radiator monobloc de otel 22/600/1000 | H28: 268.66667 | I28: =G27*H28 -> 3224 | J28: 2
H29: =H28+H27 -> 671.66667 | I29: =I27+I28 -> 8060 | J29: 5
B30: 7 | C30: IB06A 99 | D30: BUCATA | G30: 6 | H30: 327 | I30: =G30*H30 -> 1962 | J30: 1
A31: RADIATOARE DIN OTEL, MONOBLOC AVAND LUNGIMEA DE PANA LA 1000 MM, INCLUSIV , Radiator monobloc de otel 22/600/900 | H31: 156.96 | I31: =G30*H31 -> 941.76 | J31: 2
H32: 483.96 | I32: =I30+I31 -> 2903.76 | J32: 5
B33: 8 | C33: IB06A 99 | D33: BUCATA | G33: 8 | H33: 319 | I33: =G33*H33 -> 2552 | J33: 1
A34: RADIATOARE DIN OTEL, MONOBLOC AVAND LUNGIMEA DE PANA LA 1000 MM, INCLUSIV , Radiator monobloc de otel 22/600/800 | H34: 153.12 | I34: =G33*H34 -> 1224.96 | J34: 2
H35: 472.12 | I35: =I33+I34 -> 3776.96 | J35: 5
B36: 9 | C36: IB06A 99 | D36: BUCATA | G36: 10 | H36: 243 | I36: =G36*H36 -> 2430 | J36: 1
A37: RADIATOARE DIN OTEL, MONOBLOC AVAND LUNGIMEA DE PANA LA 1000 MM, INCLUSIV, Radiator monobloc de otel 22/600/600 | H37: 116.64 | I37: =G36*H37 -> 1166.4 | J37: 2
H38: 359.64 | I38: =I36+I37 -> 3596.4 | J38: 5
B39: 10 | C39: IB06A 99 | D39: BUCATA | G39: 1 | H39: 235 | I39: =G39*H39 -> 235 | J39: 1
A40: RADIATOARE DIN OTEL, MONOBLOC AVAND LUNGIMEA DE PANA LA 1000 MM, INCLUSIV , Radiator monobloc de otel 11/600/1000, tip ECORAD | H40: 112.8 | I40: =G39*H40 -> 112.8 | J40: 2
H41: 347.8 | I41: =I39+I40 -> 347.8 | J41: 5
B42: 11 | C42: IB06A 99 | D42: BUCATA | G42: 4 | H42: 155 | I42: =G42*H42 -> 620 | J42: 1
A43: RADIATOARE DIN OTEL, MONOBLOC AVAND LUNGIMEA DE PANA LA 1000 MM, INCLUSIV , Radiator monobloc de otel 11/600/600 | H43: 74.4 | I43: =G42*H43 -> 297.6 | J43: 2
H44: 229.4 | I44: =I42+I43 -> 917.6 | J44: 5
B45: 12 | C45: IB06A 99 | D45: BUCATA | G45: 6 | H45: 138 | I45: =G45*H45 -> 828 | J45: 1
A46: RADIATOARE DIN OTEL, MONOBLOC AVAND LUNGIMEA DE PANA LA 1000 MM, INCLUSIV, Radiator monobloc de otel 11/600/500 | H46: 66.24 | I46: =G45*H46 -> 397.44 | J46: 2
H47: 204.24 | I47: =I45+I46 -> 1225.44 | J47: 5
B48: 13 | C48: IB05A 99 | D48: BUCATA | G48: 11 | H48: 3200 | I48: =G48*H48 -> 35200 | J48: 1
A49: RADIATOARE DIN ALUMINIU CORPUL DE RADIATOR AVAND PANA LA 10 ELEMENTE ,INCLUSIV, ELEMENT DE RADIATOR DIN ALUMINIU MODEL 1800 | H49: 700 | I49: =G48*H49 -> 7700 | J49: 2
H50: 4736 | I50: =I48+I49 -> 42900 | J50: 5
B51: 14 | C51: IB05A 99 | D51: BUCATA | G51: 1 | H51: 3200 | I51: =G51*H51 -> 3200 | J51: 1
A52: RADIATOARE DIN ALUMINIU CORPUL DE RADIATOR AVAND PANA LA 10 ELEMENTE ,INCLUSIV, ELEMENT DE RADIATOR DIN ALUMINIU MODEL 1800 | H52: 700 | I52: =G51*H52 -> 700 | J52: 2
H53: 4736 | I53: =I51+I52 -> 3900 | J53: 5
B54: 15 | C54: ID01A 99 | D54: BUCATA | G54: 48 | H54: 170 | I54: =G54*H54 -> 8160 | J54: 1
A55: ROBINET CU VENTIL DUBLU REGLAJ (TUR SAU RETUR) PTR.INST. DE INCALZIRE CENTRALA AVAND DN=3/8"-1/2" , Robinet tur 1/2", CALEFFI | H55: 81.6 | I55: =G54*H55 -> 3916.8 | J55: 2
H56: 251.6 | I56: =I54+I55 -> 12076.8 | J56: 5
B57: 16 | C57: ID01A 99 | D57: BUCATA | G57: 89 | H57: 168 | I57: =G57*H57 -> 14952 | J57: 1
A58: ROBINET CU VENTIL DUBLU REGLAJ (TUR SAU RETUR) PTR.INST. DE INCALZIRE CENTRALA AVAND DN=3/8"-1/2", Robinet tur termostatabil, CALEFFI | H58: 80.64 | I58: =G57*H58 -> 7176.96 | J58: 2
H59: 248.64 | I59: =I57+I58 -> 22128.96 | J59: 5
B60: 17 | C60: ID01A 99 | D60: BUCATA | G60: 137 | H60: 170 | I60: =G60*H60 -> 23290 | J60: 1
A61: ROBINET CU VENTIL DUBLU REGLAJ (TUR SAU RETUR) PTR.INST. DE INCALZIRE CENTRALA AVAND DN=3/8"-1/2", Robinet retur 1/2", CALEFFI | H61: 81.6 | I61: =G60*H61 -> 11179.2 | J61: 2
H62: 251.6 | I62: =I60+I61 -> 34469.2 | J62: 5
B63: 18 | C63: IC36F 99 | D63: M | G63: 40 | H63: 94 | I63: =G63*H63 -> 3760 | J63: 1
A64: TV POLIET.ARMATA DE INALTA DENSIT.,POLIPROP.ARMATA /NEARMATA D=63MM MONT.IN COL.LA INST.INC.CENTR., TEAVA GRI PP-R/AL PN20 SDR6 D=63X10,5MM | H64: 45.12 | I64: =G63*H64 -> 1804.8 | J64: 2
H65: 139.12 | I65: =I63+I64 -> 5564.8 | J65: 5
B66: 19 | C66: IC36E 99 | D66: M | G66: 27 | H66: 86 | I66: =G66*H66 -> 2322 | J66: 1
A67: TV POLIET.ARMATA DE INALTA DENSIT.,POLIPROP.ARMATA /NEARMATA D=50MM MONT.IN COL.LA INST.INC.CENTR., TEAVA GRI PP-R/AL PN20 SDR6 D=50X8,3MM | H67: 41.28 | I67: =G66*H67 -> 1114.56 | J67: 2
H68: 127.28 | I68: =I66+I67 -> 3436.56 | J68: 5
B69: 20 | C69: IC36D 99 | D69: M | G69: 27 | H69: 75 | I69: =G69*H69 -> 2025 | J69: 1
A70: TV POLIET.ARMATA DE INALTA DENSIT.,POLIPROP.ARMATA /NEARMATA D=40MM MONT.IN COL.LA INST.INC.CENTR. , TEAVA GRI PP-R/AL PN20 SDR6 D=40X6,7MM | H70: 36 | I70: =G69*H70 -> 972 | J70: 2
H71: 111 | I71: =I69+I70 -> 2997 | J71: 5
B72: 21 | C72: IC35D 99 | D72: M | G72: 64 | H72: 64 | I72: =G72*H72 -> 4096 | J72: 1
A73: TV POLIET.ARMATA INALTA DENS.,POLIPROP.ARMATA /NEARM D=32MM MONT.LA LEG.CORP INC.LA INST.INC.CENTR., TEAVA GRI PP-R/AL PN20 SDR6 D=32X5,4MM | H73: 30.72 | I73: =G72*H73 -> 1966.08 | J73: 2
H74: 94.72 | I74: =I72+I73 -> 6062.08 | J74: 5
B75: 22 | C75: IC35A 99 | D75: M | G75: 3560 | H75: 5.5 | I75: =G75*H75 -> 19580 | J75: 1
A76: TV POLIET.ARMATA INALTA DENS.,POLIPROP.ARMATA /NEARM D<18MM MONT.LA LEG.CORP INC.LA INST.INC.CENTR, TEAVA PEX CU BARIERA DE OXIGEN D.16X2,0 MM | H76: 3 | I76: =G75*H76 -> 10680 | J76: 2
H77: =H75+H76 -> 8.5 | I77: =I75+I76 -> 30260 | J77: 5
B78: 23 | C78: IC39B 99 | D78: BUCATA | G78: 6 | H78: 1692.3077 | I78: =G78*H78 -> 10153.846 | J78: 1
A79: DISTRIB/COLECTOR DIN CUPRU D=1" PT.RAC.CORPURI INC.LA INST.INC.CU TV. PLASTIC MONT PE ZID CARAM, COLECTOR QUADRO 1" CU 11 CIRC.SI ROB.INCHIDERE 3/4", Distribuitor REHAU 1" - 16 cu 11 circuite | H79: 812.30769 | I79: =G78*H79 -> 4873.8462 | J79: 2
H80: 2504.6154 | I80: =I78+I79 -> 15027.692 | J80: 5
B81: 24 | C81: IC39B 99 | D81: BUCATA | G81: 8 | H81: 1384.6154 | I81: =G81*H81 -> 11076.923 | J81: 1
A82: DISTRIB/COLECTOR DIN CUPRU D=1" PT.RAC.CORPURI INC.LA INST.INC.CU TV. PLASTIC MONT PE ZID CARAM, Distribuitor REHAU 1" - 16 cu 10 circuite, COLECTOR BARA 1"- 10 CIRC.CAPTETE TERMOST.EUROCON 3/4" | H82: 664.61538 | I82: =G81*H82 -> 5316.9231 | J82: 2
H83: 2049.2308 | I83: =I81+I82 -> 16393.846 | J83: 5
B84: 25 | C84: IC39B 99 | D84: BUCATA | G84: 5 | H84: 1353.8462 | I84: =G84*H84 -> 6769.2308 | J84: 1
A85: DISTRIB/COLECTOR DIN CUPRU D=1" PT.RAC.CORPURI INC.LA INST.INC.CU TV. PLASTIC MONT PE ZID CARAM, Distribuitor REHAU 1" - 16 cu 9 circuite, COLECTOR QUADRO 1" CU 9 CIRC.SI ROB.INCHIDERE 3/4" | H85: 649.84615 | I85: =G84*H85 -> 3249.2308 | J85: 2
H86: 2003.6923 | I86: =I84+I85 -> 10018.462 | J86: 5
B87: 26 | C87: IC39B 99 | D87: BUCATA | G87: 3 | H87: 1230.7692 | I87: =G87*H87 -> 3692.3077 | J87: 1
A88: DISTRIB/COLECTOR DIN CUPRU D=1" PT.RAC.CORPURI INC.LA INST.INC.CU TV. PLASTIC MONT PE ZID CARAM, Distribuitor REHAU 1" - 16 cu 8 circuite, COLECTOR QUADRO 1" CU 8 CIRC.SI ROB.INCHIDERE 3/4" | H88: 590.76923 | I88: =G87*H88 -> 1772.3077 | J88: 2
H89: 1821.5385 | I89: =I87+I88 -> 5464.6154 | J89: 5
B90: 27 | C90: 00613B5E 02 | D90: BUCATA | G90: 23 | H90: 84 | I90: =G90*H90 -> 1932 | J90: 1
A91: TEU ALAMA PT. PEXAL TIP FI 26 X 1" | H91: 40.32 | I91: =G90*H91 -> 927.36 | J91: 2
H92: 124.32 | I92: =I90+I91 -> 2859.36 | J92: 5
B93: 28 | C93: 00613B2D 02 | D93: BUCATA | G93: 47 | H93: 38 | I93: =G93*H93 -> 1786 | J93: 1
A94: MUFA /COT ALAMA PT. PEXAL TIP FI /FE 20 X 1/2" | H94: 18.24 | I94: =G93*H94 -> 857.28 | J94: 2
H95: 56.24 | I95: =I93+I94 -> 2643.28 | J95: 5
B96: 29 | C96: ID06A 99 | D96: BUCATA | G96: 23 | H96: 54 | I96: =G96*H96 -> 1242 | J96: 1
A97: DEZAERATOR AUTOMAT DE COLOANA 1/2", LA DISTRIBUITOARELE DE INCALZIRE | H97: 25.92 | I97: =G96*H97 -> 596.16 | J97: 2
H98: 79.92 | I98: =I96+I97 -> 1838.16 | J98: 5
B99: 30 | C99: ID04A 99 | D99: BUCATA | G99: 23 | H99: 45 | I99: =G99*H99 -> 1035 | J99: 1
A100: ROBINET DE GOLIRE 1/2" MF CU PORTFURTUN | H100: 21.6 | I100: =G99*H100 -> 496.8 | J100: 2
...

Sheet O.05 D.01
A1: Formular F3 | J1: 1
A2: Obiectiv: UTCB REAB.,CONS.CFDP CORP C22-C.NOU
A3: LISTA_x000D_ cu cantitatile de lucrari pe categorii de lucrari
A4: Obiect: 05 INST.VENTILATII+CLIMATIZARE
A5: Categorie: 01 INST.CLIMATIZARE | I5: [ ron ]
B6: Nr. | C6: Capitol lucrari | D6: U/M | G6: Cantitatea | H6: Pretul unitar | I6: Valoare
B7: Crt. | C7: Simbol | H7: a)materiale
C8: Denumire resursa | H8: b)manopera
C9: Observatii | H9: c)utilaj
C10: Corectii | H10: d)transport
C11: Liste Anexe | H11: Total(a+b+c+d)
B12: 1 | C12: IC33D 99 | D12: M | G12: 93 | H12: 191.66667 | I12: =G12*H12 -> 17825 | J12: 1
A13: TEAVA DIN CUPRU DEXT=35MM MONT.PRIN SUDURA IN COND.DE DISTRIB.IN INST.DE INC.CENTRALA, Conducta cupru 34.9 mm pentru climatizare | H13: 92 | I13: =G12*H13 -> 8556 | J13: 2
H14: 283.66667 | I14: =I12+I13 -> 26381 | J14: 5
B15: 2 | C15: IC31D 99 | D15: M | G15: 46 | H15: 141.66667 | I15: =G15*H15 -> 6516.6667 | J15: 1
A16: TEAVA DIN CUPRU DEXT=28MM MONT.PRIN SUDURA LA LEG.CORP.INC. IN INST.DE INC.CENTRALA, Conducta cupru 28.6 mm pentru climatizare | H16: 68 | I16: =G15*H16 -> 3128 | J16: 2
H17: 209.66667 | I17: =I15+I16 -> 9644.6667 | J17: 5
B18: 3 | C18: IC31C 99 | D18: M | G18: 42 | H18: 108.33333 | I18: =G18*H18 -> 4550 | J18: 1
A19: TEAVA DIN CUPRU DEXT=22MM MONT.PRIN SUDURA LA LEG.CORP.INC. IN INST.DE INC.CENTRALA , Conducta cupru 22.2 mm pentru climatizare | H19: 52 | I19: =G18*H19 -> 2184 | J19: 2
H20: 160.33333 | I20: =I18+I19 -> 6734 | J20: 5
B21: 4 | C21: IC31B 99 | D21: M | G21: 80 | H21: 66.666667 | I21: =G21*H21 -> 5333.3333 | J21: 1
A22: TEAVA DIN CUPRU DEXT=18MM MONT.PRIN SUDURA LA LEG.CORP.INC. IN INST.DE INC.CENTRALA, Conducta cupru 19.1 mm pentru climatizare | H22: 32 | I22: =G21*H22 -> 2560 | J22: 2
H23: 98.666667 | I23: =I21+I22 -> 7893.3333 | J23: 5
B24: 5 | C24: IC31A 99 | D24: M | G24: 229 | H24: 50 | I24: =G24*H24 -> 11450 | J24: 1
A25: TEAVA DIN CUPRU DEXT<15MM MONT.PRIN SUDURA LA LEG.CORP.INC. IN INST.DE INC.CENTRALA, Conducta cupru 15.9 mm pentru climatizare | H25: 24 | I25: =G24*H25 -> 5496 | J25: 2
H26: 74 | I26: =I24+I25 -> 16946 | J26: 5
B27: 6 | C27: IC31A 99 | D27: M | G27: 255 | H27: 38.333333 | I27: =G27*H27 -> 9775 | J27: 1
A28: TEAVA DIN CUPRU DEXT<15MM MONT.PRIN SUDURA LA LEG.CORP.INC. IN INST.DE INC.CENTRALA, Conducta cupru 12.7 mm pentru climatizare | H28: 18.4 | I28: =G27*H28 -> 4692 | J28: 2
H29: 56.733333 | I29: =I27+I28 -> 14467 | J29: 5
B30: 7 | C30: IC31A 99 | D30: M | G30: 170 | H30: 26.666667 | I30: =G30*H30 -> 4533.3333 | J30: 1
A31: TEAVA DIN CUPRU DEXT<15MM MONT.PRIN SUDURA LA LEG.CORP.INC. IN INST.DE INC.CENTRALA, Conducta cupru 9.52 mm pentru climatizare | H31: 12.8 | I31: =G30*H31 -> 2176 | J31: 2
H32: 39.466667 | I32: =I30+I31 -> 6709.3333 | J32: 5
B33: 8 | C33: IC31A 99 | D33: M | G33: 272 | H33: 15 | I33: =G33*H33 -> 4080 | J33: 1
A34: TEAVA DIN CUPRU DEXT<15MM MONT.PRIN SUDURA LA LEG.CORP.INC. IN INST.DE INC.CENTRALA , Conducta cupru 6.35 mm pentru climatizare | H34: 7.2 | I34: =G33*H34 -> 1958.4 | J34: 2
H35: 22.2 | I35: =I33+I34 -> 6038.4 | J35: 5
B36: 9 | C36: IC34C 99 | D36: BUCATA | G36: 98 | H36: 41.666667 | I36: =G36*H36 -> 4083.3333 | J36: 1
A37: PIESE DE LEGATURA (FITING) DIN CUPRU CU 2 SUDURI D=22 MM MONT.PRIN SUDURA CU TV.DE CUPRU | H37: 20 | I37: =G36*H37 -> 1960 | J37: 2
H38: 61.666667 | I38: =I36+I37 -> 6043.3333 | J38: 5
B39: 10 | C39: IZD07A 09 | D39: M | G39: 1190 | H39: 3.3333333 | I39: =G39*H39 -> 3966.6667 | J39: 1
A40: IZOLARE TUBURI (TEVI) POLIETILENA DIN PERETI SI PARDOSEALA CU IZOLATIE TIP TUBOLIT S, Izolatie 9 mm grosime pentru trasee frigorifice cu diametrul 6.35 - 34.9 mm | H40: 1.6 | I40: =G39*H40 -> 1904 | J40: 2
H41: 4.9333333 | I41: =I39+I40 -> 5870.6667 | J41: 5
B42: 10 | C42: 7805330 | D42: M | G42: 93 | H42: 6.6666667 | I42: =G42*H42 -> 620 | J42: 1
A43: IZOLATIE TERMICA K-FLEX (BARA 2 M) 9 X 35 MM | H43: 3.2 | I43: =G42*H43 -> 297.6 | J43: 2
H44: 9.8666667 | I44: =I42+I43 -> 917.6 | J44: 5
B45: 10 | C45: 7805329 | D45: M | G45: 46 | H45: 5 | I45: =G45*H45 -> 230 | J45: 1
A46: IZOLATIE TERMICA K-FLEX (BARA 2 M) 9 X 28 MM | H46: 2.4 | I46: =G45*H46 -> 110.4 | J46: 2
H47: 7.4 | I47: =I45+I46 -> 340.4 | J47: 5
B48: 10 | C48: 7805328 | D48: M | G48: 42 | H48: 4.1666667 | I48: =G48*H48 -> 175 | J48: 1
A49: IZOLATIE TERMICA K-FLEX (BARA 2 M) 9 X 22 MM | H49: 2 | I49: =G48*H49 -> 84 | J49: 2
H50: 6.1666667 | I50: =I48+I49 -> 259 | J50: 5
B51: 10 | C51: 7805327 | D51: M | G51: 80 | H51: 3.3333333 | I51: =G51*H51 -> 266.66667 | J51: 1
A52: IZOLATIE TERMICA K-FLEX (BARA 2 M) 9 X 18 MM | H52: 1.6 | I52: =G51*H52 -> 128 | J52: 2
H53: 4.9333333 | I53: =I51+I52 -> 394.66667 | J53: 5
B54: 10 | C54: 7805326 | D54: M | G54: 229 | H54: 2.5 | I54: =G54*H54 -> 572.5 | J54: 1
A55: IZOLATIE TERMICA K-FLEX (BARA 2 M) 9 X 15 MM | H55: 1.2 | I55: =G54*H55 -> 274.8 | J55: 2
H56: 3.7 | I56: =I54+I55 -> 847.3 | J56: 5
B57: 10 | C57: 7805325 | D57: M | G57: 255 | H57: 1.6666667 | I57: =G57*H57 -> 425 | J57: 1
A58: IZOLATIE TERMICA K-FLEX (BARA 2 M) 9 X 12 MM | H58: 0.8 | I58: =G57*H58 -> 204 | J58: 2
H59: 2.4666667 | I59: =I57+I58 -> 629 | J59: 5
B60: 10 | C60: 7805324 | D60: M | G60: 170 | H60: 0.83333333 | I60: =G60*H60 -> 141.66667 | J60: 1
A61: IZOLATIE TERMICA K-FLEX (BARA 2 M) 9 X 10 MM | H61: 0.4 | I61: =G60*H61 -> 68 | J61: 2
H62: 1.2333333 | I62: =I60+I61 -> 209.66667 | J62: 5
B63: 10 | C63: 7805323 | D63: M | G63: 272 | H63: 0.83333333 | I63: =G63*H63 -> 226.66667 | J63: 1
A64: IZOLATIE TERMICA K-FLEX (BARA 2 M) 9 X 6 MM | H64: 0.4 | I64: =G63*H64 -> 108.8 | J64: 2
H65: 1.2333333 | I65: =I63+I64 -> 335.46667 | J65: 5
B66: 11 | C66: SA22C 99 | D66: M | G66: 34 | H66: 7.5 | I66: =G66*H66 -> 255 | J66: 1
A67: TEAVA MATERIAL PLASTIC, SUDURA -ELECTROFUZIUNE IN COND.DISTRIB, CLAD.LOCUIT-SOC.CULT.,D= 40MM | H67: 3.6 | I67: =G66*H67 -> 122.4 | J67: 2
H68: 11.1 | I68: =I66+I67 -> 377.4 | J68: 5
B69: 12 | C69: SA22B 99 | D69: M | G69: 178 | H69: 5.8333333 | I69: =G69*H69 -> 1038.3333 | J69: 1
A70: TEAVA MATERIAL PLASTIC, SUDURA -ELECTROFUZIUNE IN COND.DISTRIB, CLAD.LOCUIT-SOC.CULT.,D= 32MM, îmbinata prin termofusiune, inclusiv fitinguri, pentru evacuare condens climatizare | H70: 2.8 | I70: =G69*H70 -> 498.4 | J70: 2
H71: 8.6333333 | I71: =I69+I70 -> 1536.7333 | J71: 5
B72: 13 | C72: SA20B 99 | D72: M | G72: 157 | H72: 5 | I72: =G72*H72 -> 785 | J72: 1
A73: TEAVA DIN MATERIAL PLASTIC (PE,PP,PP-R),SUDURA -ELECTROFUZIUNE,IN COND.DE LEG.LA OB.SANITARE,D= 25MM, îmbinata prin termofusiune, inclusiv fitinguri, pentru evacuare condens climatizare | H73: 2.4 | I73: =G72*H73 -> 376.8 | J73: 2
H74: 7.4 | I74: =I72+I73 -> 1161.8 | J74: 5
B75: 14 | C75: SA20A 99 | D75: M | G75: 178 | H75: 3.3333333 | I75: =G75*H75 -> 593.33333 | J75: 1
A76: TEAVA DIN MATERIAL PLASTIC (PE,PP,PP-R),SUDURA -ELECTROFUZIUNE,IN COND.DE LEG.LA OB.SANITARE,D= 20MM, îmbinata prin termofusiune, inclusiv fitinguri, pentru evacuare condens climatizare | H76: 1.6 | I76: =G75*H76 -> 284.8 | J76: 2
H77: 4.9333333 | I77: =I75+I76 -> 878.13333 | J77: 5
B78: 15 | C78: SB08C 99 | D78: M | G78: 29 | H78: 5 | I78: =G78*H78 -> 145 | J78: 1
A79: TEAVA DIN MAT.PLASTIC(PE,PP,PP-R)PT.CANAL, APARENT- INGROPATA SUB PARDOSEALA, IMB. GARNITURA,D= 50MM, de canalizare, îmbinare cu mufa + garnitura | H79: 2.4 | I79: =G78*H79 -> 69.6 | J79: 2
H80: 7.4 | I80: =I78+I79 -> 214.6 | J80: 5
B81: 16 | C81: SB09C 99 | D81: BUCATA | G81: 10 | H81: 3.3333333 | I81: =G81*H81 -> 33.333333 | J81: 1
A82: PIESE DE LEGATURA, MAT. PLASTIC (PE,PP,PP-R) PT.CANALIZARE, IMBINARE CU GARNITURA, D= 50MM, (coturi + ramificatii) pentru coloana de scurgere | H82: 1.6 | I82: =G81*H82 -> 16 | J82: 2
H83: 4.9333333 | I83: =I81+I82 -> 49.333333 | J83: 5
B84: 17 | C84: SA38E 99 | D84: BUCATA | G84: 17 | H84: 10 | I84: =G84*H84 -> 170 | J84: 1
A85: BRATARA PT.FIXAREA COND.DE ALIM.CU APA SI GAZE,OTEL SAU PVC ,MONTATA PRIN IMPUSCARE, D= 1 1/2" | H85: 4.8 | I85: =G84*H85 -> 81.6 | J85: 2
H86: 14.8 | I86: =I84+I85 -> 251.6 | J86: 5
B87: 18 | C87: SA38D 99 | D87: BUCATA | G87: 25 | H87: 10 | I87: =G87*H87 -> 250 | J87: 1
A88: BRATARA PT.FIXAREA COND.DE ALIM.CU APA SI GAZE,OTEL SAU PVC ,MONTATA PRIN IMPUSCARE, D= 1 1/4" | H88: 4.8 | I88: =G87*H88 -> 120 | J88: 2
H89: 14.8 | I89: =I87+I88 -> 370 | J89: 5
B90: 19 | C90: SA38C 99 | D90: BUCATA | G90: 102 | H90: 6.6666667 | I90: =G90*H90 -> 680 | J90: 1
A91: BRATARA PT.FIXAREA COND.DE ALIM.CU APA SI GAZE,OTEL SAU PVC ,MONTATA PRIN IMPUSCARE, D= 1" | H91: 3.2 | I91: =G90*H91 -> 326.4 | J91: 2
H92: 9.8666667 | I92: =I90+I91 -> 1006.4 | J92: 5
B93: 20 | C93: SA38B 99 | D93: BUCATA | G93: 42 | H93: 5 | I93: =G93*H93 -> 210 | J93: 1
A94: BRATARA PT.FIXAREA COND.DE ALIM.CU APA SI GAZE,OTEL SAU PVC ,MONTATA PRIN IMPUSCARE, D= 3/4" | H94: 2.4 | I94: =G93*H94 -> 100.8 | J94: 2
H95: 7.4 | I95: =I93+I94 -> 310.8 | J95: 5
B96: 21 | C96: SA38A 99 | D96: BUCATA | G96: 34 | H96: 4.1666667 | I96: =G96*H96 -> 141.66667 | J96: 1
A97: BRATARA PT.FIXAREA COND.DE ALIM.CU APA SI GAZE,OTEL SAU PVC ,MONTATA PRIN IMPUSCARE, D= 1/2" | H97: 2 | I97: =G96*H97 -> 68 | J97: 2
H98: 6.1666667 | I98: =I96+I97 -> 209.66667 | J98: 5
B99: 22 | C99: EA15D 99 | D99: M | G99: 1 | H99: 28.333333 | I99: =G99*H99 -> 28.333333 | J99: 1
A100: SISTEM DE CANALETI-PLINTE, MONT.APARENT PE DIBLURI DIN PVC,LATIMEA > 30 MM, DIN METAL, CANALET DIN MATERIAL PLASTIC, 65 X 200 MM | H100: 13.6 | I100: =G99*H100 -> 13.6 | J100: 2
...

Sheet O.05 D.02
A1: Formular F3 | J1: 1
A2: Obiectiv: UTCB REAB.,CONS.CFDP CORP C22-C.NOU
A3: LISTA_x000D_ cu cantitatile de lucrari pe categorii de lucrari
A4: Obiect: 05 INST.VENTILATII+CLIMATIZARE
A5: Categorie: 02 INST.VENT.GR.SANIT.VAR.1 | I5: [ ron ]
B6: Nr. | C6: Capitol lucrari | D6: U/M | G6: Cantitatea | H6: Pretul unitar | I6: Valoare
B7: Crt. | C7: Simbol | H7: a)materiale
C8: Denumire resursa | H8: b)manopera
C9: Observatii | H9: c)utilaj
C10: Corectii | H10: d)transport
C11: Liste Anexe | H11: Total(a+b+c+d)
B12: 1 | C12: SB08E 99 | D12: M | G12: 29 | H12: 63 | I12: =G12*H12 -> 1827 | J12: 1
A13: TEAVA DIN MAT.PLASTIC(PE,PP,PP-R)PT.CANAL, APARENT- INGROPATA SUB PARDOSEALA, IMB. GARNITURA,D=110MM, TEVI DIN P.V.C.RIGID TIP M 110X 5,3 | H13: 42 | I13: =G12*H13 -> 1218 | J13: 2
H14: =H12+H13 -> 105 | I14: =I12+I13 -> 3045 | J14: 5
B15: 2 | C15: SB08F 99 | D15: M | G15: 29 | H15: 67 | I15: =G15*H15 -> 1943 | J15: 1
A16: TEAVA DIN MAT.PLASTIC(PE,PP,PP-R)PT.CANAL, APARENT- INGROPATA SUB PARDOSEALA, IMB. GARNITURA,D=125MM, TEVI DIN P.V.C.RIGID TIP M 125X 6 | H16: 55 | I16: =G15*H16 -> 1595 | J16: 2
H17: =H15+H16 -> 122 | I17: =I15+I16 -> 3538 | J17: 5
B18: 3 | C18: SB08G 99 | D18: M | G18: 18 | H18: 70 | I18: =G18*H18 -> 1260 | J18: 1
A19: TEAVA DIN MAT.PLASTIC(PE,PP,PP-R)PT.CANAL, APARENT- INGROPATA SUB PARDOSEALA, IMB. GARNITURA,D=160MM, TEVI DIN P.V.C.RIGID TIP M 150X 7,5 | H19: 46 | I19: =G18*H19 -> 828 | J19: 2
H20: =H18+H19 -> 116 | I20: =I18+I19 -> 2088 | J20: 5
B21: 4 | C21: SB08G 99 | D21: M | G21: 12 | H21: 76 | I21: =G21*H21 -> 912 | J21: 1
A22: TEAVA DIN MAT.PLASTIC(PE,PP,PP-R)PT.CANAL, APARENT- INGROPATA SUB PARDOSEALA, IMB. GARNITURA,D=200MM, TEVI DIN P.V.C.RIGID TIP M 210X10 | H22: 63 | I22: =G21*H22 -> 756 | J22: 2
H23: =H21+H22 -> 139 | I23: =I21+I22 -> 1668 | J23: 5
B24: 5 | C24: IC40F 99 | D24: BUCATA | G24: 28 | H24: 23 | I24: =G24*H24 -> 644 | J24: 1
A25: BRATARA PT.FIXARE COND.OL PT.INST.INC.CENTR.SAU GAZE D=11/4-2" MONT.PRIN DIBLURI EXP PE ZID BETON, BRIDA FIXARE D.110 CU DIBLU OL/ZN GARNIT. ANTIZGOMOT | H25: 15 | I25: =G24*H25 -> 420 | J25: 2
H26: =H24+H25 -> 38 | I26: =I24+I25 -> 1064 | J26: 5
B27: 6 | C27: IC40F 99 | D27: BUCATA | G27: 26 | H27: 28 | I27: =G27*H27 -> 728 | J27: 1
A28: BRATARA PT.FIXARE COND.OL PT.INST.INC.CENTR.SAU GAZE D=11/4-2" MONT.PRIN DIBLURI EXP PE ZID BETON, BRIDA FIXARE D.125 CU DIBLU OL/ZN GARNIT. ANTIZGOMOT | H28: 23 | I28: =G27*H28 -> 598 | J28: 2
H29: =H27+H28 -> 51 | I29: =I27+I28 -> 1326 | J29: 5
B30: 7 | C30: IC40F 99 | D30: BUCATA | G30: 10 | H30: 32 | I30: =G30*H30 -> 320 | J30: 1
A31: BRATARA PT.FIXARE COND.OL PT.INST.INC.CENTR.SAU GAZE D=11/4-2" MONT.PRIN DIBLURI EXP PE ZID BETON, BRIDA FIXARE D.160 CU DIBLU OL/ZN GARNIT. ANTIZGOMOT | H31: 21 | I31: =G30*H31 -> 210 | J31: 2
H32: =H30+H31 -> 53 | I32: =I30+I31 -> 530 | J32: 5
B33: 8 | C33: IC40F 99 | D33: BUCATA | G33: 4 | H33: 34 | I33: =G33*H33 -> 136 | J33: 1
A34: BRATARA PT.FIXARE COND.OL PT.INST.INC.CENTR.SAU GAZE D=11/4-2" MONT.PRIN DIBLURI EXP PE ZID BETON, BRIDA FIXARE D.200 CU DIBLU OL/ZN GARNIT. ANTIZGOMOT | H34: 28 | I34: =G33*H34 -> 112 | J34: 2
H35: =H33+H34 -> 62 | I35: =I33+I34 -> 248 | J35: 5
B36: 9 | C36: SB09E 99 | D36: BUCATA | G36: 32 | H36: 46 | I36: =G36*H36 -> 1472 | J36: 1
A37: PIESE DE LEGATURA, MAT. PLASTIC (PE,PP,PP-R) PT.CANALIZARE, IMBINARE CU GARNITURA, D= 110MM, Coturi Dn100 * 90° , COT PVC TIP U LA 87 GR.30M DN 110 | H37: 30 | I37: =G36*H37 -> 960 | J37: 2
H38: =H36+H37 -> 76 | I38: =I36+I37 -> 2432 | J38: 5
B39: 10 | C39: SB09F 99 | D39: BUCATA | G39: 18 | H39: 48 | I39: =G39*H39 -> 864 | J39: 1
A40: PIESE DE LEGATURA, MAT. PLASTIC (PE,PP,PP-R) PT.CANALIZARE, IMBINARE CU GARNITURA, D= 125MM, Coturi Dn125 * 90° , COT PVC TIP U LA 87 GR.30M DN 125 | H40: 40 | I40: =G39*H40 -> 720 | J40: 2
H41: =H39+H40 -> 88 | I41: =I39+I40 -> 1584 | J41: 5
B42: 11 | C42: SB09G 99 | D42: BUCATA | G42: 10 | H42: 54 | I42: =G42*H42 -> 540 | J42: 1
A43: PIESE DE LEGATURA, MAT. PLASTIC (PE,PP,PP-R) PT.CANALIZARE, IMBINARE CU GARNITURA, D= 160MM, Coturi Dn150 * 90°, COT PVC TIP U LA 87 GR.30M DN 160 | H43: 36 | I43: =G42*H43 -> 360 | J43: 2
H44: =H42+H43 -> 90 | I44: =I42+I43 -> 900 | J44: 5
B45: 12 | C45: SB09G 99 | D45: BUCATA | G45: 4 | H45: 58 | I45: =G45*H45 -> 232 | J45: 1
A46: PIESE DE LEGATURA, MAT. PLASTIC (PE,PP,PP-R) PT.CANALIZARE, IMBINARE CU GARNITURA, D= 200MM, asim. Coturi Dn200 * 90° | H46: 48 | I46: =G45*H46 -> 192 | J46: 2
H47: =H45+H46 -> 106 | I47: =I45+I46 -> 424 | J47: 5
B48: 13 | C48: SB09F 99 | D48: BUCATA | G48: 17 | H48: 20 | I48: =G48*H48 -> 340 | J48: 1
A49: PIESE DE LEGATURA, MAT. PLASTIC (PE,PP,PP-R) PT.CANALIZARE, IMBINARE CU GARNITURA, D= 125MM, Reductii JULIEN STILE 125/100, REDUCTIE EXCENTRICA PVC TIP U 125-110 MM | H49: 13 | I49: =G48*H49 -> 221 | J49: 2
H50: =H48+H49 -> 33 | I50: =I48+I49 -> 561 | J50: 5
B51: 14 | C51: SB09G 99 | D51: BUCATA | G51: 1 | H51: 23 | I51: =G51*H51 -> 23 | J51: 1
A52: PIESE DE LEGATURA, MAT. PLASTIC (PE,PP,PP-R) PT.CANALIZARE, IMBINARE CU GARNITURA, D= 160MM, Reductii JULIEN STILE 150/125 | H52: 18 | I52: =G51*H52 -> 18 | J52: 2
H53: =H51+H52 -> 41 | I53: =I51+I52 -> 41 | J53: 5
B54: 15 | C54: SB09G 99 | D54: BUCATA | G54: 1 | H54: 27 | I54: =G54*H54 -> 27 | J54: 1
A55: PIESE DE LEGATURA, MAT. PLASTIC (PE,PP,PP-R) PT.CANALIZARE, IMBINARE CU GARNITURA, D= 200MM, asim. Reductii JULIEN STILE 200/150 | H55: 18 | I55: =G54*H55 -> 18 | J55: 2
H56: =H54+H55 -> 45 | I56: =I54+I55 -> 45 | J56: 5
B57: 16 | C57: SB09E 99 | D57: BUCATA | G57: 6 | H57: 44 | I57: =G57*H57 -> 264 | J57: 1
A58: PIESE DE LEGATURA, MAT. PLASTIC (PE,PP,PP-R) PT.CANALIZARE, IMBINARE CU GARNITURA, D= 110MM, CONECTOR PT.TUB DRENAJ GOFRAT D= 110, Conectori JULIEN STILE | H58: 35 | I58: =G57*H58 -> 210 | J58: 2
H59: =H57+H58 -> 79 | I59: =I57+I58 -> 474 | J59: 5
B60: 17 | C60: SB09F 99 | D60: BUCATA | G60: 12 | H60: 48 | I60: =G60*H60 -> 576 | J60: 1
A61: PIESE DE LEGATURA, MAT. PLASTIC (PE,PP,PP-R) PT.CANALIZARE, IMBINARE CU GARNITURA, D= 125MM , CONECTOR PT.TUB DRENAJ GOFRAT D= 125 | H61: 30 | I61: =G60*H61 -> 360 | J61: 2
H62: =H60+H61 -> 78 | I62: =I60+I61 -> 936 | J62: 5
B63: 18 | C63: SB09G 99 | D63: BUCATA | G63: 12 | H63: 51 | I63: =G63*H63 -> 612 | J63: 1
A64: PIESE DE LEGATURA, MAT. PLASTIC (PE,PP,PP-R) PT.CANALIZARE, IMBINARE CU GARNITURA, D= 160MM | H64: 42 | I64: =G63*H64 -> 504 | J64: 2
H65: =H63+H64 -> 93 | I65: =I63+I64 -> 1116 | J65: 5
B66: 19 | C66: SB09G 99 | D66: BUCATA | G66: 4 | H66: 52 | I66: =G66*H66 -> 208 | J66: 1
A67: PIESE DE LEGATURA, MAT. PLASTIC (PE,PP,PP-R) PT.CANALIZARE, IMBINARE CU GARNITURA, D= 200MM | H67: 34 | I67: =G66*H67 -> 136 | J67: 2
H68: =H66+H67 -> 86 | I68: =I66+I67 -> 344 | J68: 5
B69: 20 | C69: SB10E 99 | D69: BUCATA | G69: 4 | H69: 35 | I69: =G69*H69 -> 140 | J69: 1
A70: PIESA DE LEGATURA (RAMIFICATIE SIMPLA), MAT. PLASTIC PT.CANALIZARE, IMBINARE CU GARNITURA,D=110MM, RAMIFICATIE EGALA CANAL PVC 87GR D.110X110MM | H70: 29 | I70: =G69*H70 -> 116 | J70: 2
H71: =H69+H70 -> 64 | I71: =I69+I70 -> 256 | J71: 5
B72: 21 | C72: SB10F 99 | D72: BUCATA | G72: 2 | H72: 36 | I72: =G72*H72 -> 72 | J72: 1
A73: PIESA DE LEGATURA (RAMIFICATIE SIMPLA), MAT. PLASTIC PT.CANALIZARE, IMBINARE CU GARNITURA,D=125MM , RAMIFICATIE EGALA CANAL PVC 87GR D.125X125MM | H73: 20 | I73: =G72*H73 -> 40 | J73: 2
H74: =H72+H73 -> 56 | I74: =I72+I73 -> 112 | J74: 5
B75: 22 | C75: SB10F 99 | D75: BUCATA | G75: 17 | H75: 38 | I75: =G75*H75 -> 646 | J75: 1
A76: PIESA DE LEGATURA (RAMIFICATIE SIMPLA), MAT. PLASTIC PT.CANALIZARE, IMBINARE CU GARNITURA,D=125MM , RAMIFICATIE REDUSA CANAL PVC 87GR D.125X110MM | H76: 31 | I76: =G75*H76 -> 527 | J76: 2
H77: =H75+H76 -> 69 | I77: =I75+I76 -> 1173 | J77: 5
B78: 23 | C78: SB10G 99 | D78: BUCATA | G78: 4 | H78: 44 | I78: =G78*H78 -> 176 | J78: 1
A79: PIESA DE LEGATURA (RAMIFICATIE SIMPLA), MAT. PLASTIC PT.CANALIZARE, IMBINARE CU GARNITURA,D=160MM, RAMIFICATIE REDUSA CANAL PVC 87GR D.160X125MM | H79: 29 | I79: =G78*H79 -> 116 | J79: 2
H80: =H78+H79 -> 73 | I80: =I78+I79 -> 292 | J80: 5
B81: 24 | C81: SB10G 99 | D81: BUCATA | G81: 4 | H81: 48 | I81: =G81*H81 -> 192 | J81: 1
A82: PIESA DE LEGATURA (RAMIFICATIE SIMPLA), MAT. PLASTIC PT.CANALIZARE, IMBINARE CU GARNITURA,D=200MM, RAMIFICATIE REDUSA CANAL PVC 87GR D.200X125MM | H82: 40 | I82: =G81*H82 -> 160 | J82: 2
H83: =H81+H82 -> 88 | I83: =I81+I82 -> 352 | J83: 5
B84: 25 | C84: SB27A 99 | D84: BUCATA | G84: 1 | H84: 14 | I84: =G84*H84 -> 14 | J84: 1
A85: CACIULA DE VENTILATIE,DIN TABLA,MONTATA PE COLOANE DE AERISIRE, D=50...150MM, CACIULA PENTRU VENTILATIE DN= 15 | H85: 9 | I85: =G84*H85 -> 9 | J85: 2
H86: =H84+H85 -> 23 | I86: =I84+I85 -> 23 | J86: 5
B87: 26 | C87: SB27A 99 | D87: BUCATA | G87: 1 | H87: 16 | I87: =G87*H87 -> 16 | J87: 1
A88: CACIULA DE VENTILATIE,DIN TABLA,MONTATA PE COLOANE DE AERISIRE, D=50...150MM, CACIULA PENTRU VENTILATIE DN= 150 | H88: 13 | I88: =G87*H88 -> 13 | J88: 2
H89: =H87+H88 -> 29 | I89: =I87+I88 -> 29 | J89: 5
B90: 27 | C90: VB14A1 82 | D90: BUCATA | G90: 34 | H90: 65 | I90: =G90*H90 -> 2210 | J90: 1
A91: PRIZA DE AER DET TIP 61/105 AVIND PERIMETRUL 700-1400 MM MONTATA PE ZIDARIE, GRILA ASPIRATIE RG 200X100 ALBA | H91: 43 | I91: =G90*H91 -> 1462 | J91: 2
H92: =H90+H91 -> 108 | I92: =I90+I91 -> 3672 | J92: 5
B93: 28 | C93: VC01F1 82 | D93: BUCATA | G93: 2 | H93: 0 | I93: =G93*H93 -> 0 | J93: 1
A94: MONTAREA VENTILATORULUI AXIAL GR.TOTALA 200-400KG | H94: 180 | I94: =G93*H94 -> 360 | J94: 2
H95: =H93+H94 -> 180 | I95: =I93+I94 -> 360 | J95: 5
B96: 29 | C96: VC22C1 82 | D96: KG | G96: 2 | H96: 580 | I96: =G96*H96 -> 1160 | J96: 1
A97: DISPOZITIV SUST.ANCOR PT.APARAT,CANALE PIESE SPEC GATA CONF DIN OTEL PROF.GREUT PE BUC 10-25 KG. | H97: 400 | I97: =G96*H97 -> 800 | J97: 2
H98: =H96+H97 -> 980 | I98: =I96+I97 -> 1960 | J98: 5
B99: 30 | C99: VA11A2 82 | D99: MP | G99: 0.75 | H99: 700 | I99: =G99*H99 -> 525 | J99: 1
A100: PIESE SPEC CONF.PE SANT.RAMIF.SECT.DREPT.CU PER. 250 - 400 MM DIN TABLA ZINCAT 0 5 MM | H100: 400 | I100: =G99*H100 -> 300 | J100: 2
...

Sheet O.06 D.01
A1: Formular F3 | J1: 1
A2: Obiectiv: UTCB REAB.,CONS.CFDP CORP C22-C.NOU
A3: LISTA_x000D_ cu cantitatile de lucrari pe categorii de lucrari
A4: Obiect: 06 INST.ELECTRICE
A5: Categorie: 01 INST.ELECTRICE | I5: [ ron ]
B6: Nr. | C6: Capitol lucrari | D6: U/M | G6: Cantitatea | H6: Pretul unitar | I6: Valoare
B7: Crt. | C7: Simbol | H7: a)materiale
C8: Denumire resursa | H8: b)manopera
C9: Observatii | H9: c)utilaj
C10: Corectii | H10: d)transport
C11: Liste Anexe | H11: Total(a+b+c+d)
B12: 1 | C12: EA15D 99 | D12: M | G12: 244 | H12: 0 | I12: =G12*H12 -> 0 | J12: 1
A13: SISTEM DE CANALETI-PLINTE, MONT.APARENT PE DIBLURI DIN PVC,LATIMEA > 30 MM, DIN METAL, Canal metalic 300 * 100 mm sustinere cabluri | H13: 0 | I13: =G12*H13 -> 0 | J13: 2
H14: =H12+H13 -> 0 | I14: =I12+I13 -> 0 | J14: 5
B15: 2 | C15: EA15D 99 | D15: M | G15: 102 | H15: 0 | I15: =G15*H15 -> 0 | J15: 1
A16: SISTEM DE CANALETI-PLINTE, MONT.APARENT PE DIBLURI DIN PVC,LATIMEA > 30 MM, DIN METAL, Canal metalic 200 * 60 mm sustinere cabluri | H16: 0 | I16: =G15*H16 -> 0 | J16: 2
H17: =H15+H16 -> 0 | I17: =I15+I16 -> 0 | J17: 5
B18: 3 | C18: EA01A 99 | D18: M | G18: 7601 | H18: 0 | I18: =G18*H18 -> 0 | J18: 1
A19: TUB DE PROTECTIE DIN MATERIAL PLASTIC, D.EXT. <= 25 MM, MONTAT INGROPAT, TUB IZOLAT TIP I.P. (BERGMAN) 13 | H19: 0 | I19: =G18*H19 -> 0 | J19: 2
H20: =H18+H19 -> 0 | I20: =I18+I19 -> 0 | J20: 5
B21: 4 | C21: EA01A 99 | D21: M | G21: 2040 | H21: 0 | I21: =G21*H21 -> 0 | J21: 1
A22: TUB DE PROTECTIE DIN MATERIAL PLASTIC, D.EXT. <= 25 MM, MONTAT INGROPAT, TUB IZOLAT TIP I.P. (BERGMAN) 16 | H22: 0 | I22: =G21*H22 -> 0 | J22: 2
H23: =H21+H22 -> 0 | I23: =I21+I22 -> 0 | J23: 5
B24: 5 | C24: EA01A 99 | D24: M | G24: 2720 | H24: 0 | I24: =G24*H24 -> 0 | J24: 1
A25: TUB DE PROTECTIE DIN MATERIAL PLASTIC, D.EXT. <= 25 MM, MONTAT INGROPAT, TUB IZOLAT TIP I.P.E.(PANTZER) 20 | H25: 0 | I25: =G24*H25 -> 0 | J25: 2
H26: =H24+H25 -> 0 | I26: =I24+I25 -> 0 | J26: 5
B27: 6 | C27: EA01A 99 | D27: M | G27: 120 | H27: 0 | I27: =G27*H27 -> 0 | J27: 1
A28: TUB DE PROTECTIE DIN MATERIAL PLASTIC, D.EXT. <= 25 MM, MONTAT INGROPAT, TUB IZOLAT TIP I.P. (BERGMAN) 25 | H28: 0 | I28: =G27*H28 -> 0 | J28: 2
H29: =H27+H28 -> 0 | I29: =I27+I28 -> 0 | J29: 5
B30: 7 | C30: EA01B 99 | D30: M | G30: 120 | H30: 0 | I30: =G30*H30 -> 0 | J30: 1
A31: TUB DE PROTECTIE DIN MATERIAL PLASTIC, D.EXT. > 25 MM, MONTAT INGROPAT, TUB IZOLAT TIP I.P. (BERGMAN) 32 | H31: 0 | I31: =G30*H31 -> 0 | J31: 2
H32: =H30+H31 -> 0 | I32: =I30+I31 -> 0 | J32: 5
B33: 8 | C33: EC01A 99 | D33: M | G33: 2584 | H33: 0 | I33: =G33*H33 -> 0 | J33: 1
A34: CABLU PT.INST.EL.LA LOC.DE LAMPA-PRIZA, S.COND.<4MMP, MONT.SCOABE PE:DIBLURI MAT.PLASTIC, Cablu Cyy 3*1.5, iluminat general | H34: 0 | I34: =G33*H34 -> 0 | J34: 2
H35: =H33+H34 -> 0 | I35: =I33+I34 -> 0 | J35: 5
B36: 9 | C36: EC01A 99 | D36: M | G36: 510 | H36: 0 | I36: =G36*H36 -> 0 | J36: 1
A37: CABLU PT.INST.EL.LA LOC.DE LAMPA-PRIZA,S.COND.<4MMP,MONT.SCOABE PE:DIBLURI MAT.PLASTIC , NHXH 3x1.5 mmp | H37: 0 | I37: =G36*H37 -> 0 | J37: 2
H38: =H36+H37 -> 0 | I38: =I36+I37 -> 0 | J38: 5
B39: 10 | C39: EC01A 99 | D39: M | G39: 3876 | H39: 0 | I39: =G39*H39 -> 0 | J39: 1
A40: CABLU PT.INST.EL.LA LOC.DE LAMPA-PRIZA,S.COND.<4MMP,MONT.SCOABE PE:DIBLURI MAT.PLASTIC, Cablu Cyy 3*2.5, prize si racorduri 230V | H40: 0 | I40: =G39*H40 -> 0 | J40: 2
H41: =H39+H40 -> 0 | I41: =I39+I40 -> 0 | J41: 5
B42: 11 | C42: EC03A 99 | D42: M | G42: 35 | H42: 0 | I42: =G42*H42 -> 0 | J42: 1
A43: CABLU PT.ENERGIE EL.,S.CONDUCTOR <=10 MMP, MONT.CU SCOABE PE CONSOLE FIX.CU BOLT.IMPLANTATE, NHXH 3x2.5 mmp | H43: 0 | I43: =G42*H43 -> 0 | J43: 2
H44: =H42+H43 -> 0 | I44: =I42+I43 -> 0 | J44: 5
B45: 12 | C45: EC03A 99 | D45: M | G45: 120 | H45: 0 | I45: =G45*H45 -> 0 | J45: 1
A46: CABLU PT.ENERGIE EL.,S.CONDUCTOR <=10 MMP, MONT.CU SCOABE PE CONSOLE FIX.CU BOLT.IMPLANTATE | H46: 0 | I46: =G45*H46 -> 0 | J46: 2
H47: =H45+H46 -> 0 | I47: =I45+I46 -> 0 | J47: 5
B48: 13 | C48: EC03A 99 | D48: M | G48: 382 | H48: 0 | I48: =G48*H48 -> 0 | J48: 1
A49: CABLU PT.ENERGIE EL.,S.CONDUCTOR <=10 MMP, MONT.CU SCOABE PE CONSOLE FIX.CU BOLT.IMPLANTATE | H49: 0 | I49: =G48*H49 -> 0 | J49: 2
H50: =H48+H49 -> 0 | I50: =I48+I49 -> 0 | J50: 5
B51: 14 | C51: EC03A 99 | D51: M | G51: 8 | H51: 0 | I51: =G51*H51 -> 0 | J51: 1
A52: CABLU PT.ENERGIE EL.,S.CONDUCTOR <=10 MMP, MONT.CU SCOABE PE CONSOLE FIX.CU BOLT.IMPLANTATE, CABLU NHXH 5*4 MMP | H52: 0 | I52: =G51*H52 -> 0 | J52: 2
H53: =H51+H52 -> 0 | I53: =I51+I52 -> 0 | J53: 5
B54: 15 | C54: EC03A 99 | D54: M | G54: 50 | H54: 0 | I54: =G54*H54 -> 0 | J54: 1
A55: CABLU PT.ENERGIE EL.,S.CONDUCTOR <=10 MMP, MONT.CU SCOABE PE CONSOLE FIX.CU BOLT.IMPLANTATE, CABLU ENERGIE CYY 5X6 MMP | H55: 0 | I55: =G54*H55 -> 0 | J55: 2
H56: =H54+H55 -> 0 | I56: =I54+I55 -> 0 | J56: 5
B57: 16 | C57: EC03A 99 | D57: M | G57: 15 | H57: 0 | I57: =G57*H57 -> 0 | J57: 1
A58: CABLU PT.ENERGIE EL.,S.CONDUCTOR <=10 MMP, MONT.CU SCOABE PE CONSOLE FIX.CU BOLT.IMPLANTATE, Cablu Cyy 5*6 mmp, racordare lift | H58: 0 | I58: =G57*H58 -> 0 | J58: 2
H59: =H57+H58 -> 0 | I59: =I57+I58 -> 0 | J59: 5
B60: 17 | C60: EC03A 99 | D60: M | G60: 40 | H60: 0 | I60: =G60*H60 -> 0 | J60: 1
A61: CABLU PT.ENERGIE EL.,S.CONDUCTOR <=10 MMP, MONT.CU SCOABE PE CONSOLE FIX.CU BOLT.IMPLANTATE, Cablu NHXH 5*6, rezistent la foc, Teinc | H61: 0 | I61: =G60*H61 -> 0 | J61: 2
H62: =H60+H61 -> 0 | I62: =I60+I61 -> 0 | J62: 5
B63: 18 | C63: EC03B 99 | D63: M | G63: 25 | H63: 0 | I63: =G63*H63 -> 0 | J63: 1
A64: CABLU PT.ENERGIE EL.,S.CONDUCTOR 16 MMP, MONT.CU SCOABE PE CONSOLE FIX.CU BOLT.IMPLANTATE, CABLU NHXH 5*16, REZISTENT LA FOC, TESIG | H64: 0 | I64: =G63*H64 -> 0 | J64: 2
H65: =H63+H64 -> 0 | I65: =I63+I64 -> 0 | J65: 5
B66: 19 | C66: EC03C 99 | D66: M | G66: 25 | H66: 0 | I66: =G66*H66 -> 0 | J66: 1
A67: CABLU PT.ENERGIE EL.,S.CONDUCTOR 25 SAU 35 MMP, MONT.CU SCOABE PE CONSOLE FIX.CU BOLT.IMPLANTATE | H67: 0 | I67: =G66*H67 -> 0 | J67: 2
H68: =H66+H67 -> 0 | I68: =I66+I67 -> 0 | J68: 5
B69: 20 | C69: EC03C 99 | D69: M | G69: 40 | H69: 0 | I69: =G69*H69 -> 0 | J69: 1
A70: CABLU PT.ENERGIE EL.,S.CONDUCTOR 25 SAU 35 MMP, MONT.CU SCOABE PE CONSOLE FIX.CU BOLT.IMPLANTATE, CABLU NHXH 5*25 MP REZISTENT LA FOC | H70: 0 | I70: =G69*H70 -> 0 | J70: 2
H71: =H69+H70 -> 0 | I71: =I69+I70 -> 0 | J71: 5
B72: 21 | C72: EC03C 99 | D72: M | G72: 35 | H72: 0 | I72: =G72*H72 -> 0 | J72: 1
A73: CABLU PT.ENERGIE EL.,S.CONDUCTOR 25 SAU 35 MMP, MONT.CU SCOABE PE CONSOLE FIX.CU BOLT.IMPLANTATE, CABLU ENERGIE CYY 5X 35 MMP | H73: 0 | I73: =G72*H73 -> 0 | J73: 2
H74: =H72+H73 -> 0 | I74: =I72+I73 -> 0 | J74: 5
B75: 22 | C75: EC03C 99 | D75: M | G75: 5 | H75: 0 | I75: =G75*H75 -> 0 | J75: 1
A76: CABLU PT.ENERGIE EL.,S.CONDUCTOR 25 SAU 35 MMP, MONT.CU SCOABE PE CONSOLE FIX.CU BOLT.IMPLANTATE, CABLU NHXH 5*35 MMP REZISTENT LA FOC | H76: 0 | I76: =G75*H76 -> 0 | J76: 2
H77: =H75+H76 -> 0 | I77: =I75+I76 -> 0 | J77: 5
B78: 23 | C78: EC03D 99 | D78: M | G78: 85 | H78: 0 | I78: =G78*H78 -> 0 | J78: 1
A79: CABLU PT.ENERGIE EL.,S.CONDUCTOR 50 SAU 70 MMP, MONT.CU SCOABE PE CONSOLE FIX.CU BOLT.IMPLANTATE, CABLU ENERGIE CYY 0,6/ 1KV 3X 50 + 25 M | H79: 0 | I79: =G78*H79 -> 0 | J79: 2
H80: =H78+H79 -> 0 | I80: =I78+I79 -> 0 | J80: 5
B81: 24 | C81: EC03C 99 | D81: M | G81: 85 | H81: 0 | I81: =G81*H81 -> 0 | J81: 1
A82: CABLU PT.ENERGIE EL.,S.CONDUCTOR 25 SAU 35 MMP, MONT.CU SCOABE PE CONSOLE FIX.CU BOLT.IMPLANTATE, Cablu Cyy 1*25 mmp | H82: 0 | I82: =G81*H82 -> 0 | J82: 2
H83: =H81+H82 -> 0 | I83: =I81+I82 -> 0 | J83: 5
B84: 25 | C84: EC03D 99 | D84: M | G84: 35 | H84: 0 | I84: =G84*H84 -> 0 | J84: 1
A85: CABLU PT.ENERGIE EL.,S.CONDUCTOR 50 SAU 70 MMP, MONT.CU SCOABE PE CONSOLE FIX.CU BOLT.IMPLANTATE, Cablu Cyy [3*70 + 35], la TE6 etaj V | H85: 0 | I85: =G84*H85 -> 0 | J85: 2
H86: =H84+H85 -> 0 | I86: =I84+I85 -> 0 | J86: 5
B87: 26 | C87: EC03C 99 | D87: M | G87: 35 | H87: 0 | I87: =G87*H87 -> 0 | J87: 1
A88: CABLU PT.ENERGIE EL.,S.CONDUCTOR 25 SAU 35 MMP, MONT.CU SCOABE PE CONSOLE FIX.CU BOLT.IMPLANTATE, Cablu Cyy 1*35 mmp | H88: 0 | I88: =G87*H88 -> 0 | J88: 2
H89: =H87+H88 -> 0 | I89: =I87+I88 -> 0 | J89: 5
B90: 27 | C90: EC03E 99 | D90: M | G90: 3 | H90: 0 | I90: =G90*H90 -> 0 | J90: 1
A91: CABLU PT.ENERGIE EL.,S.CONDUCTOR 95 SAU 150 MMP, MONT.CU SCOABE PE CONSOLE FIX.CU BOLT.IMPLANTATE, Cablu Cyy [3*95 + 50], racordare TE7 demisol | H91: 0 | I91: =G90*H91 -> 0 | J91: 2
H92: =H90+H91 -> 0 | I92: =I90+I91 -> 0 | J92: 5
B93: 28 | C93: EC03D 99 | D93: M | G93: 3 | H93: 0 | I93: =G93*H93 -> 0 | J93: 1
A94: CABLU PT.ENERGIE EL.,S.CONDUCTOR 50 SAU 70 MMP, MONT.CU SCOABE PE CONSOLE FIX.CU BOLT.IMPLANTATE, Cablu Cyy 1*50 mmp | H94: 0 | I94: =G93*H94 -> 0 | J94: 2
H95: =H93+H94 -> 0 | I95: =I93+I94 -> 0 | J95: 5
B96: 29 | C96: EC03E 99 | D96: M | G96: 20 | H96: 0 | I96: =G96*H96 -> 0 | J96: 1
A97: CABLU PT.ENERGIE EL.,S.CONDUCTOR 95 SAU 150 MMP, MONT.CU SCOABE PE CONSOLE FIX.CU BOLT.IMPLANTATE, CABLU ENERGIE CYY 0,6/ 1KV 3X150 + 70 M | H97: 0 | I97: =G96*H97 -> 0 | J97: 2
H98: =H96+H97 -> 0 | I98: =I96+I97 -> 0 | J98: 5
B99: 30 | C99: EC03D 99 | D99: M | G99: 20 | H99: 0 | I99: =G99*H99 -> 0 | J99: 1
A100: CABLU PT.ENERGIE EL.,S.CONDUCTOR 50 SAU 70 MMP, MONT.CU SCOABE PE CONSOLE FIX.CU BOLT.IMPLANTATE, Cablu Cyy 1*70 mmp | H100: 0 | I100: =G99*H100 -> 0 | J100: 2
...
