Workbook

Sheet Centraliz.General
A1: Formular F1
A2: Obiectiv: 01F Construire ansamblu educational compus din scoala, gradinita, cai de circulatie, spatii verzi, terenuri de sport, zone de joaca, corpuri de iluminat, spatiu de parcare, gard incinta,care se va amplasa în partea de nord a Bucurestiului
A4: CENTRALIZATORUL GENERAL
A7: Nr. | B7: Denumire | C7: Valoarea
A8: crt. | B8: Obiect | C8: exclusiv TVA
C9: ron
A10: 0 | B10: 1 | C10: 2
A11: 1 | B11: =Centralizator!B4 -> 00 CAPITOLUL 2 | C11: =Centralizator!G11 -> 12674.71
A12: 2 | B12: =Centralizator!B17 -> 000 CAP 1.3 + CAP 6.2 | C12: =Centralizator!G24 -> 1628.41
A13: 3 | B13: =Centralizator!B30 -> 01 SCOALA | C13: =Centralizator!G49 -> 2985555.1
A14: 4 | B14: =Centralizator!B54 -> 02 GRADINITA | C14: =Centralizator!G73 -> 1553574.6
A15: 5 | B15: =Centralizator!B78 -> 03 SPATII COMUNE (POMPE REZ. APA) | C15: =Centralizator!G90 -> 296021.86
A16: 6 | B16: =Centralizator!B95 -> 04 AMENAJARI EXTERIOARE | C16: =Centralizator!G108 -> 190336.62
A17: 7 | B17: =Centralizator!B113 -> 05 DTOE | C17: =Centralizator!G128 -> 22557.864
B18: TOTAL valoare (exclusiv TVA) | C18: =SUM(C11:C17) -> 5062349.2
B19: Taxa pe valoarea adaugata | C19: =C18*0.19 -> 961846.34
B20: Total valoare (inclusiv TVA) | C20: =C19+C18 -> 6024195.5

Sheet Centralizator
B1: Formular F2
B2: Obiectiv: 01F Construire ansamblu educational compus din scoala, gradinita, cai de circulatie, spatii verzi, terenuri de sport, zone de joaca, corpuri de iluminat, spatiu de parcare, gard incinta,care se va amplasa în partea de nord a Bucurestiului
B3: CENTRALIZATORUL_x000D_ cheltuielilor pe categorii de lucrari, pt.obiectul
B4: 00 CAPITOLUL 2
A5: Nr. | B5: Nr. cap./subcap | G5: Valoarea
A6: crt. | B6: deviz | C6: Cheltuieli pe categoria de lucrari | G6: exclusiv TVA
B7: general | G7: ron
A8: 0 | B8: 1 | G8: 2
A9: 1 | B9: 4.1. | C9: Constructii si instalatii aferente acestora
A10: 1 | B10: 4.1.1 | C10: 2 CHELTUIELEI PT.ASIG.UTILITATI | G10: ='O.00 D.2'!I88 -> 12674.71
C11: TOTAL I | G11: =G10 -> 12674.71
D12: TOTAL valoare (exclusiv TVA) | G12: =G11 -> 12674.71
D13: Taxa pe valoarea adaugata | G13: =G12*0.19 -> 2408.1949
D14: Total valoare (inclusiv TVA) | G14: =G13+G12 -> 15082.905
B16: CENTRALIZATORUL_x000D_ cheltuielilor pe categorii de lucrari, pt.obiectul
B17: 000 CAP 1.3 + CAP 6.2
A18: Nr. | B18: Nr. cap./subcap | G18: Valoarea
A19: crt. | B19: deviz | C19: Cheltuieli pe categoria de lucrari | G19: exclusiv TVA
B20: general | G20: ron
A21: 0 | B21: 1 | G21: 2
A22: 1 | B22: 4.1. | C22: Constructii si instalatii aferente acestora
A23: 3 | B23: 4.1.3 | C23: 6.2 PROBE TEHNOLOGICE SI TESTE | G23: ='O.000 D.6.2'!I38 -> 1628.41
C24: TOTAL I | G24: =G23 -> 1628.41
D25: TOTAL valoare (exclusiv TVA) | G25: =G24 -> 1628.41
D26: Taxa pe valoarea adaugata | G26: =G25*0.19 -> 309.3979
D27: Total valoare (inclusiv TVA) | G27: =G25+G26 -> 1937.8079
B29: CENTRALIZATORUL_x000D_ cheltuielilor pe categorii de lucrari, pt.obiectul
B30: 01 SCOALA
A31: Nr. | B31: Nr. cap./subcap | G31: Valoarea
A32: crt. | B32: deviz | C32: Cheltuieli pe categoria de lucrari | G32: exclusiv TVA
B33: general | G33: ron
A34: 0 | B34: 1 | G34: 2
A35: 1 | B35: 4.1. | C35: Constructii si instalatii aferente acestora
A36: 4 | B36: 4.1.4 | C36: 04 INSTALATII SANITARE | G36: ='O.01 D.04'!I604 -> 295874.1
A37: 5 | B37: 4.1.5 | C37: 05 INST. INCAL-CENTRALA TERMICA | G37: ='O.01 D.05'!I467 -> 126243.75
A38: 6 | B38: 4.1.6 | C38: 06 MONTAJ ECHIPAMENTE CT | G38: ='O.01 D.06'!I131 -> 7184.658
A39: 7 | B39: 4.1.7 | C39: 07 INCALZIRE CU CORPURI STATICE (CALORIFERE SI CONVECTOARE DE PARDOSEALA) | G39: ='O.01 D.07'!I383 -> 163947.27
A40: 8 | B40: 4.1.8 | C40: 08 INCALZIRE IN PARDOSEALA | G40: ='O.01 D.08'!I281 -> 239662.92
A41: 9 | B41: 4.1.9 | C41: 09 INSTALATII DE CLIMATIZARE CU VENTILOCONVECTOARE | G41: ='O.01 D.09'!I272 -> 168636.73
A42: 10 | B42: 4.1.10 | C42: 10 INSTALATII DE VENTILARE | G42: ='O.01 D.10'!I348 -> 655307.89
A43: 11 | B43: 4.1.11 | C43: 11 MONTAJ ECHIPAMENTE VENTILATII | G43: ='O.01 D.11'!I76 -> 5319.43
C44: TOTAL I | G44: =SUM(G36:G43) -> 1662176.8
A45: 14 | C45: Procurare
A46: 14 | B46: 4.3 | C46: Utilaje, echipamente tehnologice si functionale care necesita montaj | G46: =SUM('F4'!G9:G51) -> 1285442.2
A47: 15 | B47: 4.5 | C47: Dotari | G47: =SUM('F4'!G53:G55) -> 37936.144
C48: TOTAL III | G48: =G46+G47 -> 1323378.3
D49: TOTAL valoare (exclusiv TVA) | G49: =G48+G44 -> 2985555.1
D50: Taxa pe valoarea adaugata | G50: =G49*0.19 -> 567255.47
D51: Total valoare (inclusiv TVA) | G51: =G49+G50 -> 3552810.6
B53: CENTRALIZATORUL_x000D_ cheltuielilor pe categorii de lucrari, pt.obiectul | H53: Curs | I53: 1 | J53: 1
B54: 02 GRADINITA | H54: Zecimale | I54: 2 | J54: 2
A55: Nr. | B55: Nr. cap./subcap | G55: Valoarea
A56: crt. | B56: deviz | C56: Cheltuieli pe categoria de lucrari | G56: exclusiv TVA
B57: general | G57: ron
A58: 0 | B58: 1 | G58: 2
A59: 1 | B59: 4.1. | C59: Constructii si instalatii aferente acestora
A60: 4 | B60: 4.1.4 | C60: 04 INSTALATII SANITARE | G60: ='O.02 D.04'!I490 -> 222773.92
A61: 5 | B61: 4.1.5 | C61: 05 INSTALATIA DE INCALZIRE - CENTRALA TERMICA | G61: ='O.02 D.05'!I420 -> 74767.36
A62: 6 | B62: 4.1.6 | C62: 06 MONTAJ ECHIPAMENTE C.T. | G62: ='O.02 D.06'!I105 -> 4876.49
A63: 7 | B63: 4.1.7 | C63: 07 INCALZIRE CU CORPURI STATICE (CALORIFERE) | G63: ='O.02 D.07'!I198 -> 31930.43
A64: 8 | B64: 4.1.8 | C64: 08 INCALZIRE IN PARDOSEALA | G64: ='O.02 D.08'!I238 -> 181183.45
A65: 9 | B65: 4.1.9 | C65: 09 INSTALATII DE CLIMATIZARE CU VENTILOCONVECTOARE | G65: ='O.02 D.09'!I246 -> 104758.12
A66: 10 | B66: 4.1.10 | C66: 10 INSTALATII DE VENTILARE | G66: ='O.02 D.10'!I319 -> 377887.18
A67: 11 | B67: 4.1.11 | C67: 11 MONTAJ ECHIP.VENTILARE | G67: ='O.02 D.11'!I39 -> 6511.5
C68: TOTAL I | G68: =SUM(G60:G67) -> 1004688.4
A69: 14 | C69: Procurare
A70: 14 | B70: 4.3 | C70: Utilaje, echipamente tehnologice si functionale care necesita montaj | G70: =SUM('F4'!G59:G84) -> 545876.15
A71: 15 | B71: 4.5 | C71: Dotari | G71: =SUM('F4'!G86:G87) -> 3010.0076
C72: TOTAL III | G72: =G70+G71 -> 548886.16
D73: TOTAL valoare (exclusiv TVA) | G73: =G72+G68 -> 1553574.6
D74: Taxa pe valoarea adaugata | G74: =G73*0.19 -> 295179.18
D75: Total valoare (inclusiv TVA) | G75: =G73+G74 -> 1848753.8
B77: CENTRALIZATORUL_x000D_ cheltuielilor pe categorii de lucrari, pt.obiectul | H77: Curs | I77: 1 | J77: 1
B78: 03 SPATII COMUNE (POMPE REZ. APA) | H78: Zecimale | I78: 2 | J78: 2
A79: Nr. | B79: Nr. cap./subcap | G79: Valoarea
A80: crt. | B80: deviz | C80: Cheltuieli pe categoria de lucrari | G80: exclusiv TVA
B81: general | G81: ron
A82: 0 | B82: 1 | G82: 2
A83: 1 | B83: 4.1. | C83: Constructii si instalatii aferente acestora
A84: 2 | B84: 4.1.2 | C84: 02 INSTALATII SANITARE | G84: ='O.03 D.02'!I293 -> 148271.47
A85: 3 | B85: 4.1.3 | C85: 03 MONTAJ ECHIPAMENTE INSTALATII SANITARE | G85: ='O.03 D.03'!I56 -> 1494.61
C86: TOTAL I | G86: =SUM(G84:G85) -> 149766.08
A87: 7 | C87: Procurare
A88: 7 | B88: 4.3 | C88: Utilaje, echipamente tehnologice si functionale care necesita montaj | G88: =SUM('F4'!G91:G101) -> 146255.78
C89: TOTAL III | G89: =G88 -> 146255.78
D90: TOTAL valoare (exclusiv TVA) | G90: =G89+G86 -> 296021.86
D91: Taxa pe valoarea adaugata | G91: =G90*0.19 -> 56244.153
D92: Total valoare (inclusiv TVA) | G92: =G91+G90 -> 352266.01
B94: CENTRALIZATORUL_x000D_ cheltuielilor pe categorii de lucrari, pt.obiectul | H94: Curs | I94: 1 | J94: 1
B95: 04 AMENAJARI EXTERIOARE | H95: Zecimale | I95: 2 | J95: 2
A96: Nr. | B96: Nr. cap./subcap | G96: Valoarea
A97: crt. | B97: deviz | C97: Cheltuieli pe categoria de lucrari | G97: exclusiv TVA
B98: general | G98: ron
A99: 0 | B99: 1 | G99: 2
A100: 1 | B100: 4.1. | C100: Constructii si instalatii aferente acestora
A101: 7 | B101: 4.1.7 | C101: 07 INSTALATII SANITARE | G101: ='O.04 D.07'!I59 -> 28382.67
A102: 8 | B102: 4.1.8 | C102: 08 MONTAJ ECHIP.INST.SANITARE | G102: ='O.04 D.08'!I19 -> 228.2
C103: TOTAL I | G103: =SUM(G101:G102) -> 28610.87
A104: 11 | C104: Procurare
A105: 11 | B105: 4.3 | C105: Utilaje, echipamente tehnologice si functionale care necesita montaj | G105: =SUM('F4'!G106:G107) -> 4390.9437
...

Sheet F4
A1: Formular F4
A2: Obiectiv: 01F Construire ansamblu educational compus din scoala, gradinita, cai de circulatie, spatii verzi, terenuri de sport, zone de joaca, corpuri de iluminat, spatiu de parcare, gard incinta,care se va amplasa în partea de nord a Bucurestiului
A3: LISTA_x000D_ cu cantitatile de utilaje si echipamente tehnologice, inclusiv dotari
H4: [ ron ]
A5: Nr. | B5: Cod | C5: Denumirea | D5: U/M | E5: Cantitatea | F5: Pretul unitar | G5: Valoarea | H5: Fisa tehnica
A6: Crt. | F6: (exclusiv TVA) | H6: atasata
A7: 20 | B7: Obiect 01 SCOALA
B8: a) Utilaje, echipamente tehnologice si functionale care necesita montaj
B9: RE00087 | C9: AGREG AR 7/12 °C QR=430 KW,KIT HIDRAULIC,PE<210 KW, I<261A | D9: BUCATA | E9: 1 | F9: 156171.72 | G9: =F9*E9 -> 156171.72 | H9: F.T. 1.6.6
B10: RE00009 | C10: ARZATOR GAZ AUTOMAT, PROGRESIV MODULANT, PE GAZ QI=250 KW | D10: BUCATA | E10: 2 | F10: 4818.7981 | G10: =F10*E10 -> 9637.5961 | H10: F.T. 1.6.3B
B11: RE00086 | C11: BOILER 1 SERP+1 REZ 2KW,V=1000L, ACM 1775 L/H (LA 60°C) | D11: BUCATA | E11: 1 | F11: 4049.8661 | G11: =F11*E11 -> 4049.8661 | H11: F.T. 1.6.5
B12: RE00090 | C12: BUTELIE EGALIZARE PRESIUNE D323X9 (DN300).H=1.6M,RAC DN100 | D12: BUCATA | E12: 1 | F12: 2909.1442 | G12: =F12*E12 -> 2909.1442 | H12: F.T. 1.6.9
B13: RE00084 | C13: CAZAN OTEL IN CONDENSATIE,COMBUSTIBIL GAZOS,QI=250 KW | D13: BUCATA | E13: 2 | F13: 128323.15 | G13: =F13*E13 -> 256646.29 | H13: F.T. 1.6.3A
B14: RE00002 | C14: CEAS DE FATADA | D14: BUCATA | E14: 1 | F14: 15845.084 | G14: =F14*E14 -> 15845.084
B15: RE00081 | C15: CENTRALA DE TRATARE AER CU MONTAJ IN EXTERIOR L=14000 M³/H | D15: BUCATA | E15: 2 | F15: 91734.113 | G15: =F15*E15 -> 183468.23 | H15: F.T. 1.11.2
B16: RE00068 | C16: CENTRALA DE TRATARE DE AER CU MONTAJ DE TAVAN L=5500 M³/H | D16: BUCATA | E16: 1 | F16: 39024.104 | G16: =F16*E16 -> 39024.104 | H16: F.T. 1.11.1
B17: RE00127 | C17: CENTRALA TRATARE DE AER CU MONTAJ IN EXTERIOR L=20000 M³/H | D17: BUCATA | E17: 1 | F17: 128660.41 | G17: =F17*E17 -> 128660.41 | H17: F.T. 1.11.3
B18: RE00120 | C18: CLAPETA ANTIFOC CIRCULARA Ø100 MM RF120 MIN,SERVOMOTOR 24V | D18: BUCATA | E18: 6 | F18: 675.47755 | G18: =F18*E18 -> 4052.8653 | H18: F.T. 1.11.11
B19: RE00121 | C19: CLAPETA ANTIFOC CIRCULARA Ø125 MM RF120 MIN,SERVOMOTOR 24V | D19: BUCATA | E19: 20 | F19: 631.54575 | G19: =F19*E19 -> 12630.915 | H19: F.T. 1.11.12
B20: RE00122 | C20: CLAPETA ANTIFOC CIRCULARA Ø250 MM RF120 MIN,SERVOMOTOR 24V | D20: BUCATA | E20: 6 | F20: 737.04895 | G20: =F20*E20 -> 4422.2937 | H20: F.T. 1.11.13
B21: RE00123 | C21: CLAPETA ANTIFOC CIRCULARA Ø315 MM RF120 MIN,SERVOMOTOR 24V | D21: BUCATA | E21: 36 | F21: 799.22645 | G21: =F21*E21 -> 28772.152 | H21: F.T. 1.11.14
B22: RE00125 | C22: CLAPETA ANTIFOC RECTANG 1000X500MM,RF120 MIN,SERVOMOTOR 24V | D22: BUCATA | E22: 4 | F22: 1318.2362 | G22: =F22*E22 -> 5272.9446 | H22: F.T. 1.11.16
B23: RE00126 | C23: CLAPETA ANTIFOC RECTANG 1600X800MM,RF120 MIN,SERVOMOTOR 24V | D23: BUCATA | E23: 2 | F23: 2535.1595 | G23: =F23*E23 -> 5070.3191 | H23: F.T. 1.11.17
B24: RE00124 | C24: CLAPETA ANTIFOC RECTANG 400X250MM,RF120 MIN,SERVOMOTOR 24V | D24: BUCATA | E24: 2 | F24: 845.64535 | G24: =F24*E24 -> 1691.2907 | H24: F.T. 1.11.15
B25: RE00085 | C25: COS DE FUM Ø300 MM, H=5 M+CANAL RACORDARE Ø200 MM,L=1 M | D25: BUCATA | E25: 2 | F25: 2644.5711 | G25: =F25*E25 -> 5289.1421 | H25: F.T. 1.6.4.
B26: RE00001 | C26: LIFT PERSOANE - 3 STATII | D26: BUCATA | E26: 1 | F26: 54359.437 | G26: =F26*E26 -> 54359.437
B27: RE00093 | C27: POMPA CIRC ACM,H=2,0 MCA,G=4.5 M³/H,PE=150 W,800-3400 RPM | D27: BUCATA | E27: 1 | F27: 225.16615 | G27: =F27*E27 -> 225.16615 | H27: F.T. 1.6.12
B28: RE00119 | C28: POMPA CIRC AR VAS ACUM-DISTR,H=4, 0 MCA,G=75,0M³/H,PE=1000 W | D28: BUCATA | E28: 1 | F28: 11602.499 | G28: =F28*E28 -> 11602.499 | H28: F.T. 1.6.21
B29: RE00096 | C29: POMPA CIRC BAT INC CTA 14000M³/H,H=5MCA,G=2M³/H,PE=200W | D29: BUCATA | E29: 2 | F29: 1095.8392 | G29: =F29*E29 -> 2191.6785 | H29: F.T. 1.6.15
B30: RE00097 | C30: POMPA CIRC BAT INC CTA 5500M³/H,H=5MCA,G=1M³/H,PE=200W | D30: BUCATA | E30: 1 | F30: 1095.8392 | G30: =F30*E30 -> 1095.8392 | H30: F.T. 1.6.16
B31: RE00098 | C31: POMPA CIRC BAT RACIRE CTA 14000M³/H,H=4MCA,G=7M³/H,PE=500W | D31: BUCATA | E31: 2 | F31: 3244.0771 | G31: =F31*E31 -> 6488.1542 | H31: F.T. 1.6.17
B32: RE00099 | C32: POMPA CIRC BAT RACIRE CTA 5500M³/H,H=4MCA,G=5M³/H,PE=500W | D32: BUCATA | E32: 1 | F32: 3244.0771 | G32: =F32*E32 -> 3244.0771 | H32: F.T. 1.6.18
B33: RE00091 | C33: POMPA CIRC CAZAN,H=3,0 MCA,G=11 M³/H,PE=500 W,800-3400 RPM | D33: BUCATA | E33: 2 | F33: 2689.6732 | G33: =F33*E33 -> 5379.3465 | H33: F.T. 1.6.10
B34: RE00095 | C34: POMPA CIRC INC CALOR,H=6,0 MCA,G=2.5 M³/H,PE=100W,800-3400RP | D34: BUCATA | E34: 1 | F34: 1186.0855 | G34: =F34*E34 -> 1186.0855 | H34: F.T. 1.6.14
B35: RE00094 | C35: POMPA CIRC INC PARD,H=10,0 MCA,G=10 M³/H,PE=500W,800-3400RPM | D35: BUCATA | E35: 1 | F35: 4183.647 | G35: =F35*E35 -> 4183.647 | H35: F.T. 1.6.13
B36: RE00100 | C36: POMPA CIRC VENTILOCONVECTOARE,H=20MCA,G=43.5M³/H,PE=500W | D36: BUCATA | E36: 1 | F36: 16677.333 | G36: =F36*E36 -> 16677.333 | H36: F.T. 1.6.19
B37: RE00092 | C37: POMPA RECIRC CAZAN,H=3,0 MCA,G=2 M³/H,PE=500 W,800-3400 RPM | D37: BUCATA | E37: 2 | F37: 214.4967 | G37: =F37*E37 -> 428.9934 | H37: F.T. 1.6.11
B38: RE00003 | C38: SIGLA DECORATIVA 14 LITERE | D38: BUCATA | E38: 1 | F38: 23990.797 | G38: =F38*E38 -> 23990.797
B39: RE00082 | C39: SISTEM FOTOVOLTAIC 100-110 KW, INVERTOR TRIFAZAT ON GRID, C | D39: ANS | E39: 1 | F39: 156725.74 | G39: =F39*E39 -> 156725.74 | H39: F.T. 1.1
B40: RE00027 | C40: STATIE DE DEDURIZARE 1,2 M³/H | D40: BUCATA | E40: 1 | F40: 1631.5794 | G40: =F40*E40 -> 1631.5794 | H40: F.T. 1.6.2
B41: RE00071 | C41: UNITATE EXTERIOARA VRF QR=106.5 KW, QI=114 KW | D41: BUCATA | E41: 1 | F41: 58219.531 | G41: =F41*E41 -> 58219.531 | H41: F.T. 1.11.4
B42: RE00105 | C42: VAS ACUMULARE AR V=2000 LITRI,DXH 1140X2375 MM, P<6BAR | D42: BUCATA | E42: 2 | F42: 5444.147 | G42: =F42*E42 -> 10888.294 | H42: F.T. 1.6.20
B43: RE00088 | C43: VAS EXPANSIUNE INCHIS INCALZIRE CAZAN V=24 LITRI | D43: BUCATA | E43: 2 | F43: 161.58835 | G43: =F43*E43 -> 323.1767 | H43: F.T. 1.6.7
B44: RE00089 | C44: VAS EXPANSIUNE INCHIS INCALZIRE V=200 L,P<10 BAR | D44: BUCATA | E44: 2 | F44: 520.04425 | G44: =F44*E44 -> 1040.0885 | H44: F.T. 1.6.8
B45: RE00016 | C45: VAS EXPANSIUNE INCHIS SANITAR V=80 LITRI | D45: BUCATA | E45: 1 | F45: 246.92305 | G45: =F45*E45 -> 246.92305 | H45: F.T. 1.6.1
B46: RE00072 | C46: VENTILAT EXTRACT TUB D100 MM,L=100 M³/H,PE=50 W | D46: BUCATA | E46: 4 | F46: 229.36705 | G46: =F46*E46 -> 917.4682 | H46: F.T. 1.11.5
B47: RE00073 | C47: VENTILAT EXTRACT TUB D125 MM,L=150 M³/H,PE=75 W | D47: BUCATA | E47: 1 | F47: 58219.531 | G47: =F47*E47 -> 58219.531 | H47: F.T. 1.11.6
B48: RE00074 | C48: VENTILAT EXTRACT TUB D125 MM,L=200 M³/H,PE=150 W | D48: BUCATA | E48: 1 | F48: 232.7424 | G48: =F48*E48 -> 232.7424 | H48: F.T. 1.11.7
B49: RE00075 | C49: VENTILAT EXTRACT TUB D125 MM,L=400 M³/H,PE=200 W | D49: BUCATA | E49: 3 | F49: 298.4938 | G49: =F49*E49 -> 895.4814 | H49: F.T. 1.11.8
B50: RE00076 | C50: VENTILAT EXTRACT TUB D125 MM,L=425 M³/H,PE=200 W | D50: BUCATA | E50: 2 | F50: 378.2691 | G50: =F50*E50 -> 756.5382 | H50: F.T. 1.11.9
B51: RE00077 | C51: VENTILAT EXTRACT TUB D125 MM,L=525 M³/H,PE=200 W | D51: BUCATA | E51: 3 | F51: 225.89765 | G51: =F51*E51 -> 677.69295 | H51: F.T. 1.11.10
B52: c) Dotari
B53: RD00003 | C53: GALEATA CU NISIP + LOPATA | D53: BUCATA | E53: 1 | F53: 220.38005 | G53: =F53*E53 -> 220.38005
B54: RD00002 | C54: STINGATOARE CU PULBERE | D54: BUCATA | E54: 24 | F54: 278.96275 | G54: =F54*E54 -> 6695.106
B55: RD00001 | C55: TRIBUNA / GRADENE 136 LOCURI | D55: BUCATA | E55: 1 | F55: 31020.658 | G55: =F55*E55 -> 31020.658
E56: Total obiect | G56: =SUM(G9:G55) -> 1323378.3
A57: 16 | B57: Obiect 02 GRADINITA
B58: a) Utilaje, echipamente tehnologice si functionale care necesita montaj
B59: RE00103 | C59: AGREG AR 7/12 °C QR=261 KW,KIT HIDRAULIC,PE<129 KW, I<230A | D59: BUCATA | E59: 1 | F59: 110287.92 | G59: =F59*E59 -> 110287.92 | H59: F.T.2.6.6
B60: RE00102 | C60: BOILER 1 SERP+1 REZ 2KW,V=800L, ACM 955 L/H (LA 60°C) | D60: BUCATA | E60: 1 | F60: 3315.0117 | G60: =F60*E60 -> 3315.0117 | H60: F.T.2.6.5
B61: RE00104 | C61: BUTELIE EGALIZARE PRESIUNE D273X6.3 (DN250).H=1.4M,RAC DN80 | D61: BUCATA | E61: 1 | F61: 2113.8155 | G61: =F61*E61 -> 2113.8155 | H61: F.T.2.6.7
B62: RE00101 | C62: CENTRALA CONDENS GAZ,.QI=150KW,(50/30°C), QI=136KW(80/60°C) | D62: BUCATA | E62: 2 | F62: 43732.017 | G62: =F62*E62 -> 87464.034 | H62: F.T.2.6.4
B63: RE00081 | C63: CENTRALA DE TRATARE AER CU MONTAJ IN EXTERIOR L=14000 M³/H | D63: BUCATA | E63: 1 | F63: 91734.113 | G63: =F63*E63 -> 91734.113 | H63: F.T. 2.11.6
B64: RE00004 | C64: LIFT PERSOANE - 2 STATII | D64: BUCATA | E64: 1 | F64: 50163.866 | G64: =F64*E64 -> 50163.866
B65: RE00005 | C65: MONTCHARGE - 2 STATII | D65: BUCATA | E65: 2 | F65: 22889.252 | G65: =F65*E65 -> 45778.503
B66: RE00107 | C66: POMPA CIRC ACM,H=2.0 MCA,G=1.6 M³/H,PE=150 W,800-3400 RPM | D66: BUCATA | E66: 1 | F66: 415.98315 | G66: =F66*E66 -> 415.98315 | H66: F.T.2.6.10
B67: RE00106 | C67: POMPA CIRC AR VAS ACUM-DISTR,H=15,0 MCA,G=45,0 M³/H,PE=200 W | D67: BUCATA | E67: 1 | F67: 8487.9707 | G67: =F67*E67 -> 8487.9707 | H67: F.T.2.6.9
B68: RE00110 | C68: POMPA CIRC BAT INC CTA,H=5MCA,G=2M³/H,PE=200W,800-3400RPM | D68: BUCATA | E68: 1 | F68: 1095.8392 | G68: =F68*E68 -> 1095.8392 | H68: F.T.2.6.13
B69: RE00113 | C69: POMPA CIRC BAT RACIRE CTA ,H=7,5MCA,G=9.6M³/H,PE=500W | D69: BUCATA | E69: 1 | F69: 3425.5205 | G69: =F69*E69 -> 3425.5205 | H69: F.T.2.6.16
B70: RE00112 | C70: POMPA CIRC GRINZI RACIRE,H=5, 5MCA,G=13.0M³/H,PE=500W | D70: BUCATA | E70: 1 | F70: 2498.1457 | G70: =F70*E70 -> 2498.1457 | H70: F.T.2.6.15
B71: RE00109 | C71: POMPA CIRC INC CALOR,H=4,5 MCA,G=1.5 M³/H,PE=100W,800-3400RP | D71: BUCATA | E71: 1 | F71: 1064.3847 | G71: =F71*E71 -> 1064.3847 | H71: F.T.2.6.11
B72: RE00108 | C72: POMPA CIRC INC PARD,H=7,5 MCA,G=5,0 M³/H,PE=200W,800-3400RPM | D72: BUCATA | E72: 1 | F72: 2498.1457 | G72: =F72*E72 -> 2498.1457 | H72: F.T.2.6.11
B73: RE00111 | C73: POMPA CIRC VENTILOCONVECTOARE,H=11MCA,G=16.5M³/H,PE=500W | D73: BUCATA | E73: 1 | F73: 4209.1451 | G73: =F73*E73 -> 4209.1451 | H73: F.T.2.6.14
B74: RE00006 | C74: SIGLA DECORATIVA 9 LITERE | D74: BUCATA | E74: 1 | F74: 15621.914 | G74: =F74*E74 -> 15621.914
B75: RE00083 | C75: SISTEM FOTOVOLTAIC 60-65 KW, INVERTOR TRIFAZAT ON GRID, COMP | E75: 1 | F75: 96803.199 | G75: =F75*E75 -> 96803.199 | H75: F.T. 2.1
B76: RE00027 | C76: STATIE DE DEDURIZARE 1,2 M³/H | D76: BUCATA | E76: 1 | F76: 1631.5794 | G76: =F76*E76 -> 1631.5794 | H76: F.T.2.6.1
B77: RE00105 | C77: VAS ACUMULARE AR V=2000 LITRI,DXH 1140X2375 MM, P<6BAR | D77: BUCATA | E77: 1 | F77: 5444.147 | G77: =F77*E77 -> 5444.147 | H77: F.T.2.6.8
B78: RE00089 | C78: VAS EXPANSIUNE INCHIS INCALZIRE V=200 L,P<10 BAR | D78: BUCATA | E78: 1 | F78: 520.04425 | G78: =F78*E78 -> 520.04425 | H78: F.T.2.6.3
B79: RE00046 | C79: VAS EXPANSIUNE INCHIS SANITAR V=50 LITRI | D79: BUCATA | E79: 2 | F79: 161.58835 | G79: =F79*E79 -> 323.1767 | H79: F.T.2.6.2
B80: RE00072 | C80: VENTILAT EXTRACT TUB D100 MM,L=100 M³/H,PE=50 W | D80: BUCATA | E80: 10 | F80: 229.36705 | G80: =F80*E80 -> 2293.6705 | H80: F.T. 2.11.1
B81: RE00078 | C81: VENTILAT EXTRACT TUB D100 MM,L=125 M³/H,PE=75 W | D81: BUCATA | E81: 14 | F81: 229.3148 | G81: =F81*E81 -> 3210.4072 | H81: F.T. 2.11.3
B82: RE00074 | C82: VENTILAT EXTRACT TUB D125 MM,L=200 M³/H,PE=150 W | D82: BUCATA | E82: 2 | F82: 232.7424 | G82: =F82*E82 -> 465.4848 | H82: F.T. 2.11.2
B83: RE00079 | C83: VENTILAT EXTRACT TUB D125 MM,L=325 M³/H,PE=200 W | D83: BUCATA | E83: 2 | F83: 225.89765 | G83: =F83*E83 -> 451.7953 | H83: F.T. 2.11.4
B84: RE00080 | C84: VENTILAT EXTRACT TUB D315 MM,L=1300 M³/H,PE=500 W | D84: BUCATA | E84: 2 | F84: 2279.1659 | G84: =F84*E84 -> 4558.3318 | H84: F.T. 2.11.5
B85: c) Dotari
B86: RD00003 | C86: GALEATA CU NISIP + LOPATA | D86: BUCATA | E86: 1 | F86: 220.38005 | G86: =F86*E86 -> 220.38005
B87: RD00002 | C87: STINGATOARE CU PULBERE | D87: BUCATA | E87: 10 | F87: 278.96275 | G87: =F87*E87 -> 2789.6275
E88: Total obiect | G88: =SUM(G59:G87) -> 548886.16
A89: 5 | B89: Obiect 03 SPATII COMUNE (POMPE REZ. APA)
B90: a) Utilaje, echipamente tehnologice si functionale care necesita montaj
B91: RE00063 | C91: ELECTROVANA 3" | D91: BUCATA | E91: 2 | F91: 1973.2004 | G91: =F91*E91 -> 3946.4007 | H91: F.T. 3.3.5
B92: RE00115 | C92: AAR 125A | D92: BUCATA | E92: 1 | F92: 4050.535 | G92: =F92*E92 -> 4050.535 | H92: F.T. 3.2
B93: RE00114 | C93: AAR 80A | D93: BUCATA | E93: 1 | F93: 3082.541 | G93: =F93*E93 -> 3082.541 | H93: F.T. 3.1
B94: RE00117 | C94: GRUP ELECTROGEN 125 KVA (80KW) | D94: BUCATA | E94: 1 | F94: 37520.495 | G94: =F94*E94 -> 37520.495 | H94: F.T. 3.4
B95: RE00064 | C95: GRUP ELECTROPOMPE 2A+1R, Q=1.1 L/S; H=40MCA; N=7.5KW | D95: BUCATA | E95: 1 | F95: 10096.581 | G95: =F95*E95 -> 10096.581 | H95: F.T. 3.3.6
B96: RE00059 | C96: GRUP POMPARE 1A+1R+1P,Q=15.0MC/H; H=70MCA; N=7.5KW | D96: BUCATA | E96: 1 | F96: 23808.601 | G96: =F96*E96 -> 23808.601 | H96: F.T. 3.3.1
B97: RE00060 | C97: GRUP POMPARE 1A+1R+1P,Q=20 L/S; H=55MCA; N=15KW | D97: BUCATA | E97: 1 | F97: 31610.937 | G97: =F97*E97 -> 31610.937 | H97: F.T. 3.3.2
B98: RE00066 | C98: POMPA SUBMERSIBILA,MONTATA IN BASA,Q=1.1L/S;H=10MCA;N=2KW | D98: BUCATA | E98: 4 | F98: 1195.5531 | G98: =F98*E98 -> 4782.2126 | H98: F.T. 3.3.8
B99: RE00062 | C99: RECIPIENT DE HIDROFOR CU MEMBRANA SUB PRESIUNE, V=300 L | D99: BUCATA | E99: 1 | F99: 780.0716 | G99: =F99*E99 -> 780.0716 | H99: F.T. 3.3.4
B100: RE00065 | C100: RECIPIENT DE HIDROFOR CU MEMBRANA SUB PRESIUNE, V=750 L | D100: BUCATA | E100: 1 | F100: 3311.9081 | G100: =F100*E100 -> 3311.9081 | H100: F.T. 3.3.7
...

Sheet O.00 D.2
A1: Formular F3 | J1: 1
A2: Obiectiv: 01F Construire ansamblu educational compus din scoala, gradinita, cai de circulatie, spatii verzi, terenuri de sport, zone de joaca, corpuri de iluminat, spatiu de parcare, gard incinta,care se va amplasa în partea de nord a Bucurestiului
A3: LISTA_x000D_ cu cantitatile de lucrari pe categorii de lucrari
A4: Obiect: 00 CAPITOLUL 2
A5: Categorie: 2 CHELTUIELEI PT.ASIG.UTILITATI | I5: [ ron ]
B6: Nr. | C6: Capitol lucrari | D6: U/M | G6: Cantitatea | H6: Pretul unitar | I6: Valoare
B7: Crt. | C7: Simbol | H7: a)materiale
C8: Denumire resursa | H8: b)manopera
C9: Observatii | H9: c)utilaj
C10: Corectii | H10: d)transport
C11: Liste Anexe | H11: Total(a+b+c+d)
B12: 1 | C12: ACE134A01+ | D12: M | G12: 30 | H12: 74.15 | I12: =G12*H12 -> 2224.5 | J12: 1
D13: =SUBSTITUTE("Sp.mat: 0.00%",".",IF(VALUE("1.2")=1.2,".",","),2) -> Sp.mat: 0.00% | F13: =SUBSTITUTE("Sp.man: 0.00%",".",IF(VALUE("1.2")=1.2,".",","),2) -> Sp.man: 0.00% | G13: =SUBSTITUTE("Sp.uti: 0.00%",".",IF(VALUE("1.2")=1.2,".",","),2) -> Sp.uti: 0.00% | H13: 4.03 | I13: =G12*H13 -> 120.9 | J13: 2
A14: TEAVA PVC CU MUFA SI GARNITURA PT. CANALIZARE EXTERIOARA GRAVITATIONALA D = 250 MM | H14: 0 | I14: =G12*H14 -> 0 | J14: 3 | K14: 0 | L14: 0 | M14: =I14-K14-L14 -> 0
H15: 0 | I15: =G12*H15 -> 0 | J15: 4 | N15: =IF(ISERR(SEARCH("TRA* 82",C12)),IF(Q15+R15+S15=0,0,I15*(Q15/(Q15+R15+S15))),I15) -> 0 | O15: =IF(ISERR(SEARCH("TRA* 82",C12)),IF(Q15+R15+S15=0,0,I15*(R15/(Q15+R15+S15))),0) -> 0 | P15: =IF(ISERR(SEARCH("TRA* 82",C12)),I15-N15-O15,0) -> 0 | Q15: 0 | R15: 0 | S15: 0
H16: =H12+H13+H14+H15 -> 78.18 | I16: =I12+I13+I14+I15 -> 2345.4 | J16: 5
B17: 2 | C17: ACD04B1 82 | D17: BUCATA | G17: 2 | H17: 618.25 | I17: =G17*H17 -> 1236.5 | J17: 1
D18: =SUBSTITUTE("Sp.mat: 0.00%",".",IF(VALUE("1.2")=1.2,".",","),2) -> Sp.mat: 0.00% | F18: =SUBSTITUTE("Sp.man: 0.00%",".",IF(VALUE("1.2")=1.2,".",","),2) -> Sp.man: 0.00% | G18: =SUBSTITUTE("Sp.uti: 0.00%",".",IF(VALUE("1.2")=1.2,".",","),2) -> Sp.uti: 0.00% | H18: 180.35 | I18: =G17*H18 -> 360.7 | J18: 2
A19: CAMIN CANALIZARE MENAJERA 800 CU RAMA SI CAPAC CAROSABIL | H19: 49.55 | I19: =G17*H19 -> 99.1 | J19: 3 | K19: 185.625 | L19: 0 | M19: =I19-K19-L19 -> -86.525
H20: =0 -> 0 | I20: =G17*H20 -> 0 | J20: 4 | N20: =IF(ISERR(SEARCH("TRA* 82",C17)),IF(Q20+R20+S20=0,0,I20*(Q20/(Q20+R20+S20))),I20) -> 0 | O20: =IF(ISERR(SEARCH("TRA* 82",C17)),IF(Q20+R20+S20=0,0,I20*(R20/(Q20+R20+S20))),0) -> 0 | P20: =IF(ISERR(SEARCH("TRA* 82",C17)),I20-N20-O20,0) -> 0 | Q20: 0 | R20: 0 | S20: 0
H21: =H17+H18+H19+H20 -> 848.15 | I21: =I17+I18+I19+I20 -> 1696.3 | J21: 5
B22: 3 | C22: ACD04B1 82 | D22: BUCATA | G22: 2 | H22: 618.25 | I22: =G22*H22 -> 1236.5 | J22: 1
D23: =SUBSTITUTE("Sp.mat: 0.00%",".",IF(VALUE("1.2")=1.2,".",","),2) -> Sp.mat: 0.00% | F23: =SUBSTITUTE("Sp.man: 0.00%",".",IF(VALUE("1.2")=1.2,".",","),2) -> Sp.man: 0.00% | G23: =SUBSTITUTE("Sp.uti: 0.00%",".",IF(VALUE("1.2")=1.2,".",","),2) -> Sp.uti: 0.00% | H23: 180.35 | I23: =G22*H23 -> 360.7 | J23: 2
A24: CAMIN CANALIZARE MENAJERA 800 CU RAMA SI CAPAC NECAROSABIL | H24: 49.55 | I24: =G22*H24 -> 99.1 | J24: 3 | K24: 185.625 | L24: 0 | M24: =I24-K24-L24 -> -86.525
H25: 0 | I25: =G22*H25 -> 0 | J25: 4 | N25: =IF(ISERR(SEARCH("TRA* 82",C22)),IF(Q25+R25+S25=0,0,I25*(Q25/(Q25+R25+S25))),I25) -> 0 | O25: =IF(ISERR(SEARCH("TRA* 82",C22)),IF(Q25+R25+S25=0,0,I25*(R25/(Q25+R25+S25))),0) -> 0 | P25: =IF(ISERR(SEARCH("TRA* 82",C22)),I25-N25-O25,0) -> 0 | Q25: 0 | R25: 0 | S25: 0
H26: =H22+H23+H24+H25 -> 848.15 | I26: =I22+I23+I24+I25 -> 1696.3 | J26: 5
B27: 4 | C27: SF05F1 | D27: M | G27: 30 | H27: 0.27 | I27: =G27*H27 -> 8.1 | J27: 1
D28: =SUBSTITUTE("Sp.mat: 0.00%",".",IF(VALUE("1.2")=1.2,".",","),2) -> Sp.mat: 0.00% | F28: =SUBSTITUTE("Sp.man: 0.00%",".",IF(VALUE("1.2")=1.2,".",","),2) -> Sp.man: 0.00% | G28: =SUBSTITUTE("Sp.uti: 0.00%",".",IF(VALUE("1.2")=1.2,".",","),2) -> Sp.uti: 0.00% | H28: 3.4 | I28: =G27*H28 -> 102 | J28: 2
A29: EFECTUAREA PROBEI DE ETANSEITATE LA PRESIUNE A CONDUCTELOR AVAND DIAMETRUL MAX DE 500MM | H29: 0.19 | I29: =G27*H29 -> 5.7 | J29: 3 | K29: 0 | L29: 10.95345 | M29: =I29-K29-L29 -> -5.25345
H30: =0 -> 0 | I30: =G27*H30 -> 0 | J30: 4 | N30: =IF(ISERR(SEARCH("TRA* 82",C27)),IF(Q30+R30+S30=0,0,I30*(Q30/(Q30+R30+S30))),I30) -> 0 | O30: =IF(ISERR(SEARCH("TRA* 82",C27)),IF(Q30+R30+S30=0,0,I30*(R30/(Q30+R30+S30))),0) -> 0 | P30: =IF(ISERR(SEARCH("TRA* 82",C27)),I30-N30-O30,0) -> 0 | Q30: 0 | R30: 0 | S30: 0
H31: =H27+H28+H29+H30 -> 3.86 | I31: =I27+I28+I29+I30 -> 115.8 | J31: 5
B32: 5 | C32: ACE08A1 82 | D32: M CUB | G32: 3 | H32: 41.15 | I32: =G32*H32 -> 123.45 | J32: 1
D33: =SUBSTITUTE("Sp.mat: 0.00%",".",IF(VALUE("1.2")=1.2,".",","),2) -> Sp.mat: 0.00% | F33: =SUBSTITUTE("Sp.man: 0.00%",".",IF(VALUE("1.2")=1.2,".",","),2) -> Sp.man: 0.00% | G33: =SUBSTITUTE("Sp.uti: 0.00%",".",IF(VALUE("1.2")=1.2,".",","),2) -> Sp.uti: 0.00% | H33: 9.77 | I33: =G32*H33 -> 29.31 | J33: 2
A34: UMPLUTURA IN SANT.LA COND.DE ALIM.CU APA SI CANALIZARE CU: NISIP $ | H34: =(1+IF(OR(ISERR(FIND(":",G33)),ISERR(FIND("%",G33))),0,MID(G33,FIND(":",G33)+2,FIND("%",G33)-FIND(":",G33)-2)/100))*0 -> 0 | I34: =G32*H34 -> 0 | J34: 3 | K34: 0 | L34: 0 | M34: =I34-K34-L34 -> 0
H35: =0 -> 0 | I35: =G32*H35 -> 0 | J35: 4 | N35: =IF(ISERR(SEARCH("TRA* 82",C32)),IF(Q35+R35+S35=0,0,I35*(Q35/(Q35+R35+S35))),I35) -> 0 | O35: =IF(ISERR(SEARCH("TRA* 82",C32)),IF(Q35+R35+S35=0,0,I35*(R35/(Q35+R35+S35))),0) -> 0 | P35: =IF(ISERR(SEARCH("TRA* 82",C32)),I35-N35-O35,0) -> 0 | Q35: 0 | R35: 0 | S35: 0
H36: =H32+H33+H34+H35 -> 50.92 | I36: =I32+I33+I34+I35 -> 152.76 | J36: 5
B37: 6 | C37: TSA01XC 91 | D37: M CUB | G37: 30 | H37: =(1+IF(OR(ISERR(FIND(":",D38)),ISERR(FIND("%",D38))),0,MID(D38,FIND(":",D38)+2,FIND("%",D38)-FIND(":",D38)-2)/100))*0 -> 0 | I37: =G37*H37 -> 0 | J37: 1
D38: =SUBSTITUTE("Sp.mat: 0.00%",".",IF(VALUE("1.2")=1.2,".",","),2) -> Sp.mat: 0.00% | F38: =SUBSTITUTE("Sp.man: 0.00%",".",IF(VALUE("1.2")=1.2,".",","),2) -> Sp.man: 0.00% | G38: =SUBSTITUTE("Sp.uti: 0.00%",".",IF(VALUE("1.2")=1.2,".",","),2) -> Sp.uti: 0.00% | H38: 33.64 | I38: =G37*H38 -> 1009.2 | J38: 2
A39: SAPATURA MANUALA DE PAM.IN SPATII INTINSE LA DEBLEE LA CANALE,GROPI,INDEPART.STRAT VEG.TEREN TARE | H39: =(1+IF(OR(ISERR(FIND(":",G38)),ISERR(FIND("%",G38))),0,MID(G38,FIND(":",G38)+2,FIND("%",G38)-FIND(":",G38)-2)/100))*0 -> 0 | I39: =G37*H39 -> 0 | J39: 3 | K39: 0 | L39: 0 | M39: =I39-K39-L39 -> 0
H40: =0 -> 0 | I40: =G37*H40 -> 0 | J40: 4 | N40: =IF(ISERR(SEARCH("TRA* 82",C37)),IF(Q40+R40+S40=0,0,I40*(Q40/(Q40+R40+S40))),I40) -> 0 | O40: =IF(ISERR(SEARCH("TRA* 82",C37)),IF(Q40+R40+S40=0,0,I40*(R40/(Q40+R40+S40))),0) -> 0 | P40: =IF(ISERR(SEARCH("TRA* 82",C37)),I40-N40-O40,0) -> 0 | Q40: 0 | R40: 0 | S40: 0
H41: =H37+H38+H39+H40 -> 33.64 | I41: =I37+I38+I39+I40 -> 1009.2 | J41: 5
B42: 7 | C42: TSF01XA1 91 | D42: MP | G42: 9 | H42: 4.55 | I42: =G42*H42 -> 40.95 | J42: 1
D43: =SUBSTITUTE("Sp.mat: 0.00%",".",IF(VALUE("1.2")=1.2,".",","),2) -> Sp.mat: 0.00% | F43: =SUBSTITUTE("Sp.man: 0.00%",".",IF(VALUE("1.2")=1.2,".",","),2) -> Sp.man: 0.00% | G43: =SUBSTITUTE("Sp.uti: 0.00%",".",IF(VALUE("1.2")=1.2,".",","),2) -> Sp.uti: 0.00% | H43: 8.81 | I43: =G42*H43 -> 79.29 | J43: 2
A44: SPRIJINIRI MALURI DULAPI BRAD ORIZONTAL,LAA SAP.INSPA. LIM. ADIN.0,00-2M,INTERSP.0,00-0,20M,<1,50MAL | H44: =(1+IF(OR(ISERR(FIND(":",G43)),ISERR(FIND("%",G43))),0,MID(G43,FIND(":",G43)+2,FIND("%",G43)-FIND(":",G43)-2)/100))*0 -> 0 | I44: =G42*H44 -> 0 | J44: 3 | K44: 0 | L44: 0 | M44: =I44-K44-L44 -> 0
H45: =0 -> 0 | I45: =G42*H45 -> 0 | J45: 4 | N45: =IF(ISERR(SEARCH("TRA* 82",C42)),IF(Q45+R45+S45=0,0,I45*(Q45/(Q45+R45+S45))),I45) -> 0 | O45: =IF(ISERR(SEARCH("TRA* 82",C42)),IF(Q45+R45+S45=0,0,I45*(R45/(Q45+R45+S45))),0) -> 0 | P45: =IF(ISERR(SEARCH("TRA* 82",C42)),I45-N45-O45,0) -> 0 | Q45: 0 | R45: 0 | S45: 0
H46: =H42+H43+H44+H45 -> 13.36 | I46: =I42+I43+I44+I45 -> 120.24 | J46: 5
B47: 8 | C47: GD17E 99 | D47: M | G47: 30 | H47: 17.94 | I47: =G47*H47 -> 538.2 | J47: 1
D48: =SUBSTITUTE("Sp.mat: 0.00%",".",IF(VALUE("1.2")=1.2,".",","),2) -> Sp.mat: 0.00% | F48: =SUBSTITUTE("Sp.man: 0.00%",".",IF(VALUE("1.2")=1.2,".",","),2) -> Sp.man: 0.00% | G48: =SUBSTITUTE("Sp.uti: 0.00%",".",IF(VALUE("1.2")=1.2,".",","),2) -> Sp.uti: 0.00% | H48: 9.09 | I48: =G47*H48 -> 272.7 | J48: 2
A49: TEAVA POLIETILENA PT.CONDUCTE DE DISTRIBUTIE MONTATA IN SANT CU DN =110 MM | H49: 5.77 | I49: =G47*H49 -> 173.1 | J49: 3 | K49: 234 | L49: 90 | M49: =I49-K49-L49 -> -150.9
H50: =0 -> 0 | I50: =G47*H50 -> 0 | J50: 4 | N50: =IF(ISERR(SEARCH("TRA* 82",C47)),IF(Q50+R50+S50=0,0,I50*(Q50/(Q50+R50+S50))),I50) -> 0 | O50: =IF(ISERR(SEARCH("TRA* 82",C47)),IF(Q50+R50+S50=0,0,I50*(R50/(Q50+R50+S50))),0) -> 0 | P50: =IF(ISERR(SEARCH("TRA* 82",C47)),I50-N50-O50,0) -> 0 | Q50: 0 | R50: 0 | S50: 0
H51: =H47+H48+H49+H50 -> 32.8 | I51: =I47+I48+I49+I50 -> 984 | J51: 5
B52: 9 | C52: 00609C2 02 | D52: BUCATA | G52: 1 | H52: 525.76 | I52: =G52*H52 -> 525.76 | J52: 1
D53: =SUBSTITUTE("Sp.mat: 0.00%",".",IF(VALUE("1.2")=1.2,".",","),2) -> Sp.mat: 0.00% | F53: =SUBSTITUTE("Sp.man: 0.00%",".",IF(VALUE("1.2")=1.2,".",","),2) -> Sp.man: 0.00% | G53: =SUBSTITUTE("Sp.uti: 0.00%",".",IF(VALUE("1.2")=1.2,".",","),2) -> Sp.uti: 0.00% | H53: 35.14 | I53: =G52*H53 -> 35.14 | J53: 2
A54: CAMIN DE APOMETRU | H54: =(1+IF(OR(ISERR(FIND(":",G53)),ISERR(FIND("%",G53))),0,MID(G53,FIND(":",G53)+2,FIND("%",G53)-FIND(":",G53)-2)/100))*0 -> 0 | I54: =G52*H54 -> 0 | J54: 3 | K54: 0 | L54: 0 | M54: =I54-K54-L54 -> 0
H55: =0 -> 0 | I55: =G52*H55 -> 0 | J55: 4 | N55: =IF(ISERR(SEARCH("TRA* 82",C52)),IF(Q55+R55+S55=0,0,I55*(Q55/(Q55+R55+S55))),I55) -> 0 | O55: =IF(ISERR(SEARCH("TRA* 82",C52)),IF(Q55+R55+S55=0,0,I55*(R55/(Q55+R55+S55))),0) -> 0 | P55: =IF(ISERR(SEARCH("TRA* 82",C52)),I55-N55-O55,0) -> 0 | Q55: 0 | R55: 0 | S55: 0
H56: =H52+H53+H54+H55 -> 560.9 | I56: =I52+I53+I54+I55 -> 560.9 | J56: 5
B57: 10 | C57: ACE11XA 93 | D57: BUCATA | G57: 1 | H57: 653.49 | I57: =G57*H57 -> 653.49 | J57: 1
D58: =SUBSTITUTE("Sp.mat: 0.00%",".",IF(VALUE("1.2")=1.2,".",","),2) -> Sp.mat: 0.00% | F58: =SUBSTITUTE("Sp.man: 0.00%",".",IF(VALUE("1.2")=1.2,".",","),2) -> Sp.man: 0.00% | G58: =SUBSTITUTE("Sp.uti: 0.00%",".",IF(VALUE("1.2")=1.2,".",","),2) -> Sp.uti: 0.00% | H58: 48.05 | I58: =G57*H58 -> 48.05 | J58: 2
A59: MONTARE CONTOR DE APA CU PALETE APOMETRU IN CAMINDE BRANSAMENT DIAM DE 15MM,20MM SI 30MM | H59: =(1+IF(OR(ISERR(FIND(":",G58)),ISERR(FIND("%",G58))),0,MID(G58,FIND(":",G58)+2,FIND("%",G58)-FIND(":",G58)-2)/100))*0 -> 0 | I59: =G57*H59 -> 0 | J59: 3 | K59: 0 | L59: 0 | M59: =I59-K59-L59 -> 0
H60: =0 -> 0 | I60: =G57*H60 -> 0 | J60: 4 | N60: =IF(ISERR(SEARCH("TRA* 82",C57)),IF(Q60+R60+S60=0,0,I60*(Q60/(Q60+R60+S60))),I60) -> 0 | O60: =IF(ISERR(SEARCH("TRA* 82",C57)),IF(Q60+R60+S60=0,0,I60*(R60/(Q60+R60+S60))),0) -> 0 | P60: =IF(ISERR(SEARCH("TRA* 82",C57)),I60-N60-O60,0) -> 0 | Q60: 0 | R60: 0 | S60: 0
H61: =H57+H58+H59+H60 -> 701.54 | I61: =I57+I58+I59+I60 -> 701.54 | J61: 5
B62: 11 | C62: TSA01XC 93 | D62: M CUB | G62: 30 | H62: =(1+IF(OR(ISERR(FIND(":",D63)),ISERR(FIND("%",D63))),0,MID(D63,FIND(":",D63)+2,FIND("%",D63)-FIND(":",D63)-2)/100))*0 -> 0 | I62: =G62*H62 -> 0 | J62: 1
D63: =SUBSTITUTE("Sp.mat: 0.00%",".",IF(VALUE("1.2")=1.2,".",","),2) -> Sp.mat: 0.00% | F63: =SUBSTITUTE("Sp.man: 0.00%",".",IF(VALUE("1.2")=1.2,".",","),2) -> Sp.man: 0.00% | G63: =SUBSTITUTE("Sp.uti: 0.00%",".",IF(VALUE("1.2")=1.2,".",","),2) -> Sp.uti: 0.00% | H63: 33.64 | I63: =G62*H63 -> 1009.2 | J63: 2
A64: SAPATURA MANUALA DE PAM.IN SPATII INTINSE LA DEBLEE LA CANALE,GROPI,INDEPART.STRAT VEG.TEREN TARE | H64: =(1+IF(OR(ISERR(FIND(":",G63)),ISERR(FIND("%",G63))),0,MID(G63,FIND(":",G63)+2,FIND("%",G63)-FIND(":",G63)-2)/100))*0 -> 0 | I64: =G62*H64 -> 0 | J64: 3 | K64: 0 | L64: 0 | M64: =I64-K64-L64 -> 0
H65: =0 -> 0 | I65: =G62*H65 -> 0 | J65: 4 | N65: =IF(ISERR(SEARCH("TRA* 82",C62)),IF(Q65+R65+S65=0,0,I65*(Q65/(Q65+R65+S65))),I65) -> 0 | O65: =IF(ISERR(SEARCH("TRA* 82",C62)),IF(Q65+R65+S65=0,0,I65*(R65/(Q65+R65+S65))),0) -> 0 | P65: =IF(ISERR(SEARCH("TRA* 82",C62)),I65-N65-O65,0) -> 0 | Q65: 0 | R65: 0 | S65: 0
H66: =H62+H63+H64+H65 -> 33.64 | I66: =I62+I63+I64+I65 -> 1009.2 | J66: 5
B67: 12 | C67: TSF01XA1 91 | D67: MP | G67: 9 | H67: 4.55 | I67: =G67*H67 -> 40.95 | J67: 1
D68: =SUBSTITUTE("Sp.mat: 0.00%",".",IF(VALUE("1.2")=1.2,".",","),2) -> Sp.mat: 0.00% | F68: =SUBSTITUTE("Sp.man: 0.00%",".",IF(VALUE("1.2")=1.2,".",","),2) -> Sp.man: 0.00% | G68: =SUBSTITUTE("Sp.uti: 0.00%",".",IF(VALUE("1.2")=1.2,".",","),2) -> Sp.uti: 0.00% | H68: 8.81 | I68: =G67*H68 -> 79.29 | J68: 2
A69: SPRIJINIRI MALURI DULAPI BRAD ORIZONTAL,LAA SAP.INSPA.LIM.ADIN.0,00-2M,INTERSP.0,00-0,20M,<1,50MALUR | H69: =(1+IF(OR(ISERR(FIND(":",G68)),ISERR(FIND("%",G68))),0,MID(G68,FIND(":",G68)+2,FIND("%",G68)-FIND(":",G68)-2)/100))*0 -> 0 | I69: =G67*H69 -> 0 | J69: 3 | K69: 0 | L69: 0 | M69: =I69-K69-L69 -> 0
H70: =0 -> 0 | I70: =G67*H70 -> 0 | J70: 4 | N70: =IF(ISERR(SEARCH("TRA* 82",C67)),IF(Q70+R70+S70=0,0,I70*(Q70/(Q70+R70+S70))),I70) -> 0 | O70: =IF(ISERR(SEARCH("TRA* 82",C67)),IF(Q70+R70+S70=0,0,I70*(R70/(Q70+R70+S70))),0) -> 0 | P70: =IF(ISERR(SEARCH("TRA* 82",C67)),I70-N70-O70,0) -> 0 | Q70: 0 | R70: 0 | S70: 0
H71: =H67+H68+H69+H70 -> 13.36 | I71: =I67+I68+I69+I70 -> 120.24 | J71: 5
B72: 13 | C72: W2E05XA1 93 | D72: BUCATA | G72: 2 | H72: 256.06 | I72: =G72*H72 -> 512.12 | J72: 1
D73: =SUBSTITUTE("Sp.mat: 0.00%",".",IF(VALUE("1.2")=1.2,".",","),2) -> Sp.mat: 0.00% | F73: =SUBSTITUTE("Sp.man: 0.00%",".",IF(VALUE("1.2")=1.2,".",","),2) -> Sp.man: 0.00% | G73: =SUBSTITUTE("Sp.uti: 0.00%",".",IF(VALUE("1.2")=1.2,".",","),2) -> Sp.uti: 0.00% | H73: 33.64 | I73: =G72*H73 -> 67.28 | J73: 2
A74: FIRIDA DE BRANSAMENT RETELE ELECTRICE EXTERIOR | H74: =(1+IF(OR(ISERR(FIND(":",G73)),ISERR(FIND("%",G73))),0,MID(G73,FIND(":",G73)+2,FIND("%",G73)-FIND(":",G73)-2)/100))*0 -> 0 | I74: =G72*H74 -> 0 | J74: 3 | K74: 0 | L74: 0 | M74: =I74-K74-L74 -> 0
H75: =0 -> 0 | I75: =G72*H75 -> 0 | J75: 4 | N75: =IF(ISERR(SEARCH("TRA* 82",C72)),IF(Q75+R75+S75=0,0,I75*(Q75/(Q75+R75+S75))),I75) -> 0 | O75: =IF(ISERR(SEARCH("TRA* 82",C72)),IF(Q75+R75+S75=0,0,I75*(R75/(Q75+R75+S75))),0) -> 0 | P75: =IF(ISERR(SEARCH("TRA* 82",C72)),I75-N75-O75,0) -> 0 | Q75: 0 | R75: 0 | S75: 0
A76: FIRIDA 600X800X250MM | H76: =H72+H73+H74+H75 -> 289.7 | I76: =I72+I73+I74+I75 -> 579.4 | J76: 5
B77: 14 | C77: W1S09A1 82 | D77: BUCATA | G77: 1 | H77: 972.42 | I77: =G77*H77 -> 972.42 | J77: 1
D78: =SUBSTITUTE("Sp.mat: 0.00%",".",IF(VALUE("1.2")=1.2,".",","),2) -> Sp.mat: 0.00% | F78: =SUBSTITUTE("Sp.man: 0.00%",".",IF(VALUE("1.2")=1.2,".",","),2) -> Sp.man: 0.00% | G78: =SUBSTITUTE("Sp.uti: 0.00%",".",IF(VALUE("1.2")=1.2,".",","),2) -> Sp.uti: 0.00% | H78: 48.05 | I78: =G77*H78 -> 48.05 | J78: 2
A79: CUTIE BRANSAMENT TELECOMUNICATII | H79: =(1+IF(OR(ISERR(FIND(":",G78)),ISERR(FIND("%",G78))),0,MID(G78,FIND(":",G78)+2,FIND("%",G78)-FIND(":",G78)-2)/100))*0 -> 0 | I79: =G77*H79 -> 0 | J79: 3 | K79: 0 | L79: 0 | M79: =I79-K79-L79 -> 0
H80: =0 -> 0 | I80: =G77*H80 -> 0 | J80: 4 | N80: =IF(ISERR(SEARCH("TRA* 82",C77)),IF(Q80+R80+S80=0,0,I80*(Q80/(Q80+R80+S80))),I80) -> 0 | O80: =IF(ISERR(SEARCH("TRA* 82",C77)),IF(Q80+R80+S80=0,0,I80*(R80/(Q80+R80+S80))),0) -> 0 | P80: =IF(ISERR(SEARCH("TRA* 82",C77)),I80-N80-O80,0) -> 0 | Q80: 0 | R80: 0 | S80: 0
H81: =H77+H78+H79+H80 -> 1020.47 | I81: =I77+I78+I79+I80 -> 1020.47 | J81: 5
B82: 15 | C82: GD05A1 82 | D82: BUCATA | G82: 1 | H82: 513.79 | I82: =G82*H82 -> 513.79 | J82: 1
D83: =SUBSTITUTE("Sp.mat: 0.00%",".",IF(VALUE("1.2")=1.2,".",","),2) -> Sp.mat: 0.00% | F83: =SUBSTITUTE("Sp.man: 0.00%",".",IF(VALUE("1.2")=1.2,".",","),2) -> Sp.man: 0.00% | G83: =SUBSTITUTE("Sp.uti: 0.00%",".",IF(VALUE("1.2")=1.2,".",","),2) -> Sp.uti: 0.00% | H83: 49.17 | I83: =G82*H83 -> 49.17 | J83: 2
A84: FIRIDA DE BRANSAMENT GAZE | H84: =(1+IF(OR(ISERR(FIND(":",G83)),ISERR(FIND("%",G83))),0,MID(G83,FIND(":",G83)+2,FIND("%",G83)-FIND(":",G83)-2)/100))*0 -> 0 | I84: =G82*H84 -> 0 | J84: 3 | K84: 0 | L84: 0 | M84: =I84-K84-L84 -> 0
H85: =0 -> 0 | I85: =G82*H85 -> 0 | J85: 4 | N85: =IF(ISERR(SEARCH("TRA* 82",C82)),IF(Q85+R85+S85=0,0,I85*(Q85/(Q85+R85+S85))),I85) -> 0 | O85: =IF(ISERR(SEARCH("TRA* 82",C82)),IF(Q85+R85+S85=0,0,I85*(R85/(Q85+R85+S85))),0) -> 0 | P85: =IF(ISERR(SEARCH("TRA* 82",C82)),I85-N85-O85,0) -> 0 | Q85: 0 | R85: 0 | S85: 0
A86: FIRIDA 600X600X300MM | H86: =H82+H83+H84+H85 -> 562.96 | I86: =I82+I83+I84+I85 -> 562.96 | J86: 5
E87: =SUMIF(J12:J86,"1",I12:I86) -> 8626.73 | F87: =SUMIF(J12:J86,"2",I12:I86) -> 3670.98 | G87: =SUMIF(J12:J86,"3",I12:I86) -> 377 | H87: =SUMIF(J12:J86,"4",I12:I86) -> 0 | I87: =SUMIF(J12:J86,"5",I12:I86) -> 12674.71 | K87: =SUMIF(J12:J86,"3",K12:K86) -> 605.25 | L87: =SUMIF(J12:J86,"3",L12:L86) -> 100.95345 | M87: =SUMIF(J12:J86,"3",M12:M86) -> -329.20345 | N87: =SUMIF(J12:J86,"4",N12:N86) -> 0 | O87: =SUMIF(J12:J86,"4",O12:O86) -> 0 | P87: =SUMIF(J12:J86,"4",P12:P86) -> 0 | Q87: =SUMIF(J12:J86,"4",Q12:Q86) -> 0 | R87: =SUMIF(J12:J86,"4",R12:R86) -> 0 | S87: =SUMIF(J12:J86,"4",S12:S86) -> 0
B88: TOTAL GENERAL | I88: =I87 -> 12674.71
A91: OFERTANT

Sheet O.000 D.6.2
A1: Formular F3 | J1: 1
A2: Obiectiv: 01F Construire ansamblu educational compus din scoala, gradinita, cai de circulatie, spatii verzi, terenuri de sport, zone de joaca, corpuri de iluminat, spatiu de parcare, gard incinta,care se va amplasa în partea de nord a Bucurestiului
A3: LISTA_x000D_ cu cantitatile de lucrari pe categorii de lucrari
A4: Obiect: 000 CAP 1.3 + CAP 6.2
A5: Categorie: 6.2 PROBE TEHNOLOGICE SI TESTE | I5: [ ron ]
B6: Nr. | C6: Capitol lucrari | D6: U/M | G6: Cantitatea | H6: Pretul unitar | I6: Valoare
B7: Crt. | C7: Simbol | H7: a)materiale
C8: Denumire resursa | H8: b)manopera
C9: Observatii | H9: c)utilaj
C10: Corectii | H10: d)transport
C11: Liste Anexe | H11: Total(a+b+c+d)
B12: 1 | C12: YC01 82 | D12: LEI | G12: 500 | H12: =266.95/G12 -> 0.5339 | I12: =G12*H12 -> 266.95 | J12: 1
D13: =SUBSTITUTE("Sp.mat: 0.00%",".",IF(VALUE("1.2")=1.2,".",","),2) -> Sp.mat: 0.00% | F13: =SUBSTITUTE("Sp.man: 0.00%",".",IF(VALUE("1.2")=1.2,".",","),2) -> Sp.man: 0.00% | G13: =SUBSTITUTE("Sp.uti: 0.00%",".",IF(VALUE("1.2")=1.2,".",","),2) -> Sp.uti: 0.00% | H13: =(1+IF(OR(ISERR(FIND(":",F13)),ISERR(FIND("%",F13))),0,MID(F13,FIND(":",F13)+2,FIND("%",F13)-FIND(":",F13)-2)/100))*0 -> 0 | I13: =G12*H13 -> 0 | J13: 2
A14: PROBA TERASA - ETANSEITATE LA APA - GRADINITA | H14: =(1+IF(OR(ISERR(FIND(":",G13)),ISERR(FIND("%",G13))),0,MID(G13,FIND(":",G13)+2,FIND("%",G13)-FIND(":",G13)-2)/100))*0 -> 0 | I14: =G12*H14 -> 0 | J14: 3 | K14: 0 | L14: 0 | M14: =I14-K14-L14 -> 0
H15: =0 -> 0 | I15: =G12*H15 -> 0 | J15: 4 | N15: =IF(ISERR(SEARCH("TRA* 82",C12)),IF(Q15+R15+S15=0,0,I15*(Q15/(Q15+R15+S15))),I15) -> 0 | O15: =IF(ISERR(SEARCH("TRA* 82",C12)),IF(Q15+R15+S15=0,0,I15*(R15/(Q15+R15+S15))),0) -> 0 | P15: =IF(ISERR(SEARCH("TRA* 82",C12)),I15-N15-O15,0) -> 0 | Q15: 0 | R15: 0 | S15: 0
H16: =H12+H13+H14+H15 -> 0.5339 | I16: =I12+I13+I14+I15 -> 266.95 | J16: 5
B17: 2 | C17: YC01 82 | D17: LEI | G17: 750 | H17: =400.43/G17 -> 0.53390667 | I17: =G17*H17 -> 400.43 | J17: 1
D18: =SUBSTITUTE("Sp.mat: 0.00%",".",IF(VALUE("1.2")=1.2,".",","),2) -> Sp.mat: 0.00% | F18: =SUBSTITUTE("Sp.man: 0.00%",".",IF(VALUE("1.2")=1.2,".",","),2) -> Sp.man: 0.00% | G18: =SUBSTITUTE("Sp.uti: 0.00%",".",IF(VALUE("1.2")=1.2,".",","),2) -> Sp.uti: 0.00% | H18: =(1+IF(OR(ISERR(FIND(":",F18)),ISERR(FIND("%",F18))),0,MID(F18,FIND(":",F18)+2,FIND("%",F18)-FIND(":",F18)-2)/100))*0 -> 0 | I18: =G17*H18 -> 0 | J18: 2
A19: PROBA TERASA - ETANSEITATE LA APA - SCOALA | H19: =(1+IF(OR(ISERR(FIND(":",G18)),ISERR(FIND("%",G18))),0,MID(G18,FIND(":",G18)+2,FIND("%",G18)-FIND(":",G18)-2)/100))*0 -> 0 | I19: =G17*H19 -> 0 | J19: 3 | K19: 0 | L19: 0 | M19: =I19-K19-L19 -> 0
H20: =0 -> 0 | I20: =G17*H20 -> 0 | J20: 4 | N20: =IF(ISERR(SEARCH("TRA* 82",C17)),IF(Q20+R20+S20=0,0,I20*(Q20/(Q20+R20+S20))),I20) -> 0 | O20: =IF(ISERR(SEARCH("TRA* 82",C17)),IF(Q20+R20+S20=0,0,I20*(R20/(Q20+R20+S20))),0) -> 0 | P20: =IF(ISERR(SEARCH("TRA* 82",C17)),I20-N20-O20,0) -> 0 | Q20: 0 | R20: 0 | S20: 0
H21: =H17+H18+H19+H20 -> 0.53390667 | I21: =I17+I18+I19+I20 -> 400.43 | J21: 5
B22: 3 | C22: YC01 82 | D22: LEI | G22: 600 | H22: =320.34/G22 -> 0.5339 | I22: =G22*H22 -> 320.34 | J22: 1
D23: =SUBSTITUTE("Sp.mat: 0.00%",".",IF(VALUE("1.2")=1.2,".",","),2) -> Sp.mat: 0.00% | F23: =SUBSTITUTE("Sp.man: 0.00%",".",IF(VALUE("1.2")=1.2,".",","),2) -> Sp.man: 0.00% | G23: =SUBSTITUTE("Sp.uti: 0.00%",".",IF(VALUE("1.2")=1.2,".",","),2) -> Sp.uti: 0.00% | H23: =(1+IF(OR(ISERR(FIND(":",F23)),ISERR(FIND("%",F23))),0,MID(F23,FIND(":",F23)+2,FIND("%",F23)-FIND(":",F23)-2)/100))*0 -> 0 | I23: =G22*H23 -> 0 | J23: 2
A24: PROBA ETANSEITATE AER- GRADINITA | H24: =(1+IF(OR(ISERR(FIND(":",G23)),ISERR(FIND("%",G23))),0,MID(G23,FIND(":",G23)+2,FIND("%",G23)-FIND(":",G23)-2)/100))*0 -> 0 | I24: =G22*H24 -> 0 | J24: 3 | K24: 0 | L24: 0 | M24: =I24-K24-L24 -> 0
H25: =0 -> 0 | I25: =G22*H25 -> 0 | J25: 4 | N25: =IF(ISERR(SEARCH("TRA* 82",C22)),IF(Q25+R25+S25=0,0,I25*(Q25/(Q25+R25+S25))),I25) -> 0 | O25: =IF(ISERR(SEARCH("TRA* 82",C22)),IF(Q25+R25+S25=0,0,I25*(R25/(Q25+R25+S25))),0) -> 0 | P25: =IF(ISERR(SEARCH("TRA* 82",C22)),I25-N25-O25,0) -> 0 | Q25: 0 | R25: 0 | S25: 0
H26: =H22+H23+H24+H25 -> 0.5339 | I26: =I22+I23+I24+I25 -> 320.34 | J26: 5
B27: 4 | C27: YC01 82 | D27: LEI | G27: 850 | H27: =453.82/G27 -> 0.53390588 | I27: =G27*H27 -> 453.82 | J27: 1
D28: =SUBSTITUTE("Sp.mat: 0.00%",".",IF(VALUE("1.2")=1.2,".",","),2) -> Sp.mat: 0.00% | F28: =SUBSTITUTE("Sp.man: 0.00%",".",IF(VALUE("1.2")=1.2,".",","),2) -> Sp.man: 0.00% | G28: =SUBSTITUTE("Sp.uti: 0.00%",".",IF(VALUE("1.2")=1.2,".",","),2) -> Sp.uti: 0.00% | H28: =(1+IF(OR(ISERR(FIND(":",F28)),ISERR(FIND("%",F28))),0,MID(F28,FIND(":",F28)+2,FIND("%",F28)-FIND(":",F28)-2)/100))*0 -> 0 | I28: =G27*H28 -> 0 | J28: 2
A29: PROBA ETANSEITATE AER - SCOALA | H29: =(1+IF(OR(ISERR(FIND(":",G28)),ISERR(FIND("%",G28))),0,MID(G28,FIND(":",G28)+2,FIND("%",G28)-FIND(":",G28)-2)/100))*0 -> 0 | I29: =G27*H29 -> 0 | J29: 3 | K29: 0 | L29: 0 | M29: =I29-K29-L29 -> 0
H30: =0 -> 0 | I30: =G27*H30 -> 0 | J30: 4 | N30: =IF(ISERR(SEARCH("TRA* 82",C27)),IF(Q30+R30+S30=0,0,I30*(Q30/(Q30+R30+S30))),I30) -> 0 | O30: =IF(ISERR(SEARCH("TRA* 82",C27)),IF(Q30+R30+S30=0,0,I30*(R30/(Q30+R30+S30))),0) -> 0 | P30: =IF(ISERR(SEARCH("TRA* 82",C27)),I30-N30-O30,0) -> 0 | Q30: 0 | R30: 0 | S30: 0
H31: =H27+H28+H29+H30 -> 0.53390588 | I31: =I27+I28+I29+I30 -> 453.82 | J31: 5
B32: 5 | C32: YC01 82 | D32: LEI | G32: 350 | H32: =186.87/G32 -> 0.53391429 | I32: =G32*H32 -> 186.87 | J32: 1
D33: =SUBSTITUTE("Sp.mat: 0.00%",".",IF(VALUE("1.2")=1.2,".",","),2) -> Sp.mat: 0.00% | F33: =SUBSTITUTE("Sp.man: 0.00%",".",IF(VALUE("1.2")=1.2,".",","),2) -> Sp.man: 0.00% | G33: =SUBSTITUTE("Sp.uti: 0.00%",".",IF(VALUE("1.2")=1.2,".",","),2) -> Sp.uti: 0.00% | H33: =(1+IF(OR(ISERR(FIND(":",F33)),ISERR(FIND("%",F33))),0,MID(F33,FIND(":",F33)+2,FIND("%",F33)-FIND(":",F33)-2)/100))*0 -> 0 | I33: =G32*H33 -> 0 | J33: 2
A34: PROBA ETANSEITATE AER - SALA DE SPORT | H34: =(1+IF(OR(ISERR(FIND(":",G33)),ISERR(FIND("%",G33))),0,MID(G33,FIND(":",G33)+2,FIND("%",G33)-FIND(":",G33)-2)/100))*0 -> 0 | I34: =G32*H34 -> 0 | J34: 3 | K34: 0 | L34: 0 | M34: =I34-K34-L34 -> 0
H35: =0 -> 0 | I35: =G32*H35 -> 0 | J35: 4 | N35: =IF(ISERR(SEARCH("TRA* 82",C32)),IF(Q35+R35+S35=0,0,I35*(Q35/(Q35+R35+S35))),I35) -> 0 | O35: =IF(ISERR(SEARCH("TRA* 82",C32)),IF(Q35+R35+S35=0,0,I35*(R35/(Q35+R35+S35))),0) -> 0 | P35: =IF(ISERR(SEARCH("TRA* 82",C32)),I35-N35-O35,0) -> 0 | Q35: 0 | R35: 0 | S35: 0
H36: =H32+H33+H34+H35 -> 0.53391429 | I36: =I32+I33+I34+I35 -> 186.87 | J36: 5
E37: =SUMIF(J12:J36,"1",I12:I36) -> 1628.41 | F37: =SUMIF(J12:J36,"2",I12:I36) -> 0 | G37: =SUMIF(J12:J36,"3",I12:I36) -> 0 | H37: =SUMIF(J12:J36,"4",I12:I36) -> 0 | I37: =SUMIF(J12:J36,"5",I12:I36) -> 1628.41 | K37: =SUMIF(J12:J36,"3",K12:K36) -> 0 | L37: =SUMIF(J12:J36,"3",L12:L36) -> 0 | M37: =SUMIF(J12:J36,"3",M12:M36) -> 0 | N37: =SUMIF(J12:J36,"4",N12:N36) -> 0 | O37: =SUMIF(J12:J36,"4",O12:O36) -> 0 | P37: =SUMIF(J12:J36,"4",P12:P36) -> 0 | Q37: =SUMIF(J12:J36,"4",Q12:Q36) -> 0 | R37: =SUMIF(J12:J36,"4",R12:R36) -> 0 | S37: =SUMIF(J12:J36,"4",S12:S36) -> 0
B38: TOTAL GENERAL | I38: =I37 -> 1628.41

Sheet O.01 D.04
A1: Formular F3 | J1: 1
A2: Obiectiv: 01F Construire ansamblu educational compus din scoala, gradinita, cai de circulatie, spatii verzi, terenuri de sport, zone de joaca, corpuri de iluminat, spatiu de parcare, gard incinta,care se va amplasa în partea de nord a Bucurestiului
A3: LISTA_x000D_ cu cantitatile de lucrari pe categorii de lucrari
A4: Obiect: 01 SCOALA
A5: Categorie: 04 INSTALATII SANITARE | I5: [ ron ]
B6: Nr. | C6: Capitol lucrari | D6: U/M | G6: Cantitatea | H6: Pretul unitar | I6: Valoare
B7: Crt. | C7: Simbol | H7: a)materiale
C8: Denumire resursa | H8: b)manopera
C9: Observatii | H9: c)utilaj
C10: Corectii | H10: d)transport
C11: Liste Anexe | H11: Total(a+b+c+d)
B12: 1 | C12: SD17B 99 | D12: BUCATA | G12: 19 | H12: 1082.47 | I12: =G12*H12 -> 20566.93 | J12: 1
D13: =SUBSTITUTE("Sp.mat: 0.00%",".",IF(VALUE("1.2")=1.2,".",","),2) -> Sp.mat: 0.00% | F13: =SUBSTITUTE("Sp.man: 0.00%",".",IF(VALUE("1.2")=1.2,".",","),2) -> Sp.man: 0.00% | G13: =SUBSTITUTE("Sp.uti: 0.00%",".",IF(VALUE("1.2")=1.2,".",","),2) -> Sp.uti: 0.00% | H13: =1217.29/G12 -> 64.067895 | I13: =G12*H13 -> 1217.29 | J13: 2
A14: HIDRANT INTERIOR, PENTRU CLADIRI, CU DIAMETRUL DE 2", PE PERETE (CUTIE+RAMA) | H14: =(1+IF(OR(ISERR(FIND(":",G13)),ISERR(FIND("%",G13))),0,MID(G13,FIND(":",G13)+2,FIND("%",G13)-FIND(":",G13)-2)/100))*0 -> 0 | I14: =G12*H14 -> 0 | J14: 3 | K14: 0 | L14: 0 | M14: =I14-K14-L14 -> 0
H15: =0 -> 0 | I15: =G12*H15 -> 0 | J15: 4 | N15: =IF(ISERR(SEARCH("TRA* 82",C12)),IF(Q15+R15+S15=0,0,I15*(Q15/(Q15+R15+S15))),I15) -> 0 | O15: =IF(ISERR(SEARCH("TRA* 82",C12)),IF(Q15+R15+S15=0,0,I15*(R15/(Q15+R15+S15))),0) -> 0 | P15: =IF(ISERR(SEARCH("TRA* 82",C12)),I15-N15-O15,0) -> 0 | Q15: 0 | R15: 0 | S15: 0
H16: =H12+H13+H14+H15 -> 1146.5379 | I16: =I12+I13+I14+I15 -> 21784.22 | J16: 5
B17: 2 | C17: SA02XC 91 | D17: M | G17: 85 | H17: =2098.23/G17 -> 24.685059 | I17: =G17*H17 -> 2098.23 | J17: 1
D18: =SUBSTITUTE("Sp.mat: 0.00%",".",IF(VALUE("1.2")=1.2,".",","),2) -> Sp.mat: 0.00% | F18: =SUBSTITUTE("Sp.man: 0.00%",".",IF(VALUE("1.2")=1.2,".",","),2) -> Sp.man: 0.00% | G18: =SUBSTITUTE("Sp.uti: 0.00%",".",IF(VALUE("1.2")=1.2,".",","),2) -> Sp.uti: 0.00% | H18: =1837.95/G17 -> 21.622941 | I18: =G17*H18 -> 1837.95 | J18: 2
A19: TEAVA OL ZN SUDATA LONG,CU FILET SI MUFA,PT.INST.MONT.LA CONST.CIVILE AVIND DIAMETRUL DE 1 1/2"-2" | H19: =(1+IF(OR(ISERR(FIND(":",G18)),ISERR(FIND("%",G18))),0,MID(G18,FIND(":",G18)+2,FIND("%",G18)-FIND(":",G18)-2)/100))*0 -> 0 | I19: =G17*H19 -> 0 | J19: 3 | K19: 0 | L19: 0 | M19: =I19-K19-L19 -> 0
H20: =0 -> 0 | I20: =G17*H20 -> 0 | J20: 4 | N20: =IF(ISERR(SEARCH("TRA* 82",C17)),IF(Q20+R20+S20=0,0,I20*(Q20/(Q20+R20+S20))),I20) -> 0 | O20: =IF(ISERR(SEARCH("TRA* 82",C17)),IF(Q20+R20+S20=0,0,I20*(R20/(Q20+R20+S20))),0) -> 0 | P20: =IF(ISERR(SEARCH("TRA* 82",C17)),I20-N20-O20,0) -> 0 | Q20: 0 | R20: 0 | S20: 0
H21: =H17+H18+H19+H20 -> 46.308 | I21: =I17+I18+I19+I20 -> 3936.18 | J21: 5
B22: 3 | C22: SA02XD 91 | D22: M | G22: 49 | H22: =1182.98/G22 -> 24.142449 | I22: =G22*H22 -> 1182.98 | J22: 1
D23: =SUBSTITUTE("Sp.mat: 0.00%",".",IF(VALUE("1.2")=1.2,".",","),2) -> Sp.mat: 0.00% | F23: =SUBSTITUTE("Sp.man: 0.00%",".",IF(VALUE("1.2")=1.2,".",","),2) -> Sp.man: 0.00% | G23: =SUBSTITUTE("Sp.uti: 0.00%",".",IF(VALUE("1.2")=1.2,".",","),2) -> Sp.uti: 0.00% | H23: =1334.22/G22 -> 27.22898 | I23: =G22*H23 -> 1334.22 | J23: 2
A24: TEAVA OL ZN SUDATA LONG,CU FILET SI MUFA,PT.INST.MONT.LA CONST.CIVILE AVIND DIAMETRUL DE 2 1/2"-3" | H24: =(1+IF(OR(ISERR(FIND(":",G23)),ISERR(FIND("%",G23))),0,MID(G23,FIND(":",G23)+2,FIND("%",G23)-FIND(":",G23)-2)/100))*0 -> 0 | I24: =G22*H24 -> 0 | J24: 3 | K24: 0 | L24: 0 | M24: =I24-K24-L24 -> 0
H25: =0 -> 0 | I25: =G22*H25 -> 0 | J25: 4 | N25: =IF(ISERR(SEARCH("TRA* 82",C22)),IF(Q25+R25+S25=0,0,I25*(Q25/(Q25+R25+S25))),I25) -> 0 | O25: =IF(ISERR(SEARCH("TRA* 82",C22)),IF(Q25+R25+S25=0,0,I25*(R25/(Q25+R25+S25))),0) -> 0 | P25: =IF(ISERR(SEARCH("TRA* 82",C22)),I25-N25-O25,0) -> 0 | Q25: 0 | R25: 0 | S25: 0
H26: =H22+H23+H24+H25 -> 51.371429 | I26: =I22+I23+I24+I25 -> 2517.2 | J26: 5
B27: 4 | C27: SA02XD 91 | D27: M | G27: 75 | H27: =2842.52/G27 -> 37.900267 | I27: =G27*H27 -> 2842.52 | J27: 1
D28: =SUBSTITUTE("Sp.mat: 0.00%",".",IF(VALUE("1.2")=1.2,".",","),2) -> Sp.mat: 0.00% | F28: =SUBSTITUTE("Sp.man: 0.00%",".",IF(VALUE("1.2")=1.2,".",","),2) -> Sp.man: 0.00% | G28: =SUBSTITUTE("Sp.uti: 0.00%",".",IF(VALUE("1.2")=1.2,".",","),2) -> Sp.uti: 0.00% | H28: =2042.17/G27 -> 27.228933 | I28: =G27*H28 -> 2042.17 | J28: 2
A29: TEAVA OL ZN SUDATA LONG,CU FILET SI MUFA,PT.INST.MONT.LA CONST.CIVILE AVIND DIAMETRUL DE 2 1/2"-3" | H29: =(1+IF(OR(ISERR(FIND(":",G28)),ISERR(FIND("%",G28))),0,MID(G28,FIND(":",G28)+2,FIND("%",G28)-FIND(":",G28)-2)/100))*0 -> 0 | I29: =G27*H29 -> 0 | J29: 3 | K29: 0 | L29: 0 | M29: =I29-K29-L29 -> 0
H30: =0 -> 0 | I30: =G27*H30 -> 0 | J30: 4 | N30: =IF(ISERR(SEARCH("TRA* 82",C27)),IF(Q30+R30+S30=0,0,I30*(Q30/(Q30+R30+S30))),I30) -> 0 | O30: =IF(ISERR(SEARCH("TRA* 82",C27)),IF(Q30+R30+S30=0,0,I30*(R30/(Q30+R30+S30))),0) -> 0 | P30: =IF(ISERR(SEARCH("TRA* 82",C27)),I30-N30-O30,0) -> 0 | Q30: 0 | R30: 0 | S30: 0
H31: =H27+H28+H29+H30 -> 65.1292 | I31: =I27+I28+I29+I30 -> 4884.69 | J31: 5
B32: 5 | C32: SA02XE 91 | D32: M | G32: 13 | H32: =707.69/G32 -> 54.437692 | I32: =G32*H32 -> 707.69 | J32: 1
D33: =SUBSTITUTE("Sp.mat: 0.00%",".",IF(VALUE("1.2")=1.2,".",","),2) -> Sp.mat: 0.00% | F33: =SUBSTITUTE("Sp.man: 0.00%",".",IF(VALUE("1.2")=1.2,".",","),2) -> Sp.man: 0.00% | G33: =SUBSTITUTE("Sp.uti: 0.00%",".",IF(VALUE("1.2")=1.2,".",","),2) -> Sp.uti: 0.00% | H33: =437.26/G32 -> 33.635385 | I33: =G32*H33 -> 437.26 | J33: 2
A34: TEAVA OL ZN SUDATA LONG,CU FILET SI MUFA,PT.INST.MONT.LA CONST.CIVILE AVIND DIAMETRUL DE 4" | H34: =(1+IF(OR(ISERR(FIND(":",G33)),ISERR(FIND("%",G33))),0,MID(G33,FIND(":",G33)+2,FIND("%",G33)-FIND(":",G33)-2)/100))*0 -> 0 | I34: =G32*H34 -> 0 | J34: 3 | K34: 0 | L34: 0 | M34: =I34-K34-L34 -> 0
H35: =0 -> 0 | I35: =G32*H35 -> 0 | J35: 4 | N35: =IF(ISERR(SEARCH("TRA* 82",C32)),IF(Q35+R35+S35=0,0,I35*(Q35/(Q35+R35+S35))),I35) -> 0 | O35: =IF(ISERR(SEARCH("TRA* 82",C32)),IF(Q35+R35+S35=0,0,I35*(R35/(Q35+R35+S35))),0) -> 0 | P35: =IF(ISERR(SEARCH("TRA* 82",C32)),I35-N35-O35,0) -> 0 | Q35: 0 | R35: 0 | S35: 0
H36: =H32+H33+H34+H35 -> 88.073077 | I36: =I32+I33+I34+I35 -> 1144.95 | J36: 5
B37: 6 | C37: SF05A 99 | D37: M | G37: 85 | H37: =(1+IF(OR(ISERR(FIND(":",D38)),ISERR(FIND("%",D38))),0,MID(D38,FIND(":",D38)+2,FIND("%",D38)-FIND(":",D38)-2)/100))*0 -> 0 | I37: =G37*H37 -> 0 | J37: 1
D38: =SUBSTITUTE("Sp.mat: 0.00%",".",IF(VALUE("1.2")=1.2,".",","),2) -> Sp.mat: 0.00% | F38: =SUBSTITUTE("Sp.man: 0.00%",".",IF(VALUE("1.2")=1.2,".",","),2) -> Sp.man: 0.00% | G38: =SUBSTITUTE("Sp.uti: 0.00%",".",IF(VALUE("1.2")=1.2,".",","),2) -> Sp.uti: 0.00% | H38: =81.69/G37 -> 0.96105882 | I38: =G37*H38 -> 81.69 | J38: 2
A39: SPALAREA INSTALATIEI DE APA, EXECUTATA DIN TEAVA DE OTEL ZINCATA, D= 3/8" - 2" | H39: =(1+IF(OR(ISERR(FIND(":",G38)),ISERR(FIND("%",G38))),0,MID(G38,FIND(":",G38)+2,FIND("%",G38)-FIND(":",G38)-2)/100))*0 -> 0 | I39: =G37*H39 -> 0 | J39: 3 | K39: 0 | L39: 0 | M39: =I39-K39-L39 -> 0
H40: =0 -> 0 | I40: =G37*H40 -> 0 | J40: 4 | N40: =IF(ISERR(SEARCH("TRA* 82",C37)),IF(Q40+R40+S40=0,0,I40*(Q40/(Q40+R40+S40))),I40) -> 0 | O40: =IF(ISERR(SEARCH("TRA* 82",C37)),IF(Q40+R40+S40=0,0,I40*(R40/(Q40+R40+S40))),0) -> 0 | P40: =IF(ISERR(SEARCH("TRA* 82",C37)),I40-N40-O40,0) -> 0 | Q40: 0 | R40: 0 | S40: 0
H41: =H37+H38+H39+H40 -> 0.96105882 | I41: =I37+I38+I39+I40 -> 81.69 | J41: 5
B42: 7 | C42: SF05B 99 | D42: M | G42: 137 | H42: =(1+IF(OR(ISERR(FIND(":",D43)),ISERR(FIND("%",D43))),0,MID(D43,FIND(":",D43)+2,FIND("%",D43)-FIND(":",D43)-2)/100))*0 -> 0 | I42: =G42*H42 -> 0 | J42: 1
D43: =SUBSTITUTE("Sp.mat: 0.00%",".",IF(VALUE("1.2")=1.2,".",","),2) -> Sp.mat: 0.00% | F43: =SUBSTITUTE("Sp.man: 0.00%",".",IF(VALUE("1.2")=1.2,".",","),2) -> Sp.man: 0.00% | G43: =SUBSTITUTE("Sp.uti: 0.00%",".",IF(VALUE("1.2")=1.2,".",","),2) -> Sp.uti: 0.00% | H43: =175.55/G42 -> 1.2813869 | I43: =G42*H43 -> 175.55 | J43: 2
A44: SPALAREA INSTALATIEI DE APA, EXECUTATA DIN TEAVA DE OTEL ZINCATA, D= 2 1/2" - 4" | H44: =(1+IF(OR(ISERR(FIND(":",G43)),ISERR(FIND("%",G43))),0,MID(G43,FIND(":",G43)+2,FIND("%",G43)-FIND(":",G43)-2)/100))*0 -> 0 | I44: =G42*H44 -> 0 | J44: 3 | K44: 0 | L44: 0 | M44: =I44-K44-L44 -> 0
H45: =0 -> 0 | I45: =G42*H45 -> 0 | J45: 4 | N45: =IF(ISERR(SEARCH("TRA* 82",C42)),IF(Q45+R45+S45=0,0,I45*(Q45/(Q45+R45+S45))),I45) -> 0 | O45: =IF(ISERR(SEARCH("TRA* 82",C42)),IF(Q45+R45+S45=0,0,I45*(R45/(Q45+R45+S45))),0) -> 0 | P45: =IF(ISERR(SEARCH("TRA* 82",C42)),I45-N45-O45,0) -> 0 | Q45: 0 | R45: 0 | S45: 0
H46: =H42+H43+H44+H45 -> 1.2813869 | I46: =I42+I43+I44+I45 -> 175.55 | J46: 5
B47: 8 | C47: IC46A 99 | D47: BUCATA | G47: 1 | H47: 143.85 | I47: =G47*H47 -> 143.85 | J47: 1
D48: =SUBSTITUTE("Sp.mat: 0.00%",".",IF(VALUE("1.2")=1.2,".",","),2) -> Sp.mat: 0.00% | F48: =SUBSTITUTE("Sp.man: 0.00%",".",IF(VALUE("1.2")=1.2,".",","),2) -> Sp.man: 0.00% | G48: =SUBSTITUTE("Sp.uti: 0.00%",".",IF(VALUE("1.2")=1.2,".",","),2) -> Sp.uti: 0.00% | H48: 54.46 | I48: =G47*H48 -> 54.46 | J48: 2
A49: DISTRIBUITOR-COLECTOR PTR.PUNCTE SI CENTRALE TERMICE MONT.PE SUSTINATOR GATA CONF.65-100 MM | H49: =(1+IF(OR(ISERR(FIND(":",G48)),ISERR(FIND("%",G48))),0,MID(G48,FIND(":",G48)+2,FIND("%",G48)-FIND(":",G48)-2)/100))*0 -> 0 | I49: =G47*H49 -> 0 | J49: 3 | K49: 0 | L49: 0 | M49: =I49-K49-L49 -> 0
H50: =0 -> 0 | I50: =G47*H50 -> 0 | J50: 4 | N50: =IF(ISERR(SEARCH("TRA* 82",C47)),IF(Q50+R50+S50=0,0,I50*(Q50/(Q50+R50+S50))),I50) -> 0 | O50: =IF(ISERR(SEARCH("TRA* 82",C47)),IF(Q50+R50+S50=0,0,I50*(R50/(Q50+R50+S50))),0) -> 0 | P50: =IF(ISERR(SEARCH("TRA* 82",C47)),I50-N50-O50,0) -> 0 | Q50: 0 | R50: 0 | S50: 0
A51: ASIMILAT | H51: =H47+H48+H49+H50 -> 198.31 | I51: =I47+I48+I49+I50 -> 198.31 | J51: 5
A52: Confectionare si montare corp distribuitor apa rece din conducta otel zincata Dn 3", avand racord
A53: manometru, racord golire 1/2"
B54: 9 | C54: SE56A 99 | D54: BUCATA | G54: 1 | H54: 2117.08 | I54: =G54*H54 -> 2117.08 | J54: 1
D55: =SUBSTITUTE("Sp.mat: 0.00%",".",IF(VALUE("1.2")=1.2,".",","),2) -> Sp.mat: 0.00% | F55: =SUBSTITUTE("Sp.man: 0.00%",".",IF(VALUE("1.2")=1.2,".",","),2) -> Sp.man: 0.00% | G55: =SUBSTITUTE("Sp.uti: 0.00%",".",IF(VALUE("1.2")=1.2,".",","),2) -> Sp.uti: 0.00% | H55: 36.84 | I55: =G54*H55 -> 36.84 | J55: 2
A56: FILTRU PT. APA POTABILA CU MUFE FILETATE PT. MONTAJ PE CONDUCTA,AVIND DIAMETRUL DE 1"-2" | H56: =(1+IF(OR(ISERR(FIND(":",G55)),ISERR(FIND("%",G55))),0,MID(G55,FIND(":",G55)+2,FIND("%",G55)-FIND(":",G55)-2)/100))*0 -> 0 | I56: =G54*H56 -> 0 | J56: 3 | K56: 0 | L56: 0 | M56: =I56-K56-L56 -> 0
H57: =0 -> 0 | I57: =G54*H57 -> 0 | J57: 4 | N57: =IF(ISERR(SEARCH("TRA* 82",C54)),IF(Q57+R57+S57=0,0,I57*(Q57/(Q57+R57+S57))),I57) -> 0 | O57: =IF(ISERR(SEARCH("TRA* 82",C54)),IF(Q57+R57+S57=0,0,I57*(R57/(Q57+R57+S57))),0) -> 0 | P57: =IF(ISERR(SEARCH("TRA* 82",C54)),I57-N57-O57,0) -> 0 | Q57: 0 | R57: 0 | S57: 0
A58: ASIMILAT | H58: =H54+H55+H56+H57 -> 2153.92 | I58: =I54+I55+I56+I57 -> 2153.92 | J58: 5
A59: Filtru impuritati autocuratator Dn 3”, inclusiv transformatorul electric de alimentare
B60: 10 | C60: CR34A 99 | D60: M | G60: 40 | H60: =(1+IF(OR(ISERR(FIND(":",D61)),ISERR(FIND("%",D61))),0,MID(D61,FIND(":",D61)+2,FIND("%",D61)-FIND(":",D61)-2)/100))*0 -> 0 | I60: =G60*H60 -> 0 | J60: 1
D61: =SUBSTITUTE("Sp.mat: 0.00%",".",IF(VALUE("1.2")=1.2,".",","),2) -> Sp.mat: 0.00% | F61: =SUBSTITUTE("Sp.man: 0.00%",".",IF(VALUE("1.2")=1.2,".",","),2) -> Sp.man: 0.00% | G61: =SUBSTITUTE("Sp.uti: 0.00%",".",IF(VALUE("1.2")=1.2,".",","),2) -> Sp.uti: 0.00% | H61: =640.68/G60 -> 16.017 | I61: =G60*H61 -> 640.68 | J61: 2
A62: RIGOLE DE SCURGERE,DIN CARAMIDA PRESATA EXECUTATE CU SECTIUNEA DE 12X25 CM | H62: =(1+IF(OR(ISERR(FIND(":",G61)),ISERR(FIND("%",G61))),0,MID(G61,FIND(":",G61)+2,FIND("%",G61)-FIND(":",G61)-2)/100))*0 -> 0 | I62: =G60*H62 -> 0 | J62: 3 | K62: 0 | L62: 0 | M62: =I62-K62-L62 -> 0
H63: =0 -> 0 | I63: =G60*H63 -> 0 | J63: 4 | N63: =IF(ISERR(SEARCH("TRA* 82",C60)),IF(Q63+R63+S63=0,0,I63*(Q63/(Q63+R63+S63))),I63) -> 0 | O63: =IF(ISERR(SEARCH("TRA* 82",C60)),IF(Q63+R63+S63=0,0,I63*(R63/(Q63+R63+S63))),0) -> 0 | P63: =IF(ISERR(SEARCH("TRA* 82",C60)),I63-N63-O63,0) -> 0 | Q63: 0 | R63: 0 | S63: 0
A64: ASIMILAT MONTAJ | H64: =H60+H61+H62+H63 -> 16.017 | I64: =I60+I61+I62+I63 -> 640.68 | J64: 5
A65: Sistem rigole din Filcoten, beton armat cu fibre minerale, clasa A1 rezistenta la foc, LN100,
A66: inaltime variabila, lungime element 1 m, gratar fonta D399
B67: 11 | C67: R000102 | D67: BUCATA | G67: 40 | H67: =17939.04/G67 -> 448.476 | I67: =G67*H67 -> 17939.04 | J67: 1
D68: =SUBSTITUTE("Sp.mat: 0.00%",".",IF(VALUE("1.2")=1.2,".",","),2) -> Sp.mat: 0.00% | F68: =SUBSTITUTE("Sp.man: 0.00%",".",IF(VALUE("1.2")=1.2,".",","),2) -> Sp.man: 0.00% | G68: =SUBSTITUTE("Sp.uti: 0.00%",".",IF(VALUE("1.2")=1.2,".",","),2) -> Sp.uti: 0.00% | H68: =(1+IF(OR(ISERR(FIND(":",F68)),ISERR(FIND("%",F68))),0,MID(F68,FIND(":",F68)+2,FIND("%",F68)-FIND(":",F68)-2)/100))*0 -> 0 | I68: =G67*H68 -> 0 | J68: 2
A69: RIGOLA FILCOTEN, CLASA A1, LN100, H=VAR, GR FONTA D399 | H69: =(1+IF(OR(ISERR(FIND(":",G68)),ISERR(FIND("%",G68))),0,MID(G68,FIND(":",G68)+2,FIND("%",G68)-FIND(":",G68)-2)/100))*0 -> 0 | I69: =G67*H69 -> 0 | J69: 3 | K69: 0 | L69: 0 | M69: =I69-K69-L69 -> 0
H70: =0 -> 0 | I70: =G67*H70 -> 0 | J70: 4 | N70: =IF(ISERR(SEARCH("TRA* 82",C67)),IF(Q70+R70+S70=0,0,I70*(Q70/(Q70+R70+S70))),I70) -> 0 | O70: =IF(ISERR(SEARCH("TRA* 82",C67)),IF(Q70+R70+S70=0,0,I70*(R70/(Q70+R70+S70))),0) -> 0 | P70: =IF(ISERR(SEARCH("TRA* 82",C67)),I70-N70-O70,0) -> 0 | Q70: 0 | R70: 0 | S70: 0
H71: =H67+H68+H69+H70 -> 448.476 | I71: =I67+I68+I69+I70 -> 17939.04 | J71: 5
A72: Sistem rigole din Filcoten, beton armat cu fibre minerale, clasa A1 rezistenta la foc, LN100,
A73: inaltime variabila, lungime element 1 m, gratar fonta D399
B74: 12 | C74: ACA12A1 82 | D74: M | G74: 49 | H74: =320.94/G74 -> 6.5497959 | I74: =G74*H74 -> 320.94 | J74: 1
D75: =SUBSTITUTE("Sp.mat: 0.00%",".",IF(VALUE("1.2")=1.2,".",","),2) -> Sp.mat: 0.00% | F75: =SUBSTITUTE("Sp.man: 0.00%",".",IF(VALUE("1.2")=1.2,".",","),2) -> Sp.man: 0.00% | G75: =SUBSTITUTE("Sp.uti: 0.00%",".",IF(VALUE("1.2")=1.2,".",","),2) -> Sp.uti: 0.00% | H75: =133.42/G74 -> 2.7228571 | I75: =G74*H75 -> 133.42 | J75: 2
A76: MONTARE TEAVA PVC MUFATA DE 9M LUNG.,IN PAMINT,IN EXTERIORUL CLADIRILOR ETANS.CU GARNIT.CAUC.DN 125 | H76: =0.06/G74 -> 0.0012244898 | I76: =G74*H76 -> 0.06 | J76: 3 | K76: 0.12495 | L76: 0 | M76: =I76-K76-L76 -> -0.06495
H77: =0 -> 0 | I77: =G74*H77 -> 0 | J77: 4 | N77: =IF(ISERR(SEARCH("TRA* 82",C74)),IF(Q77+R77+S77=0,0,I77*(Q77/(Q77+R77+S77))),I77) -> 0 | O77: =IF(ISERR(SEARCH("TRA* 82",C74)),IF(Q77+R77+S77=0,0,I77*(R77/(Q77+R77+S77))),0) -> 0 | P77: =IF(ISERR(SEARCH("TRA* 82",C74)),I77-N77-O77,0) -> 0 | Q77: 0 | R77: 0 | S77: 0
A78: ASIMILAT | H78: =H74+H75+H76+H77 -> 9.2738776 | I78: =I74+I75+I76+I77 -> 454.42 | J78: 5
A79: PVC-KG 110
B80: 13 | C80: ACA12A1 82 | D80: M | G80: 41 | H80: =287.4/G80 -> 7.0097561 | I80: =G80*H80 -> 287.4 | J80: 1
D81: =SUBSTITUTE("Sp.mat: 0.00%",".",IF(VALUE("1.2")=1.2,".",","),2) -> Sp.mat: 0.00% | F81: =SUBSTITUTE("Sp.man: 0.00%",".",IF(VALUE("1.2")=1.2,".",","),2) -> Sp.man: 0.00% | G81: =SUBSTITUTE("Sp.uti: 0.00%",".",IF(VALUE("1.2")=1.2,".",","),2) -> Sp.uti: 0.00% | H81: =111.64/G80 -> 2.7229268 | I81: =G80*H81 -> 111.64 | J81: 2
A82: MONTARE TEAVA PVC MUFATA DE 9M LUNG.,IN PAMINT,IN EXTERIORUL CLADIRILOR ETANS.CU GARNIT.CAUC.DN 125 | H82: =0.05/G80 -> 0.0012195122 | I82: =G80*H82 -> 0.05 | J82: 3 | K82: 0.10455 | L82: 0 | M82: =I82-K82-L82 -> -0.05455
H83: =0 -> 0 | I83: =G80*H83 -> 0 | J83: 4 | N83: =IF(ISERR(SEARCH("TRA* 82",C80)),IF(Q83+R83+S83=0,0,I83*(Q83/(Q83+R83+S83))),I83) -> 0 | O83: =IF(ISERR(SEARCH("TRA* 82",C80)),IF(Q83+R83+S83=0,0,I83*(R83/(Q83+R83+S83))),0) -> 0 | P83: =IF(ISERR(SEARCH("TRA* 82",C80)),I83-N83-O83,0) -> 0 | Q83: 0 | R83: 0 | S83: 0
A84: ASIMILAT | H84: =H80+H81+H82+H83 -> 9.7339024 | I84: =I80+I81+I82+I83 -> 399.09 | J84: 5
A85: PVC-KG 125
B86: 14 | C86: ACA12B1 82 | D86: M | G86: 51 | H86: =578.62/G86 -> 11.34549 | I86: =G86*H86 -> 578.62 | J86: 1
D87: =SUBSTITUTE("Sp.mat: 0.00%",".",IF(VALUE("1.2")=1.2,".",","),2) -> Sp.mat: 0.00% | F87: =SUBSTITUTE("Sp.man: 0.00%",".",IF(VALUE("1.2")=1.2,".",","),2) -> Sp.man: 0.00% | G87: =SUBSTITUTE("Sp.uti: 0.00%",".",IF(VALUE("1.2")=1.2,".",","),2) -> Sp.uti: 0.00% | H87: =155.2/G86 -> 3.0431373 | I87: =G86*H87 -> 155.2 | J87: 2
A88: MONTARE TEAVA PVC MUFATA DE 9M LUNG.,IN PAMINT,IN EXTERIORUL CLADIRILOR ETANS.CU GARNIT.CAUC.DN 160 | H88: =0.07/G86 -> 0.001372549 | I88: =G86*H88 -> 0.07 | J88: 3 | K88: 0.13005 | L88: 0 | M88: =I88-K88-L88 -> -0.06005
H89: =0 -> 0 | I89: =G86*H89 -> 0 | J89: 4 | N89: =IF(ISERR(SEARCH("TRA* 82",C86)),IF(Q89+R89+S89=0,0,I89*(Q89/(Q89+R89+S89))),I89) -> 0 | O89: =IF(ISERR(SEARCH("TRA* 82",C86)),IF(Q89+R89+S89=0,0,I89*(R89/(Q89+R89+S89))),0) -> 0 | P89: =IF(ISERR(SEARCH("TRA* 82",C86)),I89-N89-O89,0) -> 0 | Q89: 0 | R89: 0 | S89: 0
A90: ASIMILAT | H90: =H86+H87+H88+H89 -> 14.39 | I90: =I86+I87+I88+I89 -> 733.89 | J90: 5
A91: PVC-KG 160
B92: 15 | C92: ACA12C1 82 | D92: M | G92: 72 | H92: =1555.13/G92 -> 21.599028 | I92: =G92*H92 -> 1555.13 | J92: 1
D93: =SUBSTITUTE("Sp.mat: 0.00%",".",IF(VALUE("1.2")=1.2,".",","),2) -> Sp.mat: 0.00% | F93: =SUBSTITUTE("Sp.man: 0.00%",".",IF(VALUE("1.2")=1.2,".",","),2) -> Sp.man: 0.00% | G93: =SUBSTITUTE("Sp.uti: 0.00%",".",IF(VALUE("1.2")=1.2,".",","),2) -> Sp.uti: 0.00% | H93: =253.71/G92 -> 3.52375 | I93: =G92*H93 -> 253.71 | J93: 2
A94: MONTARE TEAVA PVC MUFATA DE 9M LUNG.,IN PAMINT,IN EXTERIORUL CLADIRILOR ETANS.CU GARNIT.CAUC.DN 200 | H94: =0.1/G92 -> 0.0013888889 | I94: =G92*H94 -> 0.1 | J94: 3 | K94: 0.1836 | L94: 0 | M94: =I94-K94-L94 -> -0.0836
H95: =0 -> 0 | I95: =G92*H95 -> 0 | J95: 4 | N95: =IF(ISERR(SEARCH("TRA* 82",C92)),IF(Q95+R95+S95=0,0,I95*(Q95/(Q95+R95+S95))),I95) -> 0 | O95: =IF(ISERR(SEARCH("TRA* 82",C92)),IF(Q95+R95+S95=0,0,I95*(R95/(Q95+R95+S95))),0) -> 0 | P95: =IF(ISERR(SEARCH("TRA* 82",C92)),I95-N95-O95,0) -> 0 | Q95: 0 | R95: 0 | S95: 0
A96: ASIMILAT | H96: =H92+H93+H94+H95 -> 25.124167 | I96: =I92+I93+I94+I95 -> 1808.94 | J96: 5
A97: PVC-KG 200
B98: 16 | C98: ACA12D1 82 | D98: M | G98: 15 | H98: =1051.11/G98 -> 70.074 | I98: =G98*H98 -> 1051.11 | J98: 1
D99: =SUBSTITUTE("Sp.mat: 0.00%",".",IF(VALUE("1.2")=1.2,".",","),2) -> Sp.mat: 0.00% | F99: =SUBSTITUTE("Sp.man: 0.00%",".",IF(VALUE("1.2")=1.2,".",","),2) -> Sp.man: 0.00% | G99: =SUBSTITUTE("Sp.uti: 0.00%",".",IF(VALUE("1.2")=1.2,".",","),2) -> Sp.uti: 0.00% | H99: =57.66/G98 -> 3.844 | I99: =G98*H99 -> 57.66 | J99: 2
A100: MONTARE TEAVA PVC MUFATA DE 9M LUNG.,IN PAMINT,IN EXTERIORUL CLADIRILOR ETANS.CU GARNIT.CAUC.DN 225 | H100: =0.04/G98 -> 0.0026666667 | I100: =G98*H100 -> 0.04 | J100: 3 | K100: 0.0765 | L100: 0 | M100: =I100-K100-L100 -> -0.0365
...

Sheet O.01 D.05
A1: Formular F3 | J1: 1
A2: Obiectiv: 01F Construire ansamblu educational compus din scoala, gradinita, cai de circulatie, spatii verzi, terenuri de sport, zone de joaca, corpuri de iluminat, spatiu de parcare, gard incinta,care se va amplasa în partea de nord a Bucurestiului
A3: LISTA_x000D_ cu cantitatile de lucrari pe categorii de lucrari
A4: Obiect: 01 SCOALA
A5: Categorie: 05 INST. INCAL-CENTRALA TERMICA | I5: [ ron ]
B6: Nr. | C6: Capitol lucrari | D6: U/M | G6: Cantitatea | H6: Pretul unitar | I6: Valoare
B7: Crt. | C7: Simbol | H7: a)materiale
C8: Denumire resursa | H8: b)manopera
C9: Observatii | H9: c)utilaj
C10: Corectii | H10: d)transport
C11: Liste Anexe | H11: Total(a+b+c+d)
B12: 1 | C12: IC11XC 91 | D12: BUCATA | G12: 1 | H12: 3956.2 | I12: =G12*H12 -> 3956.2 | J12: 1
D13: =SUBSTITUTE("Sp.mat: 0.00%",".",IF(VALUE("1.2")=1.2,".",","),2) -> Sp.mat: 0.00% | F13: =SUBSTITUTE("Sp.man: 0.00%",".",IF(VALUE("1.2")=1.2,".",","),2) -> Sp.man: 0.00% | G13: =SUBSTITUTE("Sp.uti: 0.00%",".",IF(VALUE("1.2")=1.2,".",","),2) -> Sp.uti: 0.00% | H13: 187.4 | I13: =G12*H13 -> 187.4 | J13: 2
A14: DISTRIBUITOR-COLECTOR MONTAT PE SUSTINATOR GATA CONFECTIONAT,AVIND DIAMETRUL DE 152 - 250 MM | H14: =(1+IF(OR(ISERR(FIND(":",G13)),ISERR(FIND("%",G13))),0,MID(G13,FIND(":",G13)+2,FIND("%",G13)-FIND(":",G13)-2)/100))*0 -> 0 | I14: =G12*H14 -> 0 | J14: 3 | K14: 0 | L14: 0 | M14: =I14-K14-L14 -> 0
H15: =0 -> 0 | I15: =G12*H15 -> 0 | J15: 4 | N15: =IF(ISERR(SEARCH("TRA* 82",C12)),IF(Q15+R15+S15=0,0,I15*(Q15/(Q15+R15+S15))),I15) -> 0 | O15: =IF(ISERR(SEARCH("TRA* 82",C12)),IF(Q15+R15+S15=0,0,I15*(R15/(Q15+R15+S15))),0) -> 0 | P15: =IF(ISERR(SEARCH("TRA* 82",C12)),I15-N15-O15,0) -> 0 | Q15: 0 | R15: 0 | S15: 0
H16: =H12+H13+H14+H15 -> 4143.6 | I16: =I12+I13+I14+I15 -> 4143.6 | J16: 5
B17: 2 | C17: IC11XC 91 | D17: BUCATA | G17: 1 | H17: 668.54 | I17: =G17*H17 -> 668.54 | J17: 1
D18: =SUBSTITUTE("Sp.mat: 0.00%",".",IF(VALUE("1.2")=1.2,".",","),2) -> Sp.mat: 0.00% | F18: =SUBSTITUTE("Sp.man: 0.00%",".",IF(VALUE("1.2")=1.2,".",","),2) -> Sp.man: 0.00% | G18: =SUBSTITUTE("Sp.uti: 0.00%",".",IF(VALUE("1.2")=1.2,".",","),2) -> Sp.uti: 0.00% | H18: 144.15 | I18: =G17*H18 -> 144.15 | J18: 2
A19: DISTRIBUITOR-COLECTOR MONTAT PE SUSTINATOR GATA CONFECTIONAT,AVIND DIAMETRUL DE 152 - 250 MM | H19: =(1+IF(OR(ISERR(FIND(":",G18)),ISERR(FIND("%",G18))),0,MID(G18,FIND(":",G18)+2,FIND("%",G18)-FIND(":",G18)-2)/100))*0 -> 0 | I19: =G17*H19 -> 0 | J19: 3 | K19: 0 | L19: 0 | M19: =I19-K19-L19 -> 0
H20: =0 -> 0 | I20: =G17*H20 -> 0 | J20: 4 | N20: =IF(ISERR(SEARCH("TRA* 82",C17)),IF(Q20+R20+S20=0,0,I20*(Q20/(Q20+R20+S20))),I20) -> 0 | O20: =IF(ISERR(SEARCH("TRA* 82",C17)),IF(Q20+R20+S20=0,0,I20*(R20/(Q20+R20+S20))),0) -> 0 | P20: =IF(ISERR(SEARCH("TRA* 82",C17)),I20-N20-O20,0) -> 0 | Q20: 0 | R20: 0 | S20: 0
H21: =H17+H18+H19+H20 -> 812.69 | I21: =I17+I18+I19+I20 -> 812.69 | J21: 5
B22: 3 | C22: IC11XD 91 | D22: BUCATA | G22: 1 | H22: 4025.61 | I22: =G22*H22 -> 4025.61 | J22: 1
D23: =SUBSTITUTE("Sp.mat: 0.00%",".",IF(VALUE("1.2")=1.2,".",","),2) -> Sp.mat: 0.00% | F23: =SUBSTITUTE("Sp.man: 0.00%",".",IF(VALUE("1.2")=1.2,".",","),2) -> Sp.man: 0.00% | G23: =SUBSTITUTE("Sp.uti: 0.00%",".",IF(VALUE("1.2")=1.2,".",","),2) -> Sp.uti: 0.00% | H23: 153.76 | I23: =G22*H23 -> 153.76 | J23: 2
A24: DISTRIBUITOR-COLECTOR MONTAT PE SUSTINATOR GATA CONFECTIONAT,AVIND DIAMETRUL DE 252 - 390 MM | H24: =(1+IF(OR(ISERR(FIND(":",G23)),ISERR(FIND("%",G23))),0,MID(G23,FIND(":",G23)+2,FIND("%",G23)-FIND(":",G23)-2)/100))*0 -> 0 | I24: =G22*H24 -> 0 | J24: 3 | K24: 0 | L24: 0 | M24: =I24-K24-L24 -> 0
H25: =0 -> 0 | I25: =G22*H25 -> 0 | J25: 4 | N25: =IF(ISERR(SEARCH("TRA* 82",C22)),IF(Q25+R25+S25=0,0,I25*(Q25/(Q25+R25+S25))),I25) -> 0 | O25: =IF(ISERR(SEARCH("TRA* 82",C22)),IF(Q25+R25+S25=0,0,I25*(R25/(Q25+R25+S25))),0) -> 0 | P25: =IF(ISERR(SEARCH("TRA* 82",C22)),I25-N25-O25,0) -> 0 | Q25: 0 | R25: 0 | S25: 0
H26: =H22+H23+H24+H25 -> 4179.37 | I26: =I22+I23+I24+I25 -> 4179.37 | J26: 5
B27: 4 | C27: IC11XD 91 | D27: BUCATA | G27: 1 | H27: 4025.61 | I27: =G27*H27 -> 4025.61 | J27: 1
D28: =SUBSTITUTE("Sp.mat: 0.00%",".",IF(VALUE("1.2")=1.2,".",","),2) -> Sp.mat: 0.00% | F28: =SUBSTITUTE("Sp.man: 0.00%",".",IF(VALUE("1.2")=1.2,".",","),2) -> Sp.man: 0.00% | G28: =SUBSTITUTE("Sp.uti: 0.00%",".",IF(VALUE("1.2")=1.2,".",","),2) -> Sp.uti: 0.00% | H28: 153.76 | I28: =G27*H28 -> 153.76 | J28: 2
A29: DISTRIBUITOR-COLECTOR MONTAT PE SUSTINATOR GATA CONFECTIONAT,AVIND DIAMETRUL DE 252 - 390 MM | H29: =(1+IF(OR(ISERR(FIND(":",G28)),ISERR(FIND("%",G28))),0,MID(G28,FIND(":",G28)+2,FIND("%",G28)-FIND(":",G28)-2)/100))*0 -> 0 | I29: =G27*H29 -> 0 | J29: 3 | K29: 0 | L29: 0 | M29: =I29-K29-L29 -> 0
H30: =0 -> 0 | I30: =G27*H30 -> 0 | J30: 4 | N30: =IF(ISERR(SEARCH("TRA* 82",C27)),IF(Q30+R30+S30=0,0,I30*(Q30/(Q30+R30+S30))),I30) -> 0 | O30: =IF(ISERR(SEARCH("TRA* 82",C27)),IF(Q30+R30+S30=0,0,I30*(R30/(Q30+R30+S30))),0) -> 0 | P30: =IF(ISERR(SEARCH("TRA* 82",C27)),I30-N30-O30,0) -> 0 | Q30: 0 | R30: 0 | S30: 0
H31: =H27+H28+H29+H30 -> 4179.37 | I31: =I27+I28+I29+I30 -> 4179.37 | J31: 5
B32: 5 | C32: EF03A1 82 | D32: BUCATA | G32: 1 | H32: 5709.93 | I32: =G32*H32 -> 5709.93 | J32: 1
D33: =SUBSTITUTE("Sp.mat: 0.00%",".",IF(VALUE("1.2")=1.2,".",","),2) -> Sp.mat: 0.00% | F33: =SUBSTITUTE("Sp.man: 0.00%",".",IF(VALUE("1.2")=1.2,".",","),2) -> Sp.man: 0.00% | G33: =SUBSTITUTE("Sp.uti: 0.00%",".",IF(VALUE("1.2")=1.2,".",","),2) -> Sp.uti: 0.00% | H33: 140.31 | I33: =G32*H33 -> 140.31 | J33: 2
A34: TABLOU ELECTRIC PANOU,DULAP,CELULA SAU PUPITRU GATA ECHIPAT,CU GREUTATEA <150KG | H34: =(1+IF(OR(ISERR(FIND(":",G33)),ISERR(FIND("%",G33))),0,MID(G33,FIND(":",G33)+2,FIND("%",G33)-FIND(":",G33)-2)/100))*0 -> 0 | I34: =G32*H34 -> 0 | J34: 3 | K34: 0 | L34: 0 | M34: =I34-K34-L34 -> 0
H35: =0 -> 0 | I35: =G32*H35 -> 0 | J35: 4 | N35: =IF(ISERR(SEARCH("TRA* 82",C32)),IF(Q35+R35+S35=0,0,I35*(Q35/(Q35+R35+S35))),I35) -> 0 | O35: =IF(ISERR(SEARCH("TRA* 82",C32)),IF(Q35+R35+S35=0,0,I35*(R35/(Q35+R35+S35))),0) -> 0 | P35: =IF(ISERR(SEARCH("TRA* 82",C32)),I35-N35-O35,0) -> 0 | Q35: 0 | R35: 0 | S35: 0
H36: =H32+H33+H34+H35 -> 5850.24 | I36: =I32+I33+I34+I35 -> 5850.24 | J36: 5
B37: 6 | C37: ID03A 99 | D37: BUCATA | G37: 1 | H37: 310.62 | I37: =G37*H37 -> 310.62 | J37: 1
D38: =SUBSTITUTE("Sp.mat: 0.00%",".",IF(VALUE("1.2")=1.2,".",","),2) -> Sp.mat: 0.00% | F38: =SUBSTITUTE("Sp.man: 0.00%",".",IF(VALUE("1.2")=1.2,".",","),2) -> Sp.man: 0.00% | G38: =SUBSTITUTE("Sp.uti: 0.00%",".",IF(VALUE("1.2")=1.2,".",","),2) -> Sp.uti: 0.00% | H38: 20.02 | I38: =G37*H38 -> 20.02 | J38: 2
A39: ROBINET CU CEP, CU 3 CAI,CU FLANSE, DN=15-20 MM ,CU PRESGARNITURA PTR.INST.DE INCALZIRE CENTRALA | H39: =(1+IF(OR(ISERR(FIND(":",G38)),ISERR(FIND("%",G38))),0,MID(G38,FIND(":",G38)+2,FIND("%",G38)-FIND(":",G38)-2)/100))*0 -> 0 | I39: =G37*H39 -> 0 | J39: 3 | K39: 0 | L39: 0 | M39: =I39-K39-L39 -> 0
H40: =0 -> 0 | I40: =G37*H40 -> 0 | J40: 4 | N40: =IF(ISERR(SEARCH("TRA* 82",C37)),IF(Q40+R40+S40=0,0,I40*(Q40/(Q40+R40+S40))),I40) -> 0 | O40: =IF(ISERR(SEARCH("TRA* 82",C37)),IF(Q40+R40+S40=0,0,I40*(R40/(Q40+R40+S40))),0) -> 0 | P40: =IF(ISERR(SEARCH("TRA* 82",C37)),I40-N40-O40,0) -> 0 | Q40: 0 | R40: 0 | S40: 0
A41: ASIMILAT | H41: =H37+H38+H39+H40 -> 330.64 | I41: =I37+I38+I39+I40 -> 330.64 | J41: 5
B42: 7 | C42: ID03B 99 | D42: BUCATA | G42: 2 | H42: =939.11/G42 -> 469.555 | I42: =G42*H42 -> 939.11 | J42: 1
D43: =SUBSTITUTE("Sp.mat: 0.00%",".",IF(VALUE("1.2")=1.2,".",","),2) -> Sp.mat: 0.00% | F43: =SUBSTITUTE("Sp.man: 0.00%",".",IF(VALUE("1.2")=1.2,".",","),2) -> Sp.man: 0.00% | G43: =SUBSTITUTE("Sp.uti: 0.00%",".",IF(VALUE("1.2")=1.2,".",","),2) -> Sp.uti: 0.00% | H43: =43.25/G42 -> 21.625 | I43: =G42*H43 -> 43.25 | J43: 2
A44: ROBINET CU CEP, CU 3 CAI,CU FLANSE, DN=25-50 MM ,CU PRESGARNITURA PTR.INST.DE INCALZIRE CENT | H44: =(1+IF(OR(ISERR(FIND(":",G43)),ISERR(FIND("%",G43))),0,MID(G43,FIND(":",G43)+2,FIND("%",G43)-FIND(":",G43)-2)/100))*0 -> 0 | I44: =G42*H44 -> 0 | J44: 3 | K44: 0 | L44: 0 | M44: =I44-K44-L44 -> 0
H45: =0 -> 0 | I45: =G42*H45 -> 0 | J45: 4 | N45: =IF(ISERR(SEARCH("TRA* 82",C42)),IF(Q45+R45+S45=0,0,I45*(Q45/(Q45+R45+S45))),I45) -> 0 | O45: =IF(ISERR(SEARCH("TRA* 82",C42)),IF(Q45+R45+S45=0,0,I45*(R45/(Q45+R45+S45))),0) -> 0 | P45: =IF(ISERR(SEARCH("TRA* 82",C42)),I45-N45-O45,0) -> 0 | Q45: 0 | R45: 0 | S45: 0
A46: ASIMILAT | H46: =H42+H43+H44+H45 -> 491.18 | I46: =I42+I43+I44+I45 -> 982.36 | J46: 5
B47: 8 | C47: ID03B 99 | D47: BUCATA | G47: 1 | H47: 640.32 | I47: =G47*H47 -> 640.32 | J47: 1
D48: =SUBSTITUTE("Sp.mat: 0.00%",".",IF(VALUE("1.2")=1.2,".",","),2) -> Sp.mat: 0.00% | F48: =SUBSTITUTE("Sp.man: 0.00%",".",IF(VALUE("1.2")=1.2,".",","),2) -> Sp.man: 0.00% | G48: =SUBSTITUTE("Sp.uti: 0.00%",".",IF(VALUE("1.2")=1.2,".",","),2) -> Sp.uti: 0.00% | H48: 21.62 | I48: =G47*H48 -> 21.62 | J48: 2
A49: ROBINET CU CEP, CU 3 CAI,CU FLANSE, DN=25-50 MM ,CU PRESGARNITURA PTR.INST.DE INCALZIRE CENTRALA | H49: =(1+IF(OR(ISERR(FIND(":",G48)),ISERR(FIND("%",G48))),0,MID(G48,FIND(":",G48)+2,FIND("%",G48)-FIND(":",G48)-2)/100))*0 -> 0 | I49: =G47*H49 -> 0 | J49: 3 | K49: 0 | L49: 0 | M49: =I49-K49-L49 -> 0
H50: =0 -> 0 | I50: =G47*H50 -> 0 | J50: 4 | N50: =IF(ISERR(SEARCH("TRA* 82",C47)),IF(Q50+R50+S50=0,0,I50*(Q50/(Q50+R50+S50))),I50) -> 0 | O50: =IF(ISERR(SEARCH("TRA* 82",C47)),IF(Q50+R50+S50=0,0,I50*(R50/(Q50+R50+S50))),0) -> 0 | P50: =IF(ISERR(SEARCH("TRA* 82",C47)),I50-N50-O50,0) -> 0 | Q50: 0 | R50: 0 | S50: 0
A51: ASIMILAT | H51: =H47+H48+H49+H50 -> 661.94 | I51: =I47+I48+I49+I50 -> 661.94 | J51: 5
B52: 9 | C52: ID03C 99 | D52: BUCATA | G52: 2 | H52: 1361.98 | I52: =G52*H52 -> 2723.96 | J52: 1
D53: =SUBSTITUTE("Sp.mat: 0.00%",".",IF(VALUE("1.2")=1.2,".",","),2) -> Sp.mat: 0.00% | F53: =SUBSTITUTE("Sp.man: 0.00%",".",IF(VALUE("1.2")=1.2,".",","),2) -> Sp.man: 0.00% | G53: =SUBSTITUTE("Sp.uti: 0.00%",".",IF(VALUE("1.2")=1.2,".",","),2) -> Sp.uti: 0.00% | H53: 25.63 | I53: =G52*H53 -> 51.26 | J53: 2
A54: ROBINET CU CEP, CU 3 CAI,CU FLANSE, DN=65-125 MM ,CU PRESGARNITURA PTR.INST.DE INCALZIRE CENTRALA | H54: =(1+IF(OR(ISERR(FIND(":",G53)),ISERR(FIND("%",G53))),0,MID(G53,FIND(":",G53)+2,FIND("%",G53)-FIND(":",G53)-2)/100))*0 -> 0 | I54: =G52*H54 -> 0 | J54: 3 | K54: 0 | L54: 0 | M54: =I54-K54-L54 -> 0
H55: =0 -> 0 | I55: =G52*H55 -> 0 | J55: 4 | N55: =IF(ISERR(SEARCH("TRA* 82",C52)),IF(Q55+R55+S55=0,0,I55*(Q55/(Q55+R55+S55))),I55) -> 0 | O55: =IF(ISERR(SEARCH("TRA* 82",C52)),IF(Q55+R55+S55=0,0,I55*(R55/(Q55+R55+S55))),0) -> 0 | P55: =IF(ISERR(SEARCH("TRA* 82",C52)),I55-N55-O55,0) -> 0 | Q55: 0 | R55: 0 | S55: 0
A56: ASIMILAT | H56: =H52+H53+H54+H55 -> 1387.61 | I56: =I52+I53+I54+I55 -> 2775.22 | J56: 5
B57: 10 | C57: ID03A 99 | D57: BUCATA | G57: 4 | H57: =1242.49/G57 -> 310.6225 | I57: =G57*H57 -> 1242.49 | J57: 1
D58: =SUBSTITUTE("Sp.mat: 0.00%",".",IF(VALUE("1.2")=1.2,".",","),2) -> Sp.mat: 0.00% | F58: =SUBSTITUTE("Sp.man: 0.00%",".",IF(VALUE("1.2")=1.2,".",","),2) -> Sp.man: 0.00% | G58: =SUBSTITUTE("Sp.uti: 0.00%",".",IF(VALUE("1.2")=1.2,".",","),2) -> Sp.uti: 0.00% | H58: =80.09/G57 -> 20.0225 | I58: =G57*H58 -> 80.09 | J58: 2
A59: ROBINET CU CEP, CU 3 CAI,CU FLANSE, DN=15-20 MM ,CU PRESGARNITURA PTR.INST.DE INCALZIRE CENTRALA | H59: =(1+IF(OR(ISERR(FIND(":",G58)),ISERR(FIND("%",G58))),0,MID(G58,FIND(":",G58)+2,FIND("%",G58)-FIND(":",G58)-2)/100))*0 -> 0 | I59: =G57*H59 -> 0 | J59: 3 | K59: 0 | L59: 0 | M59: =I59-K59-L59 -> 0
H60: =0 -> 0 | I60: =G57*H60 -> 0 | J60: 4 | N60: =IF(ISERR(SEARCH("TRA* 82",C57)),IF(Q60+R60+S60=0,0,I60*(Q60/(Q60+R60+S60))),I60) -> 0 | O60: =IF(ISERR(SEARCH("TRA* 82",C57)),IF(Q60+R60+S60=0,0,I60*(R60/(Q60+R60+S60))),0) -> 0 | P60: =IF(ISERR(SEARCH("TRA* 82",C57)),I60-N60-O60,0) -> 0 | Q60: 0 | R60: 0 | S60: 0
A61: ASIMILAT | H61: =H57+H58+H59+H60 -> 330.645 | I61: =I57+I58+I59+I60 -> 1322.58 | J61: 5
B62: 11 | C62: ID03B 99 | D62: BUCATA | G62: 1 | H62: 469.55 | I62: =G62*H62 -> 469.55 | J62: 1
D63: =SUBSTITUTE("Sp.mat: 0.00%",".",IF(VALUE("1.2")=1.2,".",","),2) -> Sp.mat: 0.00% | F63: =SUBSTITUTE("Sp.man: 0.00%",".",IF(VALUE("1.2")=1.2,".",","),2) -> Sp.man: 0.00% | G63: =SUBSTITUTE("Sp.uti: 0.00%",".",IF(VALUE("1.2")=1.2,".",","),2) -> Sp.uti: 0.00% | H63: 21.62 | I63: =G62*H63 -> 21.62 | J63: 2
A64: ROBINET CU CEP, CU 3 CAI,CU FLANSE, DN=25-50 MM ,CU PRESGARNITURA PTR.INST.DE INCALZIRE CENTRALA | H64: =(1+IF(OR(ISERR(FIND(":",G63)),ISERR(FIND("%",G63))),0,MID(G63,FIND(":",G63)+2,FIND("%",G63)-FIND(":",G63)-2)/100))*0 -> 0 | I64: =G62*H64 -> 0 | J64: 3 | K64: 0 | L64: 0 | M64: =I64-K64-L64 -> 0
H65: =0 -> 0 | I65: =G62*H65 -> 0 | J65: 4 | N65: =IF(ISERR(SEARCH("TRA* 82",C62)),IF(Q65+R65+S65=0,0,I65*(Q65/(Q65+R65+S65))),I65) -> 0 | O65: =IF(ISERR(SEARCH("TRA* 82",C62)),IF(Q65+R65+S65=0,0,I65*(R65/(Q65+R65+S65))),0) -> 0 | P65: =IF(ISERR(SEARCH("TRA* 82",C62)),I65-N65-O65,0) -> 0 | Q65: 0 | R65: 0 | S65: 0
A66: ASIMILAT | H66: =H62+H63+H64+H65 -> 491.17 | I66: =I62+I63+I64+I65 -> 491.17 | J66: 5
B67: 12 | C67: ID03B 99 | D67: BUCATA | G67: 1 | H67: 640.32 | I67: =G67*H67 -> 640.32 | J67: 1
D68: =SUBSTITUTE("Sp.mat: 0.00%",".",IF(VALUE("1.2")=1.2,".",","),2) -> Sp.mat: 0.00% | F68: =SUBSTITUTE("Sp.man: 0.00%",".",IF(VALUE("1.2")=1.2,".",","),2) -> Sp.man: 0.00% | G68: =SUBSTITUTE("Sp.uti: 0.00%",".",IF(VALUE("1.2")=1.2,".",","),2) -> Sp.uti: 0.00% | H68: 21.62 | I68: =G67*H68 -> 21.62 | J68: 2
A69: ROBINET CU CEP, CU 3 CAI,CU FLANSE, DN=25-50 MM ,CU PRESGARNITURA PTR.INST.DE INCALZIRE CENTRALA | H69: =(1+IF(OR(ISERR(FIND(":",G68)),ISERR(FIND("%",G68))),0,MID(G68,FIND(":",G68)+2,FIND("%",G68)-FIND(":",G68)-2)/100))*0 -> 0 | I69: =G67*H69 -> 0 | J69: 3 | K69: 0 | L69: 0 | M69: =I69-K69-L69 -> 0
H70: =0 -> 0 | I70: =G67*H70 -> 0 | J70: 4 | N70: =IF(ISERR(SEARCH("TRA* 82",C67)),IF(Q70+R70+S70=0,0,I70*(Q70/(Q70+R70+S70))),I70) -> 0 | O70: =IF(ISERR(SEARCH("TRA* 82",C67)),IF(Q70+R70+S70=0,0,I70*(R70/(Q70+R70+S70))),0) -> 0 | P70: =IF(ISERR(SEARCH("TRA* 82",C67)),I70-N70-O70,0) -> 0 | Q70: 0 | R70: 0 | S70: 0
A71: ASIMILAT | H71: =H67+H68+H69+H70 -> 661.94 | I71: =I67+I68+I69+I70 -> 661.94 | J71: 5
B72: 13 | C72: IB02C 99 | D72: BUCATA | G72: 1 | H72: 173.05 | I72: =G72*H72 -> 173.05 | J72: 1
D73: =SUBSTITUTE("Sp.mat: 0.00%",".",IF(VALUE("1.2")=1.2,".",","),2) -> Sp.mat: 0.00% | F73: =SUBSTITUTE("Sp.man: 0.00%",".",IF(VALUE("1.2")=1.2,".",","),2) -> Sp.man: 0.00% | G73: =SUBSTITUTE("Sp.uti: 0.00%",".",IF(VALUE("1.2")=1.2,".",","),2) -> Sp.uti: 0.00% | H73: 3.68 | I73: =G72*H73 -> 3.68 | J73: 2
A74: CONVECTORADIATOR TIP PANOU -CRP AVAND 2 RANDURI DE TEVI SI RACORDAT PRIN MUFE | H74: =(1+IF(OR(ISERR(FIND(":",G73)),ISERR(FIND("%",G73))),0,MID(G73,FIND(":",G73)+2,FIND("%",G73)-FIND(":",G73)-2)/100))*0 -> 0 | I74: =G72*H74 -> 0 | J74: 3 | K74: 0 | L74: 0 | M74: =I74-K74-L74 -> 0
H75: =0 -> 0 | I75: =G72*H75 -> 0 | J75: 4 | N75: =IF(ISERR(SEARCH("TRA* 82",C72)),IF(Q75+R75+S75=0,0,I75*(Q75/(Q75+R75+S75))),I75) -> 0 | O75: =IF(ISERR(SEARCH("TRA* 82",C72)),IF(Q75+R75+S75=0,0,I75*(R75/(Q75+R75+S75))),0) -> 0 | P75: =IF(ISERR(SEARCH("TRA* 82",C72)),I75-N75-O75,0) -> 0 | Q75: 0 | R75: 0 | S75: 0
H76: =H72+H73+H74+H75 -> 176.73 | I76: =I72+I73+I74+I75 -> 176.73 | J76: 5
A77: Calorifer din otel, tip panou 22/600x1400 complet echipat (robinet termostatabil si cap termosat
A78: tur pentru calorifere dn15, robinet coltar retur pentru
A79: radiatoare dn15, dop de golire, aerisitor, console, suruburi si dibluri);
B80: 14 | C80: IC48V1 82 | D80: BUCATA | G80: 2 | H80: 1375.24 | I80: =G80*H80 -> 2750.48 | J80: 1
D81: =SUBSTITUTE("Sp.mat: 0.00%",".",IF(VALUE("1.2")=1.2,".",","),2) -> Sp.mat: 0.00% | F81: =SUBSTITUTE("Sp.man: 0.00%",".",IF(VALUE("1.2")=1.2,".",","),2) -> Sp.man: 0.00% | G81: =SUBSTITUTE("Sp.uti: 0.00%",".",IF(VALUE("1.2")=1.2,".",","),2) -> Sp.uti: 0.00% | H81: =441.11/G80 -> 220.555 | I81: =G80*H81 -> 441.11 | J81: 2
A82: COMPENSATOR DILAT.FORMA U EXEC.TEAVA OTEL CTII FARA SUD SAU SUD.LONG.D.EXT.=168 MM | H82: =(1+IF(OR(ISERR(FIND(":",G81)),ISERR(FIND("%",G81))),0,MID(G81,FIND(":",G81)+2,FIND("%",G81)-FIND(":",G81)-2)/100))*0 -> 0 | I82: =G80*H82 -> 0 | J82: 3 | K82: 0 | L82: 0 | M82: =I82-K82-L82 -> 0
H83: =0 -> 0 | I83: =G80*H83 -> 0 | J83: 4 | N83: =IF(ISERR(SEARCH("TRA* 82",C80)),IF(Q83+R83+S83=0,0,I83*(Q83/(Q83+R83+S83))),I83) -> 0 | O83: =IF(ISERR(SEARCH("TRA* 82",C80)),IF(Q83+R83+S83=0,0,I83*(R83/(Q83+R83+S83))),0) -> 0 | P83: =IF(ISERR(SEARCH("TRA* 82",C80)),I83-N83-O83,0) -> 0 | Q83: 0 | R83: 0 | S83: 0
H84: =H80+H81+H82+H83 -> 1595.795 | I84: =I80+I81+I82+I83 -> 3191.59 | J84: 5
A85: Compensator de dilatare cu flanse Dn150, pn=6 bar
B86: 15 | C86: ID07C1 82 | D86: BUCATA | G86: 31 | H86: =12071.9/G86 -> 389.41613 | I86: =G86*H86 -> 12071.9 | J86: 1
D87: =SUBSTITUTE("Sp.mat: 0.00%",".",IF(VALUE("1.2")=1.2,".",","),2) -> Sp.mat: 0.00% | F87: =SUBSTITUTE("Sp.man: 0.00%",".",IF(VALUE("1.2")=1.2,".",","),2) -> Sp.man: 0.00% | G87: =SUBSTITUTE("Sp.uti: 0.00%",".",IF(VALUE("1.2")=1.2,".",","),2) -> Sp.uti: 0.00% | H87: 15.056 | I87: =G86*H87 -> 466.736 | J87: 2
A88: ROBINET FONTA,SERTAR,FLANSE,PT.INSTALATII INCALZIRE CENTRALA,CORP PLAT SAU OVAL CU D: 80 MM | H88: =(1+IF(OR(ISERR(FIND(":",G87)),ISERR(FIND("%",G87))),0,MID(G87,FIND(":",G87)+2,FIND("%",G87)-FIND(":",G87)-2)/100))*0 -> 0 | I88: =G86*H88 -> 0 | J88: 3 | K88: 0 | L88: 0 | M88: =I88-K88-L88 -> 0
H89: =0 -> 0 | I89: =G86*H89 -> 0 | J89: 4 | N89: =IF(ISERR(SEARCH("TRA* 82",C86)),IF(Q89+R89+S89=0,0,I89*(Q89/(Q89+R89+S89))),I89) -> 0 | O89: =IF(ISERR(SEARCH("TRA* 82",C86)),IF(Q89+R89+S89=0,0,I89*(R89/(Q89+R89+S89))),0) -> 0 | P89: =IF(ISERR(SEARCH("TRA* 82",C86)),I89-N89-O89,0) -> 0 | Q89: 0 | R89: 0 | S89: 0
H90: =H86+H87+H88+H89 -> 404.47213 | I90: =I86+I87+I88+I89 -> 12538.636 | J90: 5
B91: 16 | C91: ID07C2 82 | D91: BUCATA | G91: 6 | H91: 538.44 | I91: =G91*H91 -> 3230.64 | J91: 1
D92: =SUBSTITUTE("Sp.mat: 0.00%",".",IF(VALUE("1.2")=1.2,".",","),2) -> Sp.mat: 0.00% | F92: =SUBSTITUTE("Sp.man: 0.00%",".",IF(VALUE("1.2")=1.2,".",","),2) -> Sp.man: 0.00% | G92: =SUBSTITUTE("Sp.uti: 0.00%",".",IF(VALUE("1.2")=1.2,".",","),2) -> Sp.uti: 0.00% | H92: 15.056 | I92: =G91*H92 -> 90.336 | J92: 2
A93: ROBINET FONTA,SERTAR,FLANSE,PT.INSTALATII INCALZIRE CENTRALA,CORP PLAT SAU OVAL CU D: 100 MM | H93: =(1+IF(OR(ISERR(FIND(":",G92)),ISERR(FIND("%",G92))),0,MID(G92,FIND(":",G92)+2,FIND("%",G92)-FIND(":",G92)-2)/100))*0 -> 0 | I93: =G91*H93 -> 0 | J93: 3 | K93: 0 | L93: 0 | M93: =I93-K93-L93 -> 0
H94: =0 -> 0 | I94: =G91*H94 -> 0 | J94: 4 | N94: =IF(ISERR(SEARCH("TRA* 82",C91)),IF(Q94+R94+S94=0,0,I94*(Q94/(Q94+R94+S94))),I94) -> 0 | O94: =IF(ISERR(SEARCH("TRA* 82",C91)),IF(Q94+R94+S94=0,0,I94*(R94/(Q94+R94+S94))),0) -> 0 | P94: =IF(ISERR(SEARCH("TRA* 82",C91)),I94-N94-O94,0) -> 0 | Q94: 0 | R94: 0 | S94: 0
H95: =H91+H92+H93+H94 -> 553.496 | I95: =I91+I92+I93+I94 -> 3320.976 | J95: 5
B96: 17 | C96: ID07D1 82 | D96: BUCATA | G96: 6 | H96: =3985.22/G96 -> 664.20333 | I96: =G96*H96 -> 3985.22 | J96: 1
D97: =SUBSTITUTE("Sp.mat: 0.00%",".",IF(VALUE("1.2")=1.2,".",","),2) -> Sp.mat: 0.00% | F97: =SUBSTITUTE("Sp.man: 0.00%",".",IF(VALUE("1.2")=1.2,".",","),2) -> Sp.man: 0.00% | G97: =SUBSTITUTE("Sp.uti: 0.00%",".",IF(VALUE("1.2")=1.2,".",","),2) -> Sp.uti: 0.00% | H97: =120.13/G96 -> 20.021667 | I97: =G96*H97 -> 120.13 | J97: 2
A98: ROBINET FONTA,SERTAR,FLANSE,PT.INSTALATII INCALZIRE CENTRALA,CORP PLAT SAU OVAL CU D: 125 MM | H98: =(1+IF(OR(ISERR(FIND(":",G97)),ISERR(FIND("%",G97))),0,MID(G97,FIND(":",G97)+2,FIND("%",G97)-FIND(":",G97)-2)/100))*0 -> 0 | I98: =G96*H98 -> 0 | J98: 3 | K98: 0 | L98: 0 | M98: =I98-K98-L98 -> 0
H99: =0 -> 0 | I99: =G96*H99 -> 0 | J99: 4 | N99: =IF(ISERR(SEARCH("TRA* 82",C96)),IF(Q99+R99+S99=0,0,I99*(Q99/(Q99+R99+S99))),I99) -> 0 | O99: =IF(ISERR(SEARCH("TRA* 82",C96)),IF(Q99+R99+S99=0,0,I99*(R99/(Q99+R99+S99))),0) -> 0 | P99: =IF(ISERR(SEARCH("TRA* 82",C96)),I99-N99-O99,0) -> 0 | Q99: 0 | R99: 0 | S99: 0
H100: =H96+H97+H98+H99 -> 684.225 | I100: =I96+I97+I98+I99 -> 4105.35 | J100: 5
...

Sheet O.01 D.06
A1: Formular F3 | J1: 1
A2: Obiectiv: 01F Construire ansamblu educational compus din scoala, gradinita, cai de circulatie, spatii verzi, terenuri de sport, zone de joaca, corpuri de iluminat, spatiu de parcare, gard incinta,care se va amplasa în partea de nord a Bucurestiului
A3: LISTA_x000D_ cu cantitatile de lucrari pe categorii de lucrari
A4: Obiect: 01 SCOALA
A5: Categorie: 06 MONTAJ ECHIPAMENTE CT | I5: [ ron ]
B6: Nr. | C6: Capitol lucrari | D6: U/M | G6: Cantitatea | H6: Pretul unitar | I6: Valoare
B7: Crt. | C7: Simbol | H7: a)materiale
C8: Denumire resursa | H8: b)manopera
C9: Observatii | H9: c)utilaj
C10: Corectii | H10: d)transport
C11: Liste Anexe | H11: Total(a+b+c+d)
B12: 1 | C12: IA14D 99 | D12: BUCATA | G12: 2 | H12: 148.66 | I12: =G12*H12 -> 297.32 | J12: 1
D13: =SUBSTITUTE("Sp.mat: 0.00%",".",IF(VALUE("1.2")=1.2,".",","),2) -> Sp.mat: 0.00% | F13: =SUBSTITUTE("Sp.man: 0.00%",".",IF(VALUE("1.2")=1.2,".",","),2) -> Sp.man: 0.00% | G13: =SUBSTITUTE("Sp.uti: 0.00%",".",IF(VALUE("1.2")=1.2,".",","),2) -> Sp.uti: 0.00% | H13: 720.77 | I13: =G12*H13 -> 1441.54 | J13: 2
A14: CAZAN PREP.AGENT TERMIC PTR.INCALZ.DE OTEL,MONOBLOC,AVAND PUTERE CALORICA 211-290 KW | H14: 2.43 | I14: =G12*H14 -> 4.86 | J14: 3 | K14: 0 | L14: 0 | M14: =I14-K14-L14 -> 4.86
H15: =0 -> 0 | I15: =G12*H15 -> 0 | J15: 4 | N15: =IF(ISERR(SEARCH("TRA* 82",C12)),IF(Q15+R15+S15=0,0,I15*(Q15/(Q15+R15+S15))),I15) -> 0 | O15: =IF(ISERR(SEARCH("TRA* 82",C12)),IF(Q15+R15+S15=0,0,I15*(R15/(Q15+R15+S15))),0) -> 0 | P15: =IF(ISERR(SEARCH("TRA* 82",C12)),I15-N15-O15,0) -> 0 | Q15: 0 | R15: 0 | S15: 0
A16: ASIMILAT MONTAJ | H16: =H12+H13+H14+H15 -> 871.86 | I16: =I12+I13+I14+I15 -> 1743.72 | J16: 5
A17: Cazan din otel în condensatie ce functioneaza cu combustibil gazos, Qi=250 kW, Lxaxh 1900x860x1400
A18: mm, 995 kg
B19: 2 | C19: IA34A 99 | D19: BUCATA | G19: 2 | H19: 10.23 | I19: =G19*H19 -> 20.46 | J19: 1
D20: =SUBSTITUTE("Sp.mat: 0.00%",".",IF(VALUE("1.2")=1.2,".",","),2) -> Sp.mat: 0.00% | F20: =SUBSTITUTE("Sp.man: 0.00%",".",IF(VALUE("1.2")=1.2,".",","),2) -> Sp.man: 0.00% | G20: =SUBSTITUTE("Sp.uti: 0.00%",".",IF(VALUE("1.2")=1.2,".",","),2) -> Sp.uti: 0.00% | H20: 80.09 | I20: =G19*H20 -> 160.18 | J20: 2
A21: ARZATOR CU ARDERE FORTATA PTR.COMBUSTIBIL GAZOS AVAND PUTEREA MAXIMA A FLACARII DE PANA LA 480 KW | H21: 5.87 | I21: =G19*H21 -> 11.74 | J21: 3 | K21: 0 | L21: 0 | M21: =I21-K21-L21 -> 11.74
H22: =0 -> 0 | I22: =G19*H22 -> 0 | J22: 4 | N22: =IF(ISERR(SEARCH("TRA* 82",C19)),IF(Q22+R22+S22=0,0,I22*(Q22/(Q22+R22+S22))),I22) -> 0 | O22: =IF(ISERR(SEARCH("TRA* 82",C19)),IF(Q22+R22+S22=0,0,I22*(R22/(Q22+R22+S22))),0) -> 0 | P22: =IF(ISERR(SEARCH("TRA* 82",C19)),I22-N22-O22,0) -> 0 | Q22: 0 | R22: 0 | S22: 0
A23: ASIMILAT MONTAJ | H23: =H19+H20+H21+H22 -> 96.19 | I23: =I19+I20+I21+I22 -> 192.38 | J23: 5
A24: Arzator gaz automat, progresiv modulant functionând pe gaz Qi=250 kW
B25: 3 | C25: CD11D 02 | D25: M | G25: 2 | H25: 13.69 | I25: =G25*H25 -> 27.38 | J25: 1
D26: =SUBSTITUTE("Sp.mat: 0.00%",".",IF(VALUE("1.2")=1.2,".",","),2) -> Sp.mat: 0.00% | F26: =SUBSTITUTE("Sp.man: 0.00%",".",IF(VALUE("1.2")=1.2,".",","),2) -> Sp.man: 0.00% | G26: =SUBSTITUTE("Sp.uti: 0.00%",".",IF(VALUE("1.2")=1.2,".",","),2) -> Sp.uti: 0.00% | H26: 19.22 | I26: =G25*H26 -> 38.44 | J26: 2
A27: SIST DE COS DE FUM (TIP SCHIEDEL) PREFABR CU TUBULAT DE SAMOTA CU IZOL SI AERIS POSTER D.INT=20 CM | H27: =(1+IF(OR(ISERR(FIND(":",G26)),ISERR(FIND("%",G26))),0,MID(G26,FIND(":",G26)+2,FIND("%",G26)-FIND(":",G26)-2)/100))*0 -> 0 | I27: =G25*H27 -> 0 | J27: 3 | K27: 0 | L27: 0 | M27: =I27-K27-L27 -> 0
H28: =0 -> 0 | I28: =G25*H28 -> 0 | J28: 4 | N28: =IF(ISERR(SEARCH("TRA* 82",C25)),IF(Q28+R28+S28=0,0,I28*(Q28/(Q28+R28+S28))),I28) -> 0 | O28: =IF(ISERR(SEARCH("TRA* 82",C25)),IF(Q28+R28+S28=0,0,I28*(R28/(Q28+R28+S28))),0) -> 0 | P28: =IF(ISERR(SEARCH("TRA* 82",C25)),I28-N28-O28,0) -> 0 | Q28: 0 | R28: 0 | S28: 0
A29: ASIMILAT MONTAJ | H29: =H25+H26+H27+H28 -> 32.91 | I29: =I25+I26+I27+I28 -> 65.82 | J29: 5
A30: canal racordare O200 mm, l=1 m, piese speciale
B31: 4 | C31: CD11G 02 | D31: M | G31: 10 | H31: 23.59 | I31: =G31*H31 -> 235.9 | J31: 1
D32: =SUBSTITUTE("Sp.mat: 0.00%",".",IF(VALUE("1.2")=1.2,".",","),2) -> Sp.mat: 0.00% | F32: =SUBSTITUTE("Sp.man: 0.00%",".",IF(VALUE("1.2")=1.2,".",","),2) -> Sp.man: 0.00% | G32: =SUBSTITUTE("Sp.uti: 0.00%",".",IF(VALUE("1.2")=1.2,".",","),2) -> Sp.uti: 0.00% | H32: 38.44 | I32: =G31*H32 -> 384.4 | J32: 2
A33: SIST DE COS FUM (TIP SCHIEDEL) PREFABR CU TUBULAT DE SAMOTA CU IZOL SI AERIS POSTER D.INT=30 CM | H33: =(1+IF(OR(ISERR(FIND(":",G32)),ISERR(FIND("%",G32))),0,MID(G32,FIND(":",G32)+2,FIND("%",G32)-FIND(":",G32)-2)/100))*0 -> 0 | I33: =G31*H33 -> 0 | J33: 3 | K33: 0 | L33: 0 | M33: =I33-K33-L33 -> 0
H34: =0 -> 0 | I34: =G31*H34 -> 0 | J34: 4 | N34: =IF(ISERR(SEARCH("TRA* 82",C31)),IF(Q34+R34+S34=0,0,I34*(Q34/(Q34+R34+S34))),I34) -> 0 | O34: =IF(ISERR(SEARCH("TRA* 82",C31)),IF(Q34+R34+S34=0,0,I34*(R34/(Q34+R34+S34))),0) -> 0 | P34: =IF(ISERR(SEARCH("TRA* 82",C31)),I34-N34-O34,0) -> 0 | Q34: 0 | R34: 0 | S34: 0
A35: ASIMILAT MONTAJ | H35: =H31+H32+H33+H34 -> 62.03 | I35: =I31+I32+I33+I34 -> 620.3 | J35: 5
A36: Cos de fum O300 mm, H=5 m, piese speciale
B37: 5 | C37: IA17C 99 | D37: BUCATA | G37: 1 | H37: 56.45 | I37: =G37*H37 -> 56.45 | J37: 1
D38: =SUBSTITUTE("Sp.mat: 0.00%",".",IF(VALUE("1.2")=1.2,".",","),2) -> Sp.mat: 0.00% | F38: =SUBSTITUTE("Sp.man: 0.00%",".",IF(VALUE("1.2")=1.2,".",","),2) -> Sp.man: 0.00% | G38: =SUBSTITUTE("Sp.uti: 0.00%",".",IF(VALUE("1.2")=1.2,".",","),2) -> Sp.uti: 0.00% | H38: 56.06 | I38: =G37*H38 -> 56.06 | J38: 2
A39: BOILER VERTICAL MONTAT PE PARDOSEALA CU CAPACIT.DE 1000-2000 L | H39: 0.19 | I39: =G37*H39 -> 0.19 | J39: 3 | K39: 0 | L39: 0.129 | M39: =I39-K39-L39 -> 0.061
H40: =0 -> 0 | I40: =G37*H40 -> 0 | J40: 4 | N40: =IF(ISERR(SEARCH("TRA* 82",C37)),IF(Q40+R40+S40=0,0,I40*(Q40/(Q40+R40+S40))),I40) -> 0 | O40: =IF(ISERR(SEARCH("TRA* 82",C37)),IF(Q40+R40+S40=0,0,I40*(R40/(Q40+R40+S40))),0) -> 0 | P40: =IF(ISERR(SEARCH("TRA* 82",C37)),I40-N40-O40,0) -> 0 | Q40: 0 | R40: 0 | S40: 0
A41: ASIMILAT MONTAJ | H41: =H37+H38+H39+H40 -> 112.7 | I41: =I37+I38+I39+I40 -> 112.7 | J41: 5
A42: Boiler cu o serpentina si rezistenta electrica 2,0 kW, V=1000 litri, Dxh 880x2035 mm, productie a.c.
A43: m. 1775 litri/ora (la 60°C)
B44: 6 | C44: FA16C1 82 | D44: BUCATA | G44: 1 | H44: 67.14 | I44: =G44*H44 -> 67.14 | J44: 1
D45: =SUBSTITUTE("Sp.mat: 0.00%",".",IF(VALUE("1.2")=1.2,".",","),2) -> Sp.mat: 0.00% | F45: =SUBSTITUTE("Sp.man: 0.00%",".",IF(VALUE("1.2")=1.2,".",","),2) -> Sp.man: 0.00% | G45: =SUBSTITUTE("Sp.uti: 0.00%",".",IF(VALUE("1.2")=1.2,".",","),2) -> Sp.uti: 0.00% | H45: 1269.01 | I45: =G44*H45 -> 1269.01 | J45: 2
A46: GRUP DE RACIREA LICHIDELOR COMPACT CU CAPACITATEA FRIGORIFICA PINA LA 200001-500000 KCAL/H | H46: 520.55 | I46: =G44*H46 -> 520.55 | J46: 3 | K46: 975 | L46: 0 | M46: =I46-K46-L46 -> -454.45
H47: =0 -> 0 | I47: =G44*H47 -> 0 | J47: 4 | N47: =IF(ISERR(SEARCH("TRA* 82",C44)),IF(Q47+R47+S47=0,0,I47*(Q47/(Q47+R47+S47))),I47) -> 0 | O47: =IF(ISERR(SEARCH("TRA* 82",C44)),IF(Q47+R47+S47=0,0,I47*(R47/(Q47+R47+S47))),0) -> 0 | P47: =IF(ISERR(SEARCH("TRA* 82",C44)),I47-N47-O47,0) -> 0 | Q47: 0 | R47: 0 | S47: 0
A48: ASIMILAT MONTAJ | H48: =H44+H45+H46+H47 -> 1856.7 | I48: =I44+I45+I46+I47 -> 1856.7 | J48: 5
A49: Agregat pentru producere apa racita 7/12 °C cu capacitatea frigorifica de racire 430 kW, echipat cu
A50: kit hidraulic, 400V/3Ph/50Hz, Pe max=210 kW, Imax= 261
A51: A, lxaxh 4800x2255x2300 mm, 1670 kg
B52: 7 | C52: IA27D 99 | D52: BUCATA | G52: 2 | H52: 214 | I52: =G52*H52 -> 428 | J52: 1
D53: =SUBSTITUTE("Sp.mat: 0.00%",".",IF(VALUE("1.2")=1.2,".",","),2) -> Sp.mat: 0.00% | F53: =SUBSTITUTE("Sp.man: 0.00%",".",IF(VALUE("1.2")=1.2,".",","),2) -> Sp.man: 0.00% | G53: =SUBSTITUTE("Sp.uti: 0.00%",".",IF(VALUE("1.2")=1.2,".",","),2) -> Sp.uti: 0.00% | H53: 152.16 | I53: =G52*H53 -> 304.32 | J53: 2
A54: REZERVOR DE CONDENS MONTAT PE POSTAMENT AVAND CAPACITATEA DE 2000 L | H54: 0.02 | I54: =G52*H54 -> 0.04 | J54: 3 | K54: 0 | L54: 0 | M54: =I54-K54-L54 -> 0.04
H55: =0 -> 0 | I55: =G52*H55 -> 0 | J55: 4 | N55: =IF(ISERR(SEARCH("TRA* 82",C52)),IF(Q55+R55+S55=0,0,I55*(Q55/(Q55+R55+S55))),I55) -> 0 | O55: =IF(ISERR(SEARCH("TRA* 82",C52)),IF(Q55+R55+S55=0,0,I55*(R55/(Q55+R55+S55))),0) -> 0 | P55: =IF(ISERR(SEARCH("TRA* 82",C52)),I55-N55-O55,0) -> 0 | Q55: 0 | R55: 0 | S55: 0
A56: ASIMILAT MONTAJ | H56: =H52+H53+H54+H55 -> 366.18 | I56: =I52+I53+I54+I55 -> 732.36 | J56: 5
A57: Vas acumumare apa racita V=2000 litri, Dxh 1140x2375 mm, presiune maxima de lucru 6 bar,
A58: temperatura de lucru minim / maxim: -10 °C / +50 °C, racorduri
A59: intrare/iesire rezervor apa rece: 3", racorduri auxiliare: 1/2", izolat cu poliuretan expandat cu
A60: grosime 30 mm;
B61: 8 | C61: IA29A 99 | D61: BUCATA | G61: 5 | H61: 48.17 | I61: =G61*H61 -> 240.85 | J61: 1
D62: =SUBSTITUTE("Sp.mat: 0.00%",".",IF(VALUE("1.2")=1.2,".",","),2) -> Sp.mat: 0.00% | F62: =SUBSTITUTE("Sp.man: 0.00%",".",IF(VALUE("1.2")=1.2,".",","),2) -> Sp.man: 0.00% | G62: =SUBSTITUTE("Sp.uti: 0.00%",".",IF(VALUE("1.2")=1.2,".",","),2) -> Sp.uti: 0.00% | H62: 75.28 | I62: =G61*H62 -> 376.4 | J62: 2
A63: VAS DE EXPANSIUNE MONTAT PE CONSOLE AVAND CAPACITATEA DE 500 L | H63: 1.22 | I63: =G61*H63 -> 6.1 | J63: 3 | K63: 0 | L63: 0 | M63: =I63-K63-L63 -> 6.1
H64: =0 -> 0 | I64: =G61*H64 -> 0 | J64: 4 | N64: =IF(ISERR(SEARCH("TRA* 82",C61)),IF(Q64+R64+S64=0,0,I64*(Q64/(Q64+R64+S64))),I64) -> 0 | O64: =IF(ISERR(SEARCH("TRA* 82",C61)),IF(Q64+R64+S64=0,0,I64*(R64/(Q64+R64+S64))),0) -> 0 | P64: =IF(ISERR(SEARCH("TRA* 82",C61)),I64-N64-O64,0) -> 0 | Q64: 0 | R64: 0 | S64: 0
A65: ASIMILAT MONTAJ | H65: =H61+H62+H63+H64 -> 124.67 | I65: =I61+I62+I63+I64 -> 623.35 | J65: 5
A66: Vas de expansiune închis încalzire cazan, V=24 litri, Oxh 320x355 mm, racord 3/4", presiune maxima
A67: de lucru 10 bar buc 2
A68: Vas de expansiune închis încalzire, V=200 litri, Oxh 600x1100 mm, racord 1", presiune maxima de
A69: lucru 10 bar buc 2
A70: Vas de expansiune închis sanitar, V=80 litri, Oxh 400x825 mm, racord 1" , presiune maxima de lucru
A71: 10 bar buc 1
B72: 9 | C72: IA39D1 82 | D72: BUCATA | G72: 1 | H72: 152.93 | I72: =G72*H72 -> 152.93 | J72: 1
D73: =SUBSTITUTE("Sp.mat: 0.00%",".",IF(VALUE("1.2")=1.2,".",","),2) -> Sp.mat: 0.00% | F73: =SUBSTITUTE("Sp.man: 0.00%",".",IF(VALUE("1.2")=1.2,".",","),2) -> Sp.man: 0.00% | G73: =SUBSTITUTE("Sp.uti: 0.00%",".",IF(VALUE("1.2")=1.2,".",","),2) -> Sp.uti: 0.00% | H73: 78.48 | I73: =G72*H73 -> 78.48 | J73: 2
A74: REDUCTOR PRESIUNE PT.INSTAL.INCALZ.CU RACORD DE: 100 MM | H74: =(1+IF(OR(ISERR(FIND(":",G73)),ISERR(FIND("%",G73))),0,MID(G73,FIND(":",G73)+2,FIND("%",G73)-FIND(":",G73)-2)/100))*0 -> 0 | I74: =G72*H74 -> 0 | J74: 3 | K74: 0 | L74: 0 | M74: =I74-K74-L74 -> 0
H75: =0 -> 0 | I75: =G72*H75 -> 0 | J75: 4 | N75: =IF(ISERR(SEARCH("TRA* 82",C72)),IF(Q75+R75+S75=0,0,I75*(Q75/(Q75+R75+S75))),I75) -> 0 | O75: =IF(ISERR(SEARCH("TRA* 82",C72)),IF(Q75+R75+S75=0,0,I75*(R75/(Q75+R75+S75))),0) -> 0 | P75: =IF(ISERR(SEARCH("TRA* 82",C72)),I75-N75-O75,0) -> 0 | Q75: 0 | R75: 0 | S75: 0
A76: ASIMILAT MONTAJ | H76: =H72+H73+H74+H75 -> 231.41 | I76: =I72+I73+I74+I75 -> 231.41 | J76: 5
A77: Butelie de egalizare a presiunii având diametrul D 323x9 (Dn300), înaltime h 1,6 m, racord Dn100,
A78: echipat cu robinet de golire si vana de aerisire automata
B79: 10 | C79: IA37B 99 | D79: BUCATA | G79: 15 | H79: 13.73 | I79: =G79*H79 -> 205.95 | J79: 1
D80: =SUBSTITUTE("Sp.mat: 0.00%",".",IF(VALUE("1.2")=1.2,".",","),2) -> Sp.mat: 0.00% | F80: =SUBSTITUTE("Sp.man: 0.00%",".",IF(VALUE("1.2")=1.2,".",","),2) -> Sp.man: 0.00% | G80: =SUBSTITUTE("Sp.uti: 0.00%",".",IF(VALUE("1.2")=1.2,".",","),2) -> Sp.uti: 0.00% | H80: 48.05 | I80: =G79*H80 -> 720.75 | J80: 2
A81: POMPA CIRCULATIE (RECIRCULATIE) MONT. PE COND. EXISTENTA PRIN INSURUBARE AVAND DIAM.PESTE 1" | H81: =(1+IF(OR(ISERR(FIND(":",G80)),ISERR(FIND("%",G80))),0,MID(G80,FIND(":",G80)+2,FIND("%",G80)-FIND(":",G80)-2)/100))*0 -> 0 | I81: =G79*H81 -> 0 | J81: 3 | K81: 0 | L81: 0 | M81: =I81-K81-L81 -> 0
H82: =0 -> 0 | I82: =G79*H82 -> 0 | J82: 4 | N82: =IF(ISERR(SEARCH("TRA* 82",C79)),IF(Q82+R82+S82=0,0,I82*(Q82/(Q82+R82+S82))),I82) -> 0 | O82: =IF(ISERR(SEARCH("TRA* 82",C79)),IF(Q82+R82+S82=0,0,I82*(R82/(Q82+R82+S82))),0) -> 0 | P82: =IF(ISERR(SEARCH("TRA* 82",C79)),I82-N82-O82,0) -> 0 | Q82: 0 | R82: 0 | S82: 0
A83: ASIMILAT MONTAJ | H83: =H79+H80+H81+H82 -> 61.78 | I83: =I79+I80+I81+I82 -> 926.7 | J83: 5
A84: Pomp? de circula?ie circuit cazan cu tura?ie variabil? având în?l?imea de pompare H=3,0 mCA ?i
A85: debitul G=11 m3/h, 230V/1Ph/50Hz, Pe=500 W, racord Dn80,
A86: tura?ie 800-3400 rpm, debit maxim 20,0 m3/h, în?l?imea maxim? de pompare 10 mCA buc 2
A87: Pomp? de recirculare cazan cu tura?ie variabil? având în?l?imea de pompare H=3,0 mCA ?i debitul G=2
A88: m3/h, 230V/1Ph/50Hz, Pe=500 W, racord Dn80, tura?ie
A89: 800-3400 rpm, debit maxim 10,0 m3/h, în?l?imea maxim? de pompare 10 mCA; buc 2
A90: Pomp? de circula?ie circuit preparare a.c.m. cu tura?ie variabil? având în?l?imea de pompare H=2,0
A91: mCA ?i debitul G=4,5 m3/h, 230V/1Ph/50Hz, Pe=150 W,
A92: racord Dn50, tura?ie 800-3400 rpm, debit maxim 7,0 m3/h, în?l?imea maxim? de pompare 10 mCA; buc 1
A93: Pomp? de circula?ie circuit înc?lzire în pardoseal?, cu tura?ie variabil? având în?l?imea de
A94: pompare H=10,0 mCA ?i debitul G= 10 m3/h, 230V/1Ph/50Hz, Pe=500
A95: W, racord Dn80, tura?ie 800-3400 rpm, debit maxim 20,0 m3/h, în?l?imea maxim? de pompare 20 mCA;
... A123: imea maxim? de pompare 10 mCA; buc 1
B124: 11 | C124: IA39A 99 | D124: BUCATA | G124: 1 | H124: 22.93 | I124: =G124*H124 -> 22.93 | J124: 1
D125: =SUBSTITUTE("Sp.mat: 0.00%",".",IF(VALUE("1.2")=1.2,".",","),2) -> Sp.mat: 0.00% | F125: =SUBSTITUTE("Sp.man: 0.00%",".",IF(VALUE("1.2")=1.2,".",","),2) -> Sp.man: 0.00% | G125: =SUBSTITUTE("Sp.uti: 0.00%",".",IF(VALUE("1.2")=1.2,".",","),2) -> Sp.uti: 0.00% | H125: 56.06 | I125: =G124*H125 -> 56.06 | J125: 2
A126: INST.DE DEDURIZARE A APEI ,COMPLET ECHIPATA ,AVAND DEBITUL DE APA DE 900-2250 L/H | H126: =(1+IF(OR(ISERR(FIND(":",G125)),ISERR(FIND("%",G125))),0,MID(G125,FIND(":",G125)+2,FIND("%",G125)-FIND(":",G125)-2)/100))*0.228 -> 0.228 | I126: =G124*H126 -> 0.228 | J126: 3 | K126: 0 | L126: 0 | M126: =I126-K126-L126 -> 0.228
H127: =0 -> 0 | I127: =G124*H127 -> 0 | J127: 4 | N127: =IF(ISERR(SEARCH("TRA* 82",C124)),IF(Q127+R127+S127=0,0,I127*(Q127/(Q127+R127+S127))),I127) -> 0 | O127: =IF(ISERR(SEARCH("TRA* 82",C124)),IF(Q127+R127+S127=0,0,I127*(R127/(Q127+R127+S127))),0) -> 0 | P127: =IF(ISERR(SEARCH("TRA* 82",C124)),I127-N127-O127,0) -> 0 | Q127: 0 | R127: 0 | S127: 0
...

Sheet O.01 D.07
A1: Formular F3 | J1: 1
A2: Obiectiv: 01F Construire ansamblu educational compus din scoala, gradinita, cai de circulatie, spatii verzi, terenuri de sport, zone de joaca, corpuri de iluminat, spatiu de parcare, gard incinta,care se va amplasa în partea de nord a Bucurestiului
A3: LISTA_x000D_ cu cantitatile de lucrari pe categorii de lucrari
A4: Obiect: 01 SCOALA
A5: Categorie: 07 INCALZIRE CU CORPURI STATICE (CALORIFERE SI CONVECTOARE DE PARDOSEALA) | I5: [ ron ]
B6: Nr. | C6: Capitol lucrari | D6: U/M | G6: Cantitatea | H6: Pretul unitar | I6: Valoare
B7: Crt. | C7: Simbol | H7: a)materiale
C8: Denumire resursa | H8: b)manopera
C9: Observatii | H9: c)utilaj
C10: Corectii | H10: d)transport
C11: Liste Anexe | H11: Total(a+b+c+d)
B12: 1 | C12: IC36A 99 | D12: M | G12: 1600 | H12: =2701.19/G12 -> 1.6882438 | I12: =G12*H12 -> 2701.19 | J12: 1
D13: =SUBSTITUTE("Sp.mat: 0.00%",".",IF(VALUE("1.2")=1.2,".",","),2) -> Sp.mat: 0.00% | F13: =SUBSTITUTE("Sp.man: 0.00%",".",IF(VALUE("1.2")=1.2,".",","),2) -> Sp.man: 0.00% | G13: =SUBSTITUTE("Sp.uti: 0.00%",".",IF(VALUE("1.2")=1.2,".",","),2) -> Sp.uti: 0.00% | H13: =7688.16/G12 -> 4.8051 | I13: =G12*H13 -> 7688.16 | J13: 2
A14: TV POLIET.ARMATA DE INALTA DENSIT.,POLIPROP.ARMATA /NEARMATA D<20MM MONT.IN COL.LA INST.INC.CENTR. | H14: =(1+IF(OR(ISERR(FIND(":",G13)),ISERR(FIND("%",G13))),0,MID(G13,FIND(":",G13)+2,FIND("%",G13)-FIND(":",G13)-2)/100))*0 -> 0 | I14: =G12*H14 -> 0 | J14: 3 | K14: 0 | L14: 0 | M14: =I14-K14-L14 -> 0
H15: =0 -> 0 | I15: =G12*H15 -> 0 | J15: 4 | N15: =IF(ISERR(SEARCH("TRA* 82",C12)),IF(Q15+R15+S15=0,0,I15*(Q15/(Q15+R15+S15))),I15) -> 0 | O15: =IF(ISERR(SEARCH("TRA* 82",C12)),IF(Q15+R15+S15=0,0,I15*(R15/(Q15+R15+S15))),0) -> 0 | P15: =IF(ISERR(SEARCH("TRA* 82",C12)),I15-N15-O15,0) -> 0 | Q15: 0 | R15: 0 | S15: 0
H16: =H12+H13+H14+H15 -> 6.4933437 | I16: =I12+I13+I14+I15 -> 10389.35 | J16: 5
A17: Teava PPR verde la colac O20x2.8 mm, pentru alimentare calorifere si convectoare de pardoseala
B18: 2 | C18: IZD07A 09 | D18: M | G18: 1600 | H18: =420.03/G18 -> 0.26251875 | I18: =G18*H18 -> 420.03 | J18: 1
D19: =SUBSTITUTE("Sp.mat: 0.00%",".",IF(VALUE("1.2")=1.2,".",","),2) -> Sp.mat: 0.00% | F19: =SUBSTITUTE("Sp.man: 0.00%",".",IF(VALUE("1.2")=1.2,".",","),2) -> Sp.man: 0.00% | G19: =SUBSTITUTE("Sp.uti: 0.00%",".",IF(VALUE("1.2")=1.2,".",","),2) -> Sp.uti: 0.00% | H19: =3075.26/G18 -> 1.9220375 | I19: =G18*H19 -> 3075.26 | J19: 2
A20: IZOLARE TUBURI (TEVI) POLIETILENA DIN PERETI SI PARDOSEALA CU IZOLATIE TIP TUBOLIT S | H20: =49.97/G18 -> 0.03123125 | I20: =G18*H20 -> 49.97 | J20: 3 | K20: 0 | L20: 0 | M20: =I20-K20-L20 -> 49.97
H21: =0 -> 0 | I21: =G18*H21 -> 0 | J21: 4 | N21: =IF(ISERR(SEARCH("TRA* 82",C18)),IF(Q21+R21+S21=0,0,I21*(Q21/(Q21+R21+S21))),I21) -> 0 | O21: =IF(ISERR(SEARCH("TRA* 82",C18)),IF(Q21+R21+S21=0,0,I21*(R21/(Q21+R21+S21))),0) -> 0 | P21: =IF(ISERR(SEARCH("TRA* 82",C18)),I21-N21-O21,0) -> 0 | Q21: 0 | R21: 0 | S21: 0
A22: ASIMILAT MONTAJ IZOLATIE ARMAFLEX | H22: =H18+H19+H20+H21 -> 2.2157875 | I22: =I18+I19+I20+I21 -> 3545.26 | J22: 5
B23: 3 | C23: 7805327 | D23: M | G23: 1600 | H23: =1849.43/G23 -> 1.1558937 | I23: =G23*H23 -> 1849.43 | J23: 1
D24: =SUBSTITUTE("Sp.mat: 0.00%",".",IF(VALUE("1.2")=1.2,".",","),2) -> Sp.mat: 0.00% | F24: =SUBSTITUTE("Sp.man: 0.00%",".",IF(VALUE("1.2")=1.2,".",","),2) -> Sp.man: 0.00% | G24: =SUBSTITUTE("Sp.uti: 0.00%",".",IF(VALUE("1.2")=1.2,".",","),2) -> Sp.uti: 0.00% | H24: =(1+IF(OR(ISERR(FIND(":",F24)),ISERR(FIND("%",F24))),0,MID(F24,FIND(":",F24)+2,FIND("%",F24)-FIND(":",F24)-2)/100))*0 -> 0 | I24: =G23*H24 -> 0 | J24: 2
A25: IZOLATIE ARMAFLEX 9 MM SAU SIMILAR OL 1/2", DN15 | H25: =(1+IF(OR(ISERR(FIND(":",G24)),ISERR(FIND("%",G24))),0,MID(G24,FIND(":",G24)+2,FIND("%",G24)-FIND(":",G24)-2)/100))*0 -> 0 | I25: =G23*H25 -> 0 | J25: 3 | K25: 0 | L25: 0 | M25: =I25-K25-L25 -> 0
H26: =0 -> 0 | I26: =G23*H26 -> 0 | J26: 4 | N26: =IF(ISERR(SEARCH("TRA* 82",C23)),IF(Q26+R26+S26=0,0,I26*(Q26/(Q26+R26+S26))),I26) -> 0 | O26: =IF(ISERR(SEARCH("TRA* 82",C23)),IF(Q26+R26+S26=0,0,I26*(R26/(Q26+R26+S26))),0) -> 0 | P26: =IF(ISERR(SEARCH("TRA* 82",C23)),I26-N26-O26,0) -> 0 | Q26: 0 | R26: 0 | S26: 0
H27: =H23+H24+H25+H26 -> 1.1558937 | I27: =I23+I24+I25+I26 -> 1849.43 | J27: 5
B28: 4 | C28: IC39C 99 | D28: BUCATA | G28: 1 | H28: 194.6 | I28: =G28*H28 -> 194.6 | J28: 1
D29: =SUBSTITUTE("Sp.mat: 0.00%",".",IF(VALUE("1.2")=1.2,".",","),2) -> Sp.mat: 0.00% | F29: =SUBSTITUTE("Sp.man: 0.00%",".",IF(VALUE("1.2")=1.2,".",","),2) -> Sp.man: 0.00% | G29: =SUBSTITUTE("Sp.uti: 0.00%",".",IF(VALUE("1.2")=1.2,".",","),2) -> Sp.uti: 0.00% | H29: 32.03 | I29: =G28*H29 -> 32.03 | J29: 2
A30: DISTRIB/COLECTOR DIN CUPRU D=3/4" PT.RAC.CORPURI I NC.LA INST.INC.CU TV. PLASTIC MONT PE ZID BETON | H30: 0.05 | I30: =G28*H30 -> 0.05 | J30: 3 | K30: 0 | L30: 0.086 | M30: =I30-K30-L30 -> -0.036
H31: =0 -> 0 | I31: =G28*H31 -> 0 | J31: 4 | N31: =IF(ISERR(SEARCH("TRA* 82",C28)),IF(Q31+R31+S31=0,0,I31*(Q31/(Q31+R31+S31))),I31) -> 0 | O31: =IF(ISERR(SEARCH("TRA* 82",C28)),IF(Q31+R31+S31=0,0,I31*(R31/(Q31+R31+S31))),0) -> 0 | P31: =IF(ISERR(SEARCH("TRA* 82",C28)),I31-N31-O31,0) -> 0 | Q31: 0 | R31: 0 | S31: 0
A32: ASIMILAT | H32: =H28+H29+H30+H31 -> 226.68 | I32: =I28+I29+I30+I31 -> 226.68 | J32: 5
A33: Distribuitor/colector complet echipat pentru incalzirea cu calorifere, izolat, cu 3 racorduri,
A34: sistem de legare la automatizare, robineti de sectionare pe
A35: fiecare circuit, senzori de temperatura, robineti automati de aerisire, robineti de golire, caseta
A36: pentru montaj ventilata, cu cadru realizat din tabla
A37: vopsita, cu adancime reglabila, consola.
B38: 5 | C38: IC39D 99 | D38: BUCATA | G38: 1 | H38: 237.19 | I38: =G38*H38 -> 237.19 | J38: 1
D39: =SUBSTITUTE("Sp.mat: 0.00%",".",IF(VALUE("1.2")=1.2,".",","),2) -> Sp.mat: 0.00% | F39: =SUBSTITUTE("Sp.man: 0.00%",".",IF(VALUE("1.2")=1.2,".",","),2) -> Sp.man: 0.00% | G39: =SUBSTITUTE("Sp.uti: 0.00%",".",IF(VALUE("1.2")=1.2,".",","),2) -> Sp.uti: 0.00% | H39: 33.64 | I39: =G38*H39 -> 33.64 | J39: 2
A40: DISTRIB/COLECTOR DIN CUPRU D=1" PT.RAC.CORPURI INC .LA INST.INC.CU TV. PLASTIC MONT PE ZID BETON | H40: 0.05 | I40: =G38*H40 -> 0.05 | J40: 3 | K40: 0 | L40: 0.086 | M40: =I40-K40-L40 -> -0.036
H41: =0 -> 0 | I41: =G38*H41 -> 0 | J41: 4 | N41: =IF(ISERR(SEARCH("TRA* 82",C38)),IF(Q41+R41+S41=0,0,I41*(Q41/(Q41+R41+S41))),I41) -> 0 | O41: =IF(ISERR(SEARCH("TRA* 82",C38)),IF(Q41+R41+S41=0,0,I41*(R41/(Q41+R41+S41))),0) -> 0 | P41: =IF(ISERR(SEARCH("TRA* 82",C38)),I41-N41-O41,0) -> 0 | Q41: 0 | R41: 0 | S41: 0
A42: ASIMILAT | H42: =H38+H39+H40+H41 -> 270.88 | I42: =I38+I39+I40+I41 -> 270.88 | J42: 5
A43: Distribuitor/colector complet echipat pentru incalzirea cu calorifere, izolat, cu 4 racorduri,
A44: sistem de legare la automatizare, robineti de sectionare pe
A45: fiecare circuit, senzori de temperatura, robineti automati de aerisire, robineti de golire, caseta
A46: pentru montaj ventilata, cu cadru realizat din tabla
A47: vopsita, cu adancime reglabila, consola.
B48: 6 | C48: IC39D 99 | D48: BUCATA | G48: 1 | H48: 591.09 | I48: =G48*H48 -> 591.09 | J48: 1
D49: =SUBSTITUTE("Sp.mat: 0.00%",".",IF(VALUE("1.2")=1.2,".",","),2) -> Sp.mat: 0.00% | F49: =SUBSTITUTE("Sp.man: 0.00%",".",IF(VALUE("1.2")=1.2,".",","),2) -> Sp.man: 0.00% | G49: =SUBSTITUTE("Sp.uti: 0.00%",".",IF(VALUE("1.2")=1.2,".",","),2) -> Sp.uti: 0.00% | H49: 35.24 | I49: =G48*H49 -> 35.24 | J49: 2
A50: DISTRIB/COLECTOR DIN CUPRU D=1" PT.RAC.CORPURI INC .LA INST.INC.CU TV. PLASTIC MONT PE ZID BETON | H50: 0.05 | I50: =G48*H50 -> 0.05 | J50: 3 | K50: 0 | L50: 0.086 | M50: =I50-K50-L50 -> -0.036
H51: =0 -> 0 | I51: =G48*H51 -> 0 | J51: 4 | N51: =IF(ISERR(SEARCH("TRA* 82",C48)),IF(Q51+R51+S51=0,0,I51*(Q51/(Q51+R51+S51))),I51) -> 0 | O51: =IF(ISERR(SEARCH("TRA* 82",C48)),IF(Q51+R51+S51=0,0,I51*(R51/(Q51+R51+S51))),0) -> 0 | P51: =IF(ISERR(SEARCH("TRA* 82",C48)),I51-N51-O51,0) -> 0 | Q51: 0 | R51: 0 | S51: 0
A52: ASIMILAT | H52: =H48+H49+H50+H51 -> 626.38 | I52: =I48+I49+I50+I51 -> 626.38 | J52: 5
A53: Distribuitor/colector complet echipat pentru incalzirea cu calorifere, izolat, cu 7 racorduri,
A54: sistem de legare la automatizare, robineti de sectionare pe
A55: fiecare circuit, senzori de temperatura, robineti automati de aerisire, robineti de golire, caseta
A56: pentru montaj ventilata, cu cadru realizat din tabla
A57: vopsita, cu adancime reglabila, consola.
B58: 7 | C58: IC39D 99 | D58: BUCATA | G58: 1 | H58: 767.32 | I58: =G58*H58 -> 767.32 | J58: 1
D59: =SUBSTITUTE("Sp.mat: 0.00%",".",IF(VALUE("1.2")=1.2,".",","),2) -> Sp.mat: 0.00% | F59: =SUBSTITUTE("Sp.man: 0.00%",".",IF(VALUE("1.2")=1.2,".",","),2) -> Sp.man: 0.00% | G59: =SUBSTITUTE("Sp.uti: 0.00%",".",IF(VALUE("1.2")=1.2,".",","),2) -> Sp.uti: 0.00% | H59: 48.05 | I59: =G58*H59 -> 48.05 | J59: 2
A60: DISTRIB/COLECTOR DIN CUPRU D=1" PT.RAC.CORPURI INC .LA INST.INC.CU TV. PLASTIC MONT PE ZID BETON | H60: 0.05 | I60: =G58*H60 -> 0.05 | J60: 3 | K60: 0 | L60: 0.086 | M60: =I60-K60-L60 -> -0.036
H61: =0 -> 0 | I61: =G58*H61 -> 0 | J61: 4 | N61: =IF(ISERR(SEARCH("TRA* 82",C58)),IF(Q61+R61+S61=0,0,I61*(Q61/(Q61+R61+S61))),I61) -> 0 | O61: =IF(ISERR(SEARCH("TRA* 82",C58)),IF(Q61+R61+S61=0,0,I61*(R61/(Q61+R61+S61))),0) -> 0 | P61: =IF(ISERR(SEARCH("TRA* 82",C58)),I61-N61-O61,0) -> 0 | Q61: 0 | R61: 0 | S61: 0
A62: ASIMILAT | H62: =H58+H59+H60+H61 -> 815.42 | I62: =I58+I59+I60+I61 -> 815.42 | J62: 5
A63: Distribuitor/colector complet echipat pentru incalzirea cu calorifere, izolat, cu 10 racorduri,
A64: sistem de legare la automatizare, robineti de sectionare pe
A65: fiecare circuit, senzori de temperatura, robineti automati de aerisire, robineti de golire, caseta
A66: pentru montaj ventilata, cu cadru realizat din tabla
A67: vopsita, cu adancime reglabila, consola.
B68: 8 | C68: IC39D 99 | D68: BUCATA | G68: 1 | H68: 541.98 | I68: =G68*H68 -> 541.98 | J68: 1
D69: =SUBSTITUTE("Sp.mat: 0.00%",".",IF(VALUE("1.2")=1.2,".",","),2) -> Sp.mat: 0.00% | F69: =SUBSTITUTE("Sp.man: 0.00%",".",IF(VALUE("1.2")=1.2,".",","),2) -> Sp.man: 0.00% | G69: =SUBSTITUTE("Sp.uti: 0.00%",".",IF(VALUE("1.2")=1.2,".",","),2) -> Sp.uti: 0.00% | H69: 33.64 | I69: =G68*H69 -> 33.64 | J69: 2
A70: DISTRIB/COLECTOR DIN CUPRU D=1" PT.RAC.CORPURI INC .LA INST.INC.CU TV. PLASTIC MONT PE ZID BETON | H70: 0.05 | I70: =G68*H70 -> 0.05 | J70: 3 | K70: 0 | L70: 0.086 | M70: =I70-K70-L70 -> -0.036
H71: =0 -> 0 | I71: =G68*H71 -> 0 | J71: 4 | N71: =IF(ISERR(SEARCH("TRA* 82",C68)),IF(Q71+R71+S71=0,0,I71*(Q71/(Q71+R71+S71))),I71) -> 0 | O71: =IF(ISERR(SEARCH("TRA* 82",C68)),IF(Q71+R71+S71=0,0,I71*(R71/(Q71+R71+S71))),0) -> 0 | P71: =IF(ISERR(SEARCH("TRA* 82",C68)),I71-N71-O71,0) -> 0 | Q71: 0 | R71: 0 | S71: 0
A72: ASIMILAT | H72: =H68+H69+H70+H71 -> 575.67 | I72: =I68+I69+I70+I71 -> 575.67 | J72: 5
A73: Distribuitor/colector complet echipat pentru incalzirea cu convectoare de pardoseala, izolat, cu 6
A74: racorduri, sistem de legare la automatizare, robineti de
A75: sectionare pe fiecare circuit, senzori de temperatura, robineti automati de aerisire, robineti de
A76: golire, caseta pentru montaj ventilata, cu cadru realizat
A77: din tabla vopsita, cu adancime reglabila, consola.
B78: 9 | C78: IC39D 99 | D78: BUCATA | G78: 1 | H78: 2532.66 | I78: =G78*H78 -> 2532.66 | J78: 1
D79: =SUBSTITUTE("Sp.mat: 0.00%",".",IF(VALUE("1.2")=1.2,".",","),2) -> Sp.mat: 0.00% | F79: =SUBSTITUTE("Sp.man: 0.00%",".",IF(VALUE("1.2")=1.2,".",","),2) -> Sp.man: 0.00% | G79: =SUBSTITUTE("Sp.uti: 0.00%",".",IF(VALUE("1.2")=1.2,".",","),2) -> Sp.uti: 0.00% | H79: 51.25 | I79: =G78*H79 -> 51.25 | J79: 2
A80: DISTRIB/COLECTOR DIN CUPRU D=1" PT.RAC.CORPURI INC .LA INST.INC.CU TV. PLASTIC MONT PE ZID BETON | H80: 0.05 | I80: =G78*H80 -> 0.05 | J80: 3 | K80: 0 | L80: 0.086 | M80: =I80-K80-L80 -> -0.036
H81: =0 -> 0 | I81: =G78*H81 -> 0 | J81: 4 | N81: =IF(ISERR(SEARCH("TRA* 82",C78)),IF(Q81+R81+S81=0,0,I81*(Q81/(Q81+R81+S81))),I81) -> 0 | O81: =IF(ISERR(SEARCH("TRA* 82",C78)),IF(Q81+R81+S81=0,0,I81*(R81/(Q81+R81+S81))),0) -> 0 | P81: =IF(ISERR(SEARCH("TRA* 82",C78)),I81-N81-O81,0) -> 0 | Q81: 0 | R81: 0 | S81: 0
A82: ASIMILAT | H82: =H78+H79+H80+H81 -> 2583.96 | I82: =I78+I79+I80+I81 -> 2583.96 | J82: 5
A83: Distribuitor/colector complet echipat pentru incalzirea cu calorifere de pardoseala, izolat, cu 11
A84: racorduri, sistem de legare la automatizare, robineti de
A85: sectionare pe fiecare circuit, senzori de temperatura, robineti automati de aerisire, robineti de
A86: golire, caseta pentru montaj ventilata, cu cadru realizat
A87: din tabla vopsita, cu adancime reglabila, consola.
B88: 10 | C88: IC39D 99 | D88: BUCATA | G88: 1 | H88: 634.64 | I88: =G88*H88 -> 634.64 | J88: 1
D89: =SUBSTITUTE("Sp.mat: 0.00%",".",IF(VALUE("1.2")=1.2,".",","),2) -> Sp.mat: 0.00% | F89: =SUBSTITUTE("Sp.man: 0.00%",".",IF(VALUE("1.2")=1.2,".",","),2) -> Sp.man: 0.00% | G89: =SUBSTITUTE("Sp.uti: 0.00%",".",IF(VALUE("1.2")=1.2,".",","),2) -> Sp.uti: 0.00% | H89: 56.06 | I89: =G88*H89 -> 56.06 | J89: 2
A90: DISTRIB/COLECTOR DIN CUPRU D=1" PT.RAC.CORPURI INC .LA INST.INC.CU TV. PLASTIC MONT PE ZID BETON | H90: 0.05 | I90: =G88*H90 -> 0.05 | J90: 3 | K90: 0 | L90: 0.086 | M90: =I90-K90-L90 -> -0.036
H91: =0 -> 0 | I91: =G88*H91 -> 0 | J91: 4 | N91: =IF(ISERR(SEARCH("TRA* 82",C88)),IF(Q91+R91+S91=0,0,I91*(Q91/(Q91+R91+S91))),I91) -> 0 | O91: =IF(ISERR(SEARCH("TRA* 82",C88)),IF(Q91+R91+S91=0,0,I91*(R91/(Q91+R91+S91))),0) -> 0 | P91: =IF(ISERR(SEARCH("TRA* 82",C88)),I91-N91-O91,0) -> 0 | Q91: 0 | R91: 0 | S91: 0
A92: ASIMILAT | H92: =H88+H89+H90+H91 -> 690.75 | I92: =I88+I89+I90+I91 -> 690.75 | J92: 5
A93: Distribuitor/colector complet echipat pentru incalzirea cu convectoare de pardoseala, izolat, cu 12
A94: racorduri, sistem de legare la automatizare, robineti de
A95: sectionare pe fiecare circuit, senzori de temperatura, robineti automati de aerisire, robineti de
A96: golire, caseta pentru montaj ventilata, cu cadru realizat
A97: din tabla vopsita, cu adancime reglabila, consola.
B98: 11 | C98: IB02C 99 | D98: BUCATA | G98: 2 | H98: =175.15/G98 -> 87.575 | I98: =G98*H98 -> 175.15 | J98: 1
D99: =SUBSTITUTE("Sp.mat: 0.00%",".",IF(VALUE("1.2")=1.2,".",","),2) -> Sp.mat: 0.00% | F99: =SUBSTITUTE("Sp.man: 0.00%",".",IF(VALUE("1.2")=1.2,".",","),2) -> Sp.man: 0.00% | G99: =SUBSTITUTE("Sp.uti: 0.00%",".",IF(VALUE("1.2")=1.2,".",","),2) -> Sp.uti: 0.00% | H99: =64.07/G98 -> 32.035 | I99: =G98*H99 -> 64.07 | J99: 2
A100: CONVECTORADIATOR TIP PANOU -CRP AVAND 2 RANDURI DE TEVI SI RACORDAT PRIN MUFE | H100: =(1+IF(OR(ISERR(FIND(":",G99)),ISERR(FIND("%",G99))),0,MID(G99,FIND(":",G99)+2,FIND("%",G99)-FIND(":",G99)-2)/100))*0 -> 0 | I100: =G98*H100 -> 0 | J100: 3 | K100: 0 | L100: 0 | M100: =I100-K100-L100 -> 0
...

Sheet O.01 D.08
A1: Formular F3 | J1: 1
A2: Obiectiv: 01F Construire ansamblu educational compus din scoala, gradinita, cai de circulatie, spatii verzi, terenuri de sport, zone de joaca, corpuri de iluminat, spatiu de parcare, gard incinta,care se va amplasa în partea de nord a Bucurestiului
A3: LISTA_x000D_ cu cantitatile de lucrari pe categorii de lucrari
A4: Obiect: 01 SCOALA
A5: Categorie: 08 INCALZIRE IN PARDOSEALA | I5: [ ron ]
B6: Nr. | C6: Capitol lucrari | D6: U/M | G6: Cantitatea | H6: Pretul unitar | I6: Valoare
B7: Crt. | C7: Simbol | H7: a)materiale
C8: Denumire resursa | H8: b)manopera
C9: Observatii | H9: c)utilaj
C10: Corectii | H10: d)transport
C11: Liste Anexe | H11: Total(a+b+c+d)
B12: 1 | C12: 00612D2A 02 | D12: M | G12: 17000 | H12: =43176.87/G12 -> 2.5398159 | I12: =G12*H12 -> 43176.87 | J12: 1
D13: =SUBSTITUTE("Sp.mat: 0.00%",".",IF(VALUE("1.2")=1.2,".",","),2) -> Sp.mat: 0.00% | F13: =SUBSTITUTE("Sp.man: 0.00%",".",IF(VALUE("1.2")=1.2,".",","),2) -> Sp.man: 0.00% | G13: =SUBSTITUTE("Sp.uti: 0.00%",".",IF(VALUE("1.2")=1.2,".",","),2) -> Sp.uti: 0.00% | H13: =6807.23/G12 -> 0.40042529 | I13: =G12*H13 -> 6807.23 | J13: 2
A14: TEAVA PEX D.16 MM INCALZIRE IN PARDOSEALA, MONTATA PE PLACA CU NUTURI | H14: =(1+IF(OR(ISERR(FIND(":",G13)),ISERR(FIND("%",G13))),0,MID(G13,FIND(":",G13)+2,FIND("%",G13)-FIND(":",G13)-2)/100))*0 -> 0 | I14: =G12*H14 -> 0 | J14: 3 | K14: 0 | L14: 0 | M14: =I14-K14-L14 -> 0
H15: =0 -> 0 | I15: =G12*H15 -> 0 | J15: 4 | N15: =IF(ISERR(SEARCH("TRA* 82",C12)),IF(Q15+R15+S15=0,0,I15*(Q15/(Q15+R15+S15))),I15) -> 0 | O15: =IF(ISERR(SEARCH("TRA* 82",C12)),IF(Q15+R15+S15=0,0,I15*(R15/(Q15+R15+S15))),0) -> 0 | P15: =IF(ISERR(SEARCH("TRA* 82",C12)),I15-N15-O15,0) -> 0 | Q15: 0 | R15: 0 | S15: 0
A16: ASIMILAT | H16: =H12+H13+H14+H15 -> 2.9402412 | I16: =I12+I13+I14+I15 -> 49984.1 | J16: 5
A17: Teava Pe-Xa D17x2 mm neizolata pentru incalzire in pardoseala de tip Rautherm
B18: 2 | C18: 00612D6 02 | D18: BUCATA | G18: 1 | H18: 75.82 | I18: =G18*H18 -> 75.82 | J18: 1
D19: =SUBSTITUTE("Sp.mat: 0.00%",".",IF(VALUE("1.2")=1.2,".",","),2) -> Sp.mat: 0.00% | F19: =SUBSTITUTE("Sp.man: 0.00%",".",IF(VALUE("1.2")=1.2,".",","),2) -> Sp.man: 0.00% | G19: =SUBSTITUTE("Sp.uti: 0.00%",".",IF(VALUE("1.2")=1.2,".",","),2) -> Sp.uti: 0.00% | H19: 10.44 | I19: =G18*H19 -> 10.44 | J19: 2
A20: DISTRIBUITOR SI COLECTOR 2-10 CIRCUITE, INCLUSIV KITUL DE GOLIRE PT PEX INCALZIRE PRIN PARDOSEALA | H20: =(1+IF(OR(ISERR(FIND(":",G19)),ISERR(FIND("%",G19))),0,MID(G19,FIND(":",G19)+2,FIND("%",G19)-FIND(":",G19)-2)/100))*0 -> 0 | I20: =G18*H20 -> 0 | J20: 3 | K20: 0 | L20: 0 | M20: =I20-K20-L20 -> 0
H21: =0 -> 0 | I21: =G18*H21 -> 0 | J21: 4 | N21: =IF(ISERR(SEARCH("TRA* 82",C18)),IF(Q21+R21+S21=0,0,I21*(Q21/(Q21+R21+S21))),I21) -> 0 | O21: =IF(ISERR(SEARCH("TRA* 82",C18)),IF(Q21+R21+S21=0,0,I21*(R21/(Q21+R21+S21))),0) -> 0 | P21: =IF(ISERR(SEARCH("TRA* 82",C18)),I21-N21-O21,0) -> 0 | Q21: 0 | R21: 0 | S21: 0
A22: ASIMILAT | H22: =H18+H19+H20+H21 -> 86.26 | I22: =I18+I19+I20+I21 -> 86.26 | J22: 5
A23: Distribuitor/colector complet echipat pentru incalzirea in pardoseala, izolat, dotat cu pompa si
A24: vana cu 3 cai, clapeta de sens, cu 3 racorduri, electrovane
A25: pentru fiecare circuit, sistem de legare la automatizare, robineti de sectionare pe fiecare circuit,
A26: senzori de temperatura, robineti automati de aerisire,
A27: robineti de golire, caseta pentru montaj ventilata, cu cadru realizat din tabla vopsita, cu
A28: adancime reglabila, consola.
B29: 3 | C29: 00612D6 02 | D29: BUCATA | G29: 3 | H29: 401.78 | I29: =G29*H29 -> 1205.34 | J29: 1
D30: =SUBSTITUTE("Sp.mat: 0.00%",".",IF(VALUE("1.2")=1.2,".",","),2) -> Sp.mat: 0.00% | F30: =SUBSTITUTE("Sp.man: 0.00%",".",IF(VALUE("1.2")=1.2,".",","),2) -> Sp.man: 0.00% | G30: =SUBSTITUTE("Sp.uti: 0.00%",".",IF(VALUE("1.2")=1.2,".",","),2) -> Sp.uti: 0.00% | H30: 10.44 | I30: =G29*H30 -> 31.32 | J30: 2
A31: DISTRIBUITOR SI COLECTOR 2-10 CIRCUITE, INCLUSIV K ITUL DE GOLIRE PT PEX INCALZIRE PRIN PARDOSEALA | H31: =(1+IF(OR(ISERR(FIND(":",G30)),ISERR(FIND("%",G30))),0,MID(G30,FIND(":",G30)+2,FIND("%",G30)-FIND(":",G30)-2)/100))*0 -> 0 | I31: =G29*H31 -> 0 | J31: 3 | K31: 0 | L31: 0 | M31: =I31-K31-L31 -> 0
H32: =0 -> 0 | I32: =G29*H32 -> 0 | J32: 4 | N32: =IF(ISERR(SEARCH("TRA* 82",C29)),IF(Q32+R32+S32=0,0,I32*(Q32/(Q32+R32+S32))),I32) -> 0 | O32: =IF(ISERR(SEARCH("TRA* 82",C29)),IF(Q32+R32+S32=0,0,I32*(R32/(Q32+R32+S32))),0) -> 0 | P32: =IF(ISERR(SEARCH("TRA* 82",C29)),I32-N32-O32,0) -> 0 | Q32: 0 | R32: 0 | S32: 0
A33: ASIMILAT | H33: =H29+H30+H31+H32 -> 412.22 | I33: =I29+I30+I31+I32 -> 1236.66 | J33: 5
A34: Distribuitor/colector complet echipat pentru incalzirea in pardoseala, izolat, dotat cu pompa si
A35: vana cu 3 cai, clapeta de sens, cu 4 racorduri, electrovane
A36: pentru fiecare circuit, sistem de legare la automatizare, robineti de sectionare pe fiecare circuit,
A37: senzori de temperatura, robineti automati de aerisire,
A38: robineti de golire, caseta pentru montaj ventilata, cu cadru realizat din tabla vopsita, cu
A39: adancime reglabila, consola.
B40: 4 | C40: 00612D6 02 | D40: BUCATA | G40: 4 | H40: 433.32 | I40: =G40*H40 -> 1733.28 | J40: 1
D41: =SUBSTITUTE("Sp.mat: 0.00%",".",IF(VALUE("1.2")=1.2,".",","),2) -> Sp.mat: 0.00% | F41: =SUBSTITUTE("Sp.man: 0.00%",".",IF(VALUE("1.2")=1.2,".",","),2) -> Sp.man: 0.00% | G41: =SUBSTITUTE("Sp.uti: 0.00%",".",IF(VALUE("1.2")=1.2,".",","),2) -> Sp.uti: 0.00% | H41: 10.44 | I41: =G40*H41 -> 41.76 | J41: 2
A42: DISTRIBUITOR SI COLECTOR 2-10 CIRCUITE, INCLUSIV K ITUL DE GOLIRE PT PEX INCALZIRE PRIN PARDOSEALA | H42: =(1+IF(OR(ISERR(FIND(":",G41)),ISERR(FIND("%",G41))),0,MID(G41,FIND(":",G41)+2,FIND("%",G41)-FIND(":",G41)-2)/100))*0 -> 0 | I42: =G40*H42 -> 0 | J42: 3 | K42: 0 | L42: 0 | M42: =I42-K42-L42 -> 0
H43: =0 -> 0 | I43: =G40*H43 -> 0 | J43: 4 | N43: =IF(ISERR(SEARCH("TRA* 82",C40)),IF(Q43+R43+S43=0,0,I43*(Q43/(Q43+R43+S43))),I43) -> 0 | O43: =IF(ISERR(SEARCH("TRA* 82",C40)),IF(Q43+R43+S43=0,0,I43*(R43/(Q43+R43+S43))),0) -> 0 | P43: =IF(ISERR(SEARCH("TRA* 82",C40)),I43-N43-O43,0) -> 0 | Q43: 0 | R43: 0 | S43: 0
A44: ASIMILAT | H44: =H40+H41+H42+H43 -> 443.76 | I44: =I40+I41+I42+I43 -> 1775.04 | J44: 5
A45: Distribuitor/colector complet echipat pentru incalzirea in pardoseala, izolat, dotat cu pompa si
A46: vana cu 3 cai, clapeta de sens, cu 5 racorduri, electrovane
A47: pentru fiecare circuit, sistem de legare la automatizare, robineti de sectionare pe fiecare circuit,
A48: senzori de temperatura, robineti automati de aerisire,
A49: robineti de golire, caseta pentru montaj ventilata, cu cadru realizat din tabla vopsita, cu
A50: adancime reglabila, consola.
B51: 5 | C51: 00612D6 02 | D51: BUCATA | G51: 1 | H51: 587.38 | I51: =G51*H51 -> 587.38 | J51: 1
D52: =SUBSTITUTE("Sp.mat: 0.00%",".",IF(VALUE("1.2")=1.2,".",","),2) -> Sp.mat: 0.00% | F52: =SUBSTITUTE("Sp.man: 0.00%",".",IF(VALUE("1.2")=1.2,".",","),2) -> Sp.man: 0.00% | G52: =SUBSTITUTE("Sp.uti: 0.00%",".",IF(VALUE("1.2")=1.2,".",","),2) -> Sp.uti: 0.00% | H52: 10.44 | I52: =G51*H52 -> 10.44 | J52: 2
A53: DISTRIBUITOR SI COLECTOR 2-10 CIRCUITE, INCLUSIV K ITUL DE GOLIRE PT PEX INCALZIRE PRIN PARDOSEALA | H53: =(1+IF(OR(ISERR(FIND(":",G52)),ISERR(FIND("%",G52))),0,MID(G52,FIND(":",G52)+2,FIND("%",G52)-FIND(":",G52)-2)/100))*0 -> 0 | I53: =G51*H53 -> 0 | J53: 3 | K53: 0 | L53: 0 | M53: =I53-K53-L53 -> 0
H54: =0 -> 0 | I54: =G51*H54 -> 0 | J54: 4 | N54: =IF(ISERR(SEARCH("TRA* 82",C51)),IF(Q54+R54+S54=0,0,I54*(Q54/(Q54+R54+S54))),I54) -> 0 | O54: =IF(ISERR(SEARCH("TRA* 82",C51)),IF(Q54+R54+S54=0,0,I54*(R54/(Q54+R54+S54))),0) -> 0 | P54: =IF(ISERR(SEARCH("TRA* 82",C51)),I54-N54-O54,0) -> 0 | Q54: 0 | R54: 0 | S54: 0
A55: ASIMILAT | H55: =H51+H52+H53+H54 -> 597.82 | I55: =I51+I52+I53+I54 -> 597.82 | J55: 5
A56: Distribuitor/colector complet echipat pentru incalzirea in pardoseala, izolat, dotat cu pompa si
A57: vana cu 3 cai, clapeta de sens, cu 7 racorduri, electrovane
A58: pentru fiecare circuit, sistem de legare la automatizare, robineti de sectionare pe fiecare circuit,
A59: senzori de temperatura, robineti automati de aerisire,
A60: robineti de golire, caseta pentru montaj ventilata, cu cadru realizat din tabla vopsita, cu
A61: adancime reglabila, consola.
B62: 6 | C62: 00612D6 02 | D62: BUCATA | G62: 7 | H62: 714.49 | I62: =G62*H62 -> 5001.43 | J62: 1
D63: =SUBSTITUTE("Sp.mat: 0.00%",".",IF(VALUE("1.2")=1.2,".",","),2) -> Sp.mat: 0.00% | F63: =SUBSTITUTE("Sp.man: 0.00%",".",IF(VALUE("1.2")=1.2,".",","),2) -> Sp.man: 0.00% | G63: =SUBSTITUTE("Sp.uti: 0.00%",".",IF(VALUE("1.2")=1.2,".",","),2) -> Sp.uti: 0.00% | H63: 10.44 | I63: =G62*H63 -> 73.08 | J63: 2
A64: DISTRIBUITOR SI COLECTOR 2-10 CIRCUITE, INCLUSIV K ITUL DE GOLIRE PT PEX INCALZIRE PRIN PARDOSEALA | H64: =(1+IF(OR(ISERR(FIND(":",G63)),ISERR(FIND("%",G63))),0,MID(G63,FIND(":",G63)+2,FIND("%",G63)-FIND(":",G63)-2)/100))*0 -> 0 | I64: =G62*H64 -> 0 | J64: 3 | K64: 0 | L64: 0 | M64: =I64-K64-L64 -> 0
H65: =0 -> 0 | I65: =G62*H65 -> 0 | J65: 4 | N65: =IF(ISERR(SEARCH("TRA* 82",C62)),IF(Q65+R65+S65=0,0,I65*(Q65/(Q65+R65+S65))),I65) -> 0 | O65: =IF(ISERR(SEARCH("TRA* 82",C62)),IF(Q65+R65+S65=0,0,I65*(R65/(Q65+R65+S65))),0) -> 0 | P65: =IF(ISERR(SEARCH("TRA* 82",C62)),I65-N65-O65,0) -> 0 | Q65: 0 | R65: 0 | S65: 0
A66: ASIMILAT | H66: =H62+H63+H64+H65 -> 724.93 | I66: =I62+I63+I64+I65 -> 5074.51 | J66: 5
A67: Distribuitor/colector complet echipat pentru incalzirea in pardoseala, izolat, dotat cu pompa si
A68: vana cu 3 cai, clapeta de sens, cu 9 racorduri, electrovane
A69: pentru fiecare circuit, sistem de legare la automatizare, robineti de sectionare pe fiecare circuit,
A70: senzori de temperatura, robineti automati de aerisire,
A71: robineti de golire, caseta pentru montaj ventilata, cu cadru realizat din tabla vopsita, cu
A72: adancime reglabila, consola.
B73: 7 | C73: 00612D6 02 | D73: BUCATA | G73: 3 | H73: 718.32 | I73: =G73*H73 -> 2154.96 | J73: 1
D74: =SUBSTITUTE("Sp.mat: 0.00%",".",IF(VALUE("1.2")=1.2,".",","),2) -> Sp.mat: 0.00% | F74: =SUBSTITUTE("Sp.man: 0.00%",".",IF(VALUE("1.2")=1.2,".",","),2) -> Sp.man: 0.00% | G74: =SUBSTITUTE("Sp.uti: 0.00%",".",IF(VALUE("1.2")=1.2,".",","),2) -> Sp.uti: 0.00% | H74: 10.44 | I74: =G73*H74 -> 31.32 | J74: 2
A75: DISTRIBUITOR SI COLECTOR 2-10 CIRCUITE, INCLUSIV KITUL DE GOLIRE PT PEX INCALZIRE PRIN PARDOSEALA | H75: =(1+IF(OR(ISERR(FIND(":",G74)),ISERR(FIND("%",G74))),0,MID(G74,FIND(":",G74)+2,FIND("%",G74)-FIND(":",G74)-2)/100))*0 -> 0 | I75: =G73*H75 -> 0 | J75: 3 | K75: 0 | L75: 0 | M75: =I75-K75-L75 -> 0
H76: =0 -> 0 | I76: =G73*H76 -> 0 | J76: 4 | N76: =IF(ISERR(SEARCH("TRA* 82",C73)),IF(Q76+R76+S76=0,0,I76*(Q76/(Q76+R76+S76))),I76) -> 0 | O76: =IF(ISERR(SEARCH("TRA* 82",C73)),IF(Q76+R76+S76=0,0,I76*(R76/(Q76+R76+S76))),0) -> 0 | P76: =IF(ISERR(SEARCH("TRA* 82",C73)),I76-N76-O76,0) -> 0 | Q76: 0 | R76: 0 | S76: 0
A77: ASIMILAT | H77: =H73+H74+H75+H76 -> 728.76 | I77: =I73+I74+I75+I76 -> 2186.28 | J77: 5
A78: Distribuitor/colector complet echipat pentru incalzirea in pardoseala, izolat, dotat cu pompa si
A79: vana cu 3 cai, clapeta de sens, cu 10 racorduri,
A80: electrovane pentru fiecare circuit, sistem de legare la automatizare, robineti de sectionare pe
A81: fiecare circuit, senzori de temperatura, robineti automati
A82: de aerisire, robineti de golire, caseta pentru montaj ventilata, cu cadru realizat din tabla
A83: vopsita, cu adancime reglabila, consola.
B84: 8 | C84: 00612D6 02 | D84: BUCATA | G84: 1 | H84: 761.75 | I84: =G84*H84 -> 761.75 | J84: 1
D85: =SUBSTITUTE("Sp.mat: 0.00%",".",IF(VALUE("1.2")=1.2,".",","),2) -> Sp.mat: 0.00% | F85: =SUBSTITUTE("Sp.man: 0.00%",".",IF(VALUE("1.2")=1.2,".",","),2) -> Sp.man: 0.00% | G85: =SUBSTITUTE("Sp.uti: 0.00%",".",IF(VALUE("1.2")=1.2,".",","),2) -> Sp.uti: 0.00% | H85: 12.53 | I85: =G84*H85 -> 12.53 | J85: 2
A86: DISTRIBUITOR SI COLECTOR 2-10 CIRCUITE, INCLUSIV KITUL DE GOLIRE PT PEX INCALZIRE PRIN PARDOSEALA | H86: =(1+IF(OR(ISERR(FIND(":",G85)),ISERR(FIND("%",G85))),0,MID(G85,FIND(":",G85)+2,FIND("%",G85)-FIND(":",G85)-2)/100))*0 -> 0 | I86: =G84*H86 -> 0 | J86: 3 | K86: 0 | L86: 0 | M86: =I86-K86-L86 -> 0
H87: =0 -> 0 | I87: =G84*H87 -> 0 | J87: 4 | N87: =IF(ISERR(SEARCH("TRA* 82",C84)),IF(Q87+R87+S87=0,0,I87*(Q87/(Q87+R87+S87))),I87) -> 0 | O87: =IF(ISERR(SEARCH("TRA* 82",C84)),IF(Q87+R87+S87=0,0,I87*(R87/(Q87+R87+S87))),0) -> 0 | P87: =IF(ISERR(SEARCH("TRA* 82",C84)),I87-N87-O87,0) -> 0 | Q87: 0 | R87: 0 | S87: 0
A88: ASIMILAT | H88: =H84+H85+H86+H87 -> 774.28 | I88: =I84+I85+I86+I87 -> 774.28 | J88: 5
A89: Distribuitor/colector complet echipat pentru incalzirea in pardoseala, izolat, dotat cu pompa si
A90: vana cu 3 cai, clapeta de sens, cu 12 racorduri,
A91: electrovane pentru fiecare circuit, sistem de legare la automatizare, robineti de sectionare pe
A92: fiecare circuit, senzori de temperatura, robineti automati
A93: de aerisire, robineti de golire, caseta pentru montaj ventilata, cu cadru realizat din tabla
A94: vopsita, cu adancime reglabila, consola.
B95: 9 | C95: 00612D6 02 | D95: BUCATA | G95: 1 | H95: 678.46 | I95: =G95*H95 -> 678.46 | J95: 1
D96: =SUBSTITUTE("Sp.mat: 0.00%",".",IF(VALUE("1.2")=1.2,".",","),2) -> Sp.mat: 0.00% | F96: =SUBSTITUTE("Sp.man: 0.00%",".",IF(VALUE("1.2")=1.2,".",","),2) -> Sp.man: 0.00% | G96: =SUBSTITUTE("Sp.uti: 0.00%",".",IF(VALUE("1.2")=1.2,".",","),2) -> Sp.uti: 0.00% | H96: 13.58 | I96: =G95*H96 -> 13.58 | J96: 2
A97: DISTRIBUITOR SI COLECTOR 2-10 CIRCUITE, INCLUSIV KITUL DE GOLIRE PT PEX INCALZIRE PRIN PARDOSEALA | H97: =(1+IF(OR(ISERR(FIND(":",G96)),ISERR(FIND("%",G96))),0,MID(G96,FIND(":",G96)+2,FIND("%",G96)-FIND(":",G96)-2)/100))*0 -> 0 | I97: =G95*H97 -> 0 | J97: 3 | K97: 0 | L97: 0 | M97: =I97-K97-L97 -> 0
H98: =0 -> 0 | I98: =G95*H98 -> 0 | J98: 4 | N98: =IF(ISERR(SEARCH("TRA* 82",C95)),IF(Q98+R98+S98=0,0,I98*(Q98/(Q98+R98+S98))),I98) -> 0 | O98: =IF(ISERR(SEARCH("TRA* 82",C95)),IF(Q98+R98+S98=0,0,I98*(R98/(Q98+R98+S98))),0) -> 0 | P98: =IF(ISERR(SEARCH("TRA* 82",C95)),I98-N98-O98,0) -> 0 | Q98: 0 | R98: 0 | S98: 0
A99: ASIMILAT | H99: =H95+H96+H97+H98 -> 692.04 | I99: =I95+I96+I97+I98 -> 692.04 | J99: 5
A100: Distribuitor/colector complet echipat pentru incalzirea in pardoseala, izolat, dotat cu pompa si
...

Sheet O.01 D.09
A1: Formular F3 | J1: 1
A2: Obiectiv: 01F Construire ansamblu educational compus din scoala, gradinita, cai de circulatie, spatii verzi, terenuri de sport, zone de joaca, corpuri de iluminat, spatiu de parcare, gard incinta,care se va amplasa în partea de nord a Bucurestiului
A3: LISTA_x000D_ cu cantitatile de lucrari pe categorii de lucrari
A4: Obiect: 01 SCOALA
A5: Categorie: 09 INSTALATII DE CLIMATIZARE CU VENTILOCONVECTOARE | I5: [ ron ]
B6: Nr. | C6: Capitol lucrari | D6: U/M | G6: Cantitatea | H6: Pretul unitar | I6: Valoare
B7: Crt. | C7: Simbol | H7: a)materiale
C8: Denumire resursa | H8: b)manopera
C9: Observatii | H9: c)utilaj
C10: Corectii | H10: d)transport
C11: Liste Anexe | H11: Total(a+b+c+d)
B12: 1 | C12: IB09A 99 | D12: BUCATA | G12: 64 | H12: =1662.82/G12 -> 25.981562 | I12: =G12*H12 -> 1662.82 | J12: 1
D13: =SUBSTITUTE("Sp.mat: 0.00%",".",IF(VALUE("1.2")=1.2,".",","),2) -> Sp.mat: 0.00% | F13: =SUBSTITUTE("Sp.man: 0.00%",".",IF(VALUE("1.2")=1.2,".",","),2) -> Sp.man: 0.00% | G13: =SUBSTITUTE("Sp.uti: 0.00%",".",IF(VALUE("1.2")=1.2,".",","),2) -> Sp.uti: 0.00% | H13: =1537.63/G12 -> 24.025469 | I13: =G12*H13 -> 1537.63 | J13: 2
A14: AEROTERMA DE PERETE /TAVAN FUNCT.CU APA CALDA ,RACORDATA CU MUFE,AVAND PUTEREA CALORICA < 8,0 KW | H14: 0.07 | I14: =G12*H14 -> 4.48 | J14: 3 | K14: 0 | L14: 8.256 | M14: =I14-K14-L14 -> -3.776
H15: =0 -> 0 | I15: =G12*H15 -> 0 | J15: 4 | N15: =IF(ISERR(SEARCH("TRA* 82",C12)),IF(Q15+R15+S15=0,0,I15*(Q15/(Q15+R15+S15))),I15) -> 0 | O15: =IF(ISERR(SEARCH("TRA* 82",C12)),IF(Q15+R15+S15=0,0,I15*(R15/(Q15+R15+S15))),0) -> 0 | P15: =IF(ISERR(SEARCH("TRA* 82",C12)),I15-N15-O15,0) -> 0 | Q15: 0 | R15: 0 | S15: 0
A16: ASIMILAT MONTAJ VENTILOCONVECTOARE | H16: =H12+H13+H14+H15 -> 50.077031 | I16: =I12+I13+I14+I15 -> 3204.93 | J16: 5
B17: 2 | C17: R000138 | D17: BUCATA | G17: 8 | H17: 845.16 | I17: =G17*H17 -> 6761.28 | J17: 1
D18: =SUBSTITUTE("Sp.mat: 0.00%",".",IF(VALUE("1.2")=1.2,".",","),2) -> Sp.mat: 0.00% | F18: =SUBSTITUTE("Sp.man: 0.00%",".",IF(VALUE("1.2")=1.2,".",","),2) -> Sp.man: 0.00% | G18: =SUBSTITUTE("Sp.uti: 0.00%",".",IF(VALUE("1.2")=1.2,".",","),2) -> Sp.uti: 0.00% | H18: =(1+IF(OR(ISERR(FIND(":",F18)),ISERR(FIND("%",F18))),0,MID(F18,FIND(":",F18)+2,FIND("%",F18)-FIND(":",F18)-2)/100))*0 -> 0 | I18: =G17*H18 -> 0 | J18: 2
A19: VENTILOCONVECTOR 2 TEVI TIP CASETA QR=2,7 KW, ECHIPAT | H19: =(1+IF(OR(ISERR(FIND(":",G18)),ISERR(FIND("%",G18))),0,MID(G18,FIND(":",G18)+2,FIND("%",G18)-FIND(":",G18)-2)/100))*0 -> 0 | I19: =G17*H19 -> 0 | J19: 3 | K19: 0 | L19: 0 | M19: =I19-K19-L19 -> 0
H20: =0 -> 0 | I20: =G17*H20 -> 0 | J20: 4 | N20: =IF(ISERR(SEARCH("TRA* 82",C17)),IF(Q20+R20+S20=0,0,I20*(Q20/(Q20+R20+S20))),I20) -> 0 | O20: =IF(ISERR(SEARCH("TRA* 82",C17)),IF(Q20+R20+S20=0,0,I20*(R20/(Q20+R20+S20))),0) -> 0 | P20: =IF(ISERR(SEARCH("TRA* 82",C17)),I20-N20-O20,0) -> 0 | Q20: 0 | R20: 0 | S20: 0
H21: =H17+H18+H19+H20 -> 845.16 | I21: =I17+I18+I19+I20 -> 6761.28 | J21: 5
B22: 3 | C22: R000140 | D22: BUCATA | G22: 7 | H22: 862.2 | I22: =G22*H22 -> 6035.4 | J22: 1
D23: =SUBSTITUTE("Sp.mat: 0.00%",".",IF(VALUE("1.2")=1.2,".",","),2) -> Sp.mat: 0.00% | F23: =SUBSTITUTE("Sp.man: 0.00%",".",IF(VALUE("1.2")=1.2,".",","),2) -> Sp.man: 0.00% | G23: =SUBSTITUTE("Sp.uti: 0.00%",".",IF(VALUE("1.2")=1.2,".",","),2) -> Sp.uti: 0.00% | H23: =(1+IF(OR(ISERR(FIND(":",F23)),ISERR(FIND("%",F23))),0,MID(F23,FIND(":",F23)+2,FIND("%",F23)-FIND(":",F23)-2)/100))*0 -> 0 | I23: =G22*H23 -> 0 | J23: 2
A24: VENTILOCONVECTOR 2 TEVI TIP CASETA QR=3,3 KW, ECHIPAT | H24: =(1+IF(OR(ISERR(FIND(":",G23)),ISERR(FIND("%",G23))),0,MID(G23,FIND(":",G23)+2,FIND("%",G23)-FIND(":",G23)-2)/100))*0 -> 0 | I24: =G22*H24 -> 0 | J24: 3 | K24: 0 | L24: 0 | M24: =I24-K24-L24 -> 0
H25: =0 -> 0 | I25: =G22*H25 -> 0 | J25: 4 | N25: =IF(ISERR(SEARCH("TRA* 82",C22)),IF(Q25+R25+S25=0,0,I25*(Q25/(Q25+R25+S25))),I25) -> 0 | O25: =IF(ISERR(SEARCH("TRA* 82",C22)),IF(Q25+R25+S25=0,0,I25*(R25/(Q25+R25+S25))),0) -> 0 | P25: =IF(ISERR(SEARCH("TRA* 82",C22)),I25-N25-O25,0) -> 0 | Q25: 0 | R25: 0 | S25: 0
H26: =H22+H23+H24+H25 -> 862.2 | I26: =I22+I23+I24+I25 -> 6035.4 | J26: 5
B27: 4 | C27: R000141 | D27: BUCATA | G27: 27 | H27: =28036.03/G27 -> 1038.3715 | I27: =G27*H27 -> 28036.03 | J27: 1
D28: =SUBSTITUTE("Sp.mat: 0.00%",".",IF(VALUE("1.2")=1.2,".",","),2) -> Sp.mat: 0.00% | F28: =SUBSTITUTE("Sp.man: 0.00%",".",IF(VALUE("1.2")=1.2,".",","),2) -> Sp.man: 0.00% | G28: =SUBSTITUTE("Sp.uti: 0.00%",".",IF(VALUE("1.2")=1.2,".",","),2) -> Sp.uti: 0.00% | H28: =(1+IF(OR(ISERR(FIND(":",F28)),ISERR(FIND("%",F28))),0,MID(F28,FIND(":",F28)+2,FIND("%",F28)-FIND(":",F28)-2)/100))*0 -> 0 | I28: =G27*H28 -> 0 | J28: 2
A29: VENTILOCONVECTOR 2 TEVI TIP CASETA QR=4,5 KW,ECHIP AT | H29: =(1+IF(OR(ISERR(FIND(":",G28)),ISERR(FIND("%",G28))),0,MID(G28,FIND(":",G28)+2,FIND("%",G28)-FIND(":",G28)-2)/100))*0 -> 0 | I29: =G27*H29 -> 0 | J29: 3 | K29: 0 | L29: 0 | M29: =I29-K29-L29 -> 0
H30: =0 -> 0 | I30: =G27*H30 -> 0 | J30: 4 | N30: =IF(ISERR(SEARCH("TRA* 82",C27)),IF(Q30+R30+S30=0,0,I30*(Q30/(Q30+R30+S30))),I30) -> 0 | O30: =IF(ISERR(SEARCH("TRA* 82",C27)),IF(Q30+R30+S30=0,0,I30*(R30/(Q30+R30+S30))),0) -> 0 | P30: =IF(ISERR(SEARCH("TRA* 82",C27)),I30-N30-O30,0) -> 0 | Q30: 0 | R30: 0 | S30: 0
H31: =H27+H28+H29+H30 -> 1038.3715 | I31: =I27+I28+I29+I30 -> 28036.03 | J31: 5
B32: 5 | C32: R000143 | D32: BUCATA | G32: 22 | H32: 1157.68 | I32: =G32*H32 -> 25468.96 | J32: 1
D33: =SUBSTITUTE("Sp.mat: 0.00%",".",IF(VALUE("1.2")=1.2,".",","),2) -> Sp.mat: 0.00% | F33: =SUBSTITUTE("Sp.man: 0.00%",".",IF(VALUE("1.2")=1.2,".",","),2) -> Sp.man: 0.00% | G33: =SUBSTITUTE("Sp.uti: 0.00%",".",IF(VALUE("1.2")=1.2,".",","),2) -> Sp.uti: 0.00% | H33: =(1+IF(OR(ISERR(FIND(":",F33)),ISERR(FIND("%",F33))),0,MID(F33,FIND(":",F33)+2,FIND("%",F33)-FIND(":",F33)-2)/100))*0 -> 0 | I33: =G32*H33 -> 0 | J33: 2
A34: VENTILOCONVECTOR 2 TEVI TIP CASETA QR=5,0 KW,ECHIP AT | H34: =(1+IF(OR(ISERR(FIND(":",G33)),ISERR(FIND("%",G33))),0,MID(G33,FIND(":",G33)+2,FIND("%",G33)-FIND(":",G33)-2)/100))*0 -> 0 | I34: =G32*H34 -> 0 | J34: 3 | K34: 0 | L34: 0 | M34: =I34-K34-L34 -> 0
H35: =0 -> 0 | I35: =G32*H35 -> 0 | J35: 4 | N35: =IF(ISERR(SEARCH("TRA* 82",C32)),IF(Q35+R35+S35=0,0,I35*(Q35/(Q35+R35+S35))),I35) -> 0 | O35: =IF(ISERR(SEARCH("TRA* 82",C32)),IF(Q35+R35+S35=0,0,I35*(R35/(Q35+R35+S35))),0) -> 0 | P35: =IF(ISERR(SEARCH("TRA* 82",C32)),I35-N35-O35,0) -> 0 | Q35: 0 | R35: 0 | S35: 0
H36: =H32+H33+H34+H35 -> 1157.68 | I36: =I32+I33+I34+I35 -> 25468.96 | J36: 5
B37: 6 | C37: IC01XA 91 | D37: M | G37: 200 | H37: =1089.34/G37 -> 5.4467 | I37: =G37*H37 -> 1089.34 | J37: 1
D38: =SUBSTITUTE("Sp.mat: 0.00%",".",IF(VALUE("1.2")=1.2,".",","),2) -> Sp.mat: 0.00% | F38: =SUBSTITUTE("Sp.man: 0.00%",".",IF(VALUE("1.2")=1.2,".",","),2) -> Sp.man: 0.00% | G38: =SUBSTITUTE("Sp.uti: 0.00%",".",IF(VALUE("1.2")=1.2,".",","),2) -> Sp.uti: 0.00% | H38: =3523.74/G37 -> 17.6187 | I38: =G37*H38 -> 3523.74 | J38: 2
A39: TEAVA OL NEAGRA SUDATA LONG.PT.INST.CU FILET SI MUFA MONT.INSURUB.,IN INST.INCAL.CENTR.,D=3/8"-3/4" | H39: =(1+IF(OR(ISERR(FIND(":",G38)),ISERR(FIND("%",G38))),0,MID(G38,FIND(":",G38)+2,FIND("%",G38)-FIND(":",G38)-2)/100))*0 -> 0 | I39: =G37*H39 -> 0 | J39: 3 | K39: 0 | L39: 0 | M39: =I39-K39-L39 -> 0
H40: =0 -> 0 | I40: =G37*H40 -> 0 | J40: 4 | N40: =IF(ISERR(SEARCH("TRA* 82",C37)),IF(Q40+R40+S40=0,0,I40*(Q40/(Q40+R40+S40))),I40) -> 0 | O40: =IF(ISERR(SEARCH("TRA* 82",C37)),IF(Q40+R40+S40=0,0,I40*(R40/(Q40+R40+S40))),0) -> 0 | P40: =IF(ISERR(SEARCH("TRA* 82",C37)),I40-N40-O40,0) -> 0 | Q40: 0 | R40: 0 | S40: 0
H41: =H37+H38+H39+H40 -> 23.0654 | I41: =I37+I38+I39+I40 -> 4613.08 | J41: 5
A42: ?eav? o?el 3/4", inclusiv piese speciale (bride de prindere, coturi, teuri, reduc?ii, mansoane,
A43: treceri prin pere?i rezisten?i la foc, etc)
B44: 7 | C44: IC01XB 91 | D44: M | G44: 500 | H44: =3999.56/G44 -> 7.99912 | I44: =G44*H44 -> 3999.56 | J44: 1
D45: =SUBSTITUTE("Sp.mat: 0.00%",".",IF(VALUE("1.2")=1.2,".",","),2) -> Sp.mat: 0.00% | F45: =SUBSTITUTE("Sp.man: 0.00%",".",IF(VALUE("1.2")=1.2,".",","),2) -> Sp.man: 0.00% | G45: =SUBSTITUTE("Sp.uti: 0.00%",".",IF(VALUE("1.2")=1.2,".",","),2) -> Sp.uti: 0.00% | H45: =7608.08/G44 -> 15.21616 | I45: =G44*H45 -> 7608.08 | J45: 2
A46: TEAVA OL NEAGRA SUDATA LONG.PT.INST.CU FILET SI MUFA MONT.INSURUB.,IN INST.INCAL.CENTR.,D=1"-1 1/4" | H46: =(1+IF(OR(ISERR(FIND(":",G45)),ISERR(FIND("%",G45))),0,MID(G45,FIND(":",G45)+2,FIND("%",G45)-FIND(":",G45)-2)/100))*0 -> 0 | I46: =G44*H46 -> 0 | J46: 3 | K46: 0 | L46: 0 | M46: =I46-K46-L46 -> 0
H47: =0 -> 0 | I47: =G44*H47 -> 0 | J47: 4 | N47: =IF(ISERR(SEARCH("TRA* 82",C44)),IF(Q47+R47+S47=0,0,I47*(Q47/(Q47+R47+S47))),I47) -> 0 | O47: =IF(ISERR(SEARCH("TRA* 82",C44)),IF(Q47+R47+S47=0,0,I47*(R47/(Q47+R47+S47))),0) -> 0 | P47: =IF(ISERR(SEARCH("TRA* 82",C44)),I47-N47-O47,0) -> 0 | Q47: 0 | R47: 0 | S47: 0
H48: =H44+H45+H46+H47 -> 23.21528 | I48: =I44+I45+I46+I47 -> 11607.64 | J48: 5
A49: ?eav? o?el 1", inclusiv piese speciale (bride de prindere, coturi, teuri, reduc?ii, mansoane,
A50: treceri prin pere?i rezisten?i la foc, etc)
B51: 8 | C51: IC01XB 91 | D51: M | G51: 260 | H51: =2815.26/G51 -> 10.827923 | I51: =G51*H51 -> 2815.26 | J51: 1
D52: =SUBSTITUTE("Sp.mat: 0.00%",".",IF(VALUE("1.2")=1.2,".",","),2) -> Sp.mat: 0.00% | F52: =SUBSTITUTE("Sp.man: 0.00%",".",IF(VALUE("1.2")=1.2,".",","),2) -> Sp.man: 0.00% | G52: =SUBSTITUTE("Sp.uti: 0.00%",".",IF(VALUE("1.2")=1.2,".",","),2) -> Sp.uti: 0.00% | H52: =3956.2/G51 -> 15.216154 | I52: =G51*H52 -> 3956.2 | J52: 2
A53: TEAVA OL NEAGRA SUDATA LONG.PT.INST.CU FILET SI MUFA MONT.INSURUB.,IN INST.INCAL.CENTR.,D=1"-1 1/4" | H53: =(1+IF(OR(ISERR(FIND(":",G52)),ISERR(FIND("%",G52))),0,MID(G52,FIND(":",G52)+2,FIND("%",G52)-FIND(":",G52)-2)/100))*0 -> 0 | I53: =G51*H53 -> 0 | J53: 3 | K53: 0 | L53: 0 | M53: =I53-K53-L53 -> 0
H54: =0 -> 0 | I54: =G51*H54 -> 0 | J54: 4 | N54: =IF(ISERR(SEARCH("TRA* 82",C51)),IF(Q54+R54+S54=0,0,I54*(Q54/(Q54+R54+S54))),I54) -> 0 | O54: =IF(ISERR(SEARCH("TRA* 82",C51)),IF(Q54+R54+S54=0,0,I54*(R54/(Q54+R54+S54))),0) -> 0 | P54: =IF(ISERR(SEARCH("TRA* 82",C51)),I54-N54-O54,0) -> 0 | Q54: 0 | R54: 0 | S54: 0
H55: =H51+H52+H53+H54 -> 26.044077 | I55: =I51+I52+I53+I54 -> 6771.46 | J55: 5
A56: ?eav? o?el 1 1/4", inclusiv piese speciale (bride de prindere, coturi, teuri, reduc?ii, mansoane,
A57: treceri prin pere?i rezisten?i la foc, etc)
B58: 9 | C58: IC01XC 91 | D58: M | G58: 100 | H58: 11.01 | I58: =G58*H58 -> 1101 | J58: 1
D59: =SUBSTITUTE("Sp.mat: 0.00%",".",IF(VALUE("1.2")=1.2,".",","),2) -> Sp.mat: 0.00% | F59: =SUBSTITUTE("Sp.man: 0.00%",".",IF(VALUE("1.2")=1.2,".",","),2) -> Sp.man: 0.00% | G59: =SUBSTITUTE("Sp.uti: 0.00%",".",IF(VALUE("1.2")=1.2,".",","),2) -> Sp.uti: 0.00% | H59: =1681.79/G58 -> 16.8179 | I59: =G58*H59 -> 1681.79 | J59: 2
A60: TEAVA OL NEAGRA SUDATA LONG.PT.INST.CU FILET SI MUFA MONT.INSURUB.,IN INST.INCAL.CENTR.,D=1 1/2"- 2" | H60: =(1+IF(OR(ISERR(FIND(":",G59)),ISERR(FIND("%",G59))),0,MID(G59,FIND(":",G59)+2,FIND("%",G59)-FIND(":",G59)-2)/100))*0 -> 0 | I60: =G58*H60 -> 0 | J60: 3 | K60: 0 | L60: 0 | M60: =I60-K60-L60 -> 0
H61: =0 -> 0 | I61: =G58*H61 -> 0 | J61: 4 | N61: =IF(ISERR(SEARCH("TRA* 82",C58)),IF(Q61+R61+S61=0,0,I61*(Q61/(Q61+R61+S61))),I61) -> 0 | O61: =IF(ISERR(SEARCH("TRA* 82",C58)),IF(Q61+R61+S61=0,0,I61*(R61/(Q61+R61+S61))),0) -> 0 | P61: =IF(ISERR(SEARCH("TRA* 82",C58)),I61-N61-O61,0) -> 0 | Q61: 0 | R61: 0 | S61: 0
H62: =H58+H59+H60+H61 -> 27.8279 | I62: =I58+I59+I60+I61 -> 2782.79 | J62: 5
A63: ?eav? o?el 1 1/2", inclusiv piese speciale (bride de prindere, coturi, teuri, reduc?ii, mansoane,
A64: treceri prin pere?i rezisten?i la foc, etc)
B65: 10 | C65: IC01XC 91 | D65: M | G65: 130 | H65: =2236.42/G65 -> 17.203231 | I65: =G65*H65 -> 2236.42 | J65: 1
D66: =SUBSTITUTE("Sp.mat: 0.00%",".",IF(VALUE("1.2")=1.2,".",","),2) -> Sp.mat: 0.00% | F66: =SUBSTITUTE("Sp.man: 0.00%",".",IF(VALUE("1.2")=1.2,".",","),2) -> Sp.man: 0.00% | G66: =SUBSTITUTE("Sp.uti: 0.00%",".",IF(VALUE("1.2")=1.2,".",","),2) -> Sp.uti: 0.00% | H66: =2186.32/G65 -> 16.817846 | I66: =G65*H66 -> 2186.32 | J66: 2
A67: TEAVA OL NEAGRA SUDATA LONG.PT.INST.CU FILET SI MUFA MONT.INSURUB.,IN INST.INCAL.CENTR.,D=1 1/2"- 2" | H67: =(1+IF(OR(ISERR(FIND(":",G66)),ISERR(FIND("%",G66))),0,MID(G66,FIND(":",G66)+2,FIND("%",G66)-FIND(":",G66)-2)/100))*0 -> 0 | I67: =G65*H67 -> 0 | J67: 3 | K67: 0 | L67: 0 | M67: =I67-K67-L67 -> 0
H68: =0 -> 0 | I68: =G65*H68 -> 0 | J68: 4 | N68: =IF(ISERR(SEARCH("TRA* 82",C65)),IF(Q68+R68+S68=0,0,I68*(Q68/(Q68+R68+S68))),I68) -> 0 | O68: =IF(ISERR(SEARCH("TRA* 82",C65)),IF(Q68+R68+S68=0,0,I68*(R68/(Q68+R68+S68))),0) -> 0 | P68: =IF(ISERR(SEARCH("TRA* 82",C65)),I68-N68-O68,0) -> 0 | Q68: 0 | R68: 0 | S68: 0
H69: =H65+H66+H67+H68 -> 34.021077 | I69: =I65+I66+I67+I68 -> 4422.74 | J69: 5
A70: ?eav? o?el 2", inclusiv piese speciale (bride de prindere, coturi, teuri, reduc?ii, mansoane,
A71: treceri prin pere?i rezisten?i la foc, etc)
B72: 11 | C72: IC01XD 91 | D72: M | G72: 180 | H72: 22.17 | I72: =G72*H72 -> 3990.6 | J72: 1
D73: =SUBSTITUTE("Sp.mat: 0.00%",".",IF(VALUE("1.2")=1.2,".",","),2) -> Sp.mat: 0.00% | F73: =SUBSTITUTE("Sp.man: 0.00%",".",IF(VALUE("1.2")=1.2,".",","),2) -> Sp.man: 0.00% | G73: =SUBSTITUTE("Sp.uti: 0.00%",".",IF(VALUE("1.2")=1.2,".",","),2) -> Sp.uti: 0.00% | H73: 18.42 | I73: =G72*H73 -> 3315.6 | J73: 2
A74: TEAVA OL NEAGRA SUDATA LONG.PT.INST.CU FILET SI MUFA MONT.INSURUB.,IN INST.INCAL.CENTR.,D=2 1/2"- 3" | H74: =(1+IF(OR(ISERR(FIND(":",G73)),ISERR(FIND("%",G73))),0,MID(G73,FIND(":",G73)+2,FIND("%",G73)-FIND(":",G73)-2)/100))*0 -> 0 | I74: =G72*H74 -> 0 | J74: 3 | K74: 0 | L74: 0 | M74: =I74-K74-L74 -> 0
H75: =0 -> 0 | I75: =G72*H75 -> 0 | J75: 4 | N75: =IF(ISERR(SEARCH("TRA* 82",C72)),IF(Q75+R75+S75=0,0,I75*(Q75/(Q75+R75+S75))),I75) -> 0 | O75: =IF(ISERR(SEARCH("TRA* 82",C72)),IF(Q75+R75+S75=0,0,I75*(R75/(Q75+R75+S75))),0) -> 0 | P75: =IF(ISERR(SEARCH("TRA* 82",C72)),I75-N75-O75,0) -> 0 | Q75: 0 | R75: 0 | S75: 0
H76: =H72+H73+H74+H75 -> 40.59 | I76: =I72+I73+I74+I75 -> 7306.2 | J76: 5
A77: ?eav? o?el 2 1/2", inclusiv piese speciale (bride de prindere, coturi, teuri, reduc?ii, mansoane,
A78: treceri prin pere?i rezisten?i la foc, etc)
B79: 12 | C79: IC01XD 91 | D79: M | G79: 85 | H79: 28.49 | I79: =G79*H79 -> 2421.65 | J79: 1
D80: =SUBSTITUTE("Sp.mat: 0.00%",".",IF(VALUE("1.2")=1.2,".",","),2) -> Sp.mat: 0.00% | F80: =SUBSTITUTE("Sp.man: 0.00%",".",IF(VALUE("1.2")=1.2,".",","),2) -> Sp.man: 0.00% | G80: =SUBSTITUTE("Sp.uti: 0.00%",".",IF(VALUE("1.2")=1.2,".",","),2) -> Sp.uti: 0.00% | H80: 18.42 | I80: =G79*H80 -> 1565.7 | J80: 2
A81: TEAVA OL NEAGRA SUDATA LONG.PT.INST.CU FILET SI MUFA MONT.INSURUB.,IN INST.INCAL.CENTR.,D=2 1/2"- 3" | H81: =(1+IF(OR(ISERR(FIND(":",G80)),ISERR(FIND("%",G80))),0,MID(G80,FIND(":",G80)+2,FIND("%",G80)-FIND(":",G80)-2)/100))*0 -> 0 | I81: =G79*H81 -> 0 | J81: 3 | K81: 0 | L81: 0 | M81: =I81-K81-L81 -> 0
H82: =0 -> 0 | I82: =G79*H82 -> 0 | J82: 4 | N82: =IF(ISERR(SEARCH("TRA* 82",C79)),IF(Q82+R82+S82=0,0,I82*(Q82/(Q82+R82+S82))),I82) -> 0 | O82: =IF(ISERR(SEARCH("TRA* 82",C79)),IF(Q82+R82+S82=0,0,I82*(R82/(Q82+R82+S82))),0) -> 0 | P82: =IF(ISERR(SEARCH("TRA* 82",C79)),I82-N82-O82,0) -> 0 | Q82: 0 | R82: 0 | S82: 0
H83: =H79+H80+H81+H82 -> 46.91 | I83: =I79+I80+I81+I82 -> 3987.35 | J83: 5
A84: ?eav? o?el 3", inclusiv piese speciale (bride de prindere, coturi, teuri, reduc?ii, mansoane,
A85: treceri prin pere?i rezisten?i la foc, etc)
B86: 13 | C86: IC01XE 91 | D86: M | G86: 150 | H86: 37.89 | I86: =G86*H86 -> 5683.5 | J86: 1
D87: =SUBSTITUTE("Sp.mat: 0.00%",".",IF(VALUE("1.2")=1.2,".",","),2) -> Sp.mat: 0.00% | F87: =SUBSTITUTE("Sp.man: 0.00%",".",IF(VALUE("1.2")=1.2,".",","),2) -> Sp.man: 0.00% | G87: =SUBSTITUTE("Sp.uti: 0.00%",".",IF(VALUE("1.2")=1.2,".",","),2) -> Sp.uti: 0.00% | H87: =3243.44/G86 -> 21.622933 | I87: =G86*H87 -> 3243.44 | J87: 2
A88: TEAVA OL NEAGRA SUDATA LONG.PT.INST.CU FILET SI MUFA MONT.INSURUB.,IN INST.INCAL.CENTR.,D= 4" | H88: =(1+IF(OR(ISERR(FIND(":",G87)),ISERR(FIND("%",G87))),0,MID(G87,FIND(":",G87)+2,FIND("%",G87)-FIND(":",G87)-2)/100))*0 -> 0 | I88: =G86*H88 -> 0 | J88: 3 | K88: 0 | L88: 0 | M88: =I88-K88-L88 -> 0
H89: =0 -> 0 | I89: =G86*H89 -> 0 | J89: 4 | N89: =IF(ISERR(SEARCH("TRA* 82",C86)),IF(Q89+R89+S89=0,0,I89*(Q89/(Q89+R89+S89))),I89) -> 0 | O89: =IF(ISERR(SEARCH("TRA* 82",C86)),IF(Q89+R89+S89=0,0,I89*(R89/(Q89+R89+S89))),0) -> 0 | P89: =IF(ISERR(SEARCH("TRA* 82",C86)),I89-N89-O89,0) -> 0 | Q89: 0 | R89: 0 | S89: 0
H90: =H86+H87+H88+H89 -> 59.512933 | I90: =I86+I87+I88+I89 -> 8926.94 | J90: 5
A91: ?eav? o?el 4", inclusiv piese speciale (bride de prindere, coturi, teuri, reduc?ii, mansoane,
A92: treceri prin pere?i rezisten?i la foc, etc)
B93: 14 | C93: IZD07A 09 | D93: M | G93: 1605 | H93: =421.34/G93 -> 0.26251713 | I93: =G93*H93 -> 421.34 | J93: 1
D94: =SUBSTITUTE("Sp.mat: 0.00%",".",IF(VALUE("1.2")=1.2,".",","),2) -> Sp.mat: 0.00% | F94: =SUBSTITUTE("Sp.man: 0.00%",".",IF(VALUE("1.2")=1.2,".",","),2) -> Sp.man: 0.00% | G94: =SUBSTITUTE("Sp.uti: 0.00%",".",IF(VALUE("1.2")=1.2,".",","),2) -> Sp.uti: 0.00% | H94: =3084.87/G93 -> 1.9220374 | I94: =G93*H94 -> 3084.87 | J94: 2
A95: IZOL.TUBURI (TEVI) POLIETILENA DIN PERETI SI PARDOS. CU IZOL. TIP TUBOLIT S | H95: =50.13/G93 -> 0.031233645 | I95: =G93*H95 -> 50.13 | J95: 3 | K95: 0 | L95: 0 | M95: =I95-K95-L95 -> 50.13
H96: =0 -> 0 | I96: =G93*H96 -> 0 | J96: 4 | N96: =IF(ISERR(SEARCH("TRA* 82",C93)),IF(Q96+R96+S96=0,0,I96*(Q96/(Q96+R96+S96))),I96) -> 0 | O96: =IF(ISERR(SEARCH("TRA* 82",C93)),IF(Q96+R96+S96=0,0,I96*(R96/(Q96+R96+S96))),0) -> 0 | P96: =IF(ISERR(SEARCH("TRA* 82",C93)),I96-N96-O96,0) -> 0 | Q96: 0 | R96: 0 | S96: 0
A97: ASIMILAT MONTAJ IZOLATIE ARMAFLEX | H97: =H93+H94+H95+H96 -> 2.2157882 | I97: =I93+I94+I95+I96 -> 3556.34 | J97: 5
B98: 15 | C98: 7805328 | D98: M | G98: 200 | H98: =363.05/G98 -> 1.81525 | I98: =G98*H98 -> 363.05 | J98: 1
D99: =SUBSTITUTE("Sp.mat: 0.00%",".",IF(VALUE("1.2")=1.2,".",","),2) -> Sp.mat: 0.00% | F99: =SUBSTITUTE("Sp.man: 0.00%",".",IF(VALUE("1.2")=1.2,".",","),2) -> Sp.man: 0.00% | G99: =SUBSTITUTE("Sp.uti: 0.00%",".",IF(VALUE("1.2")=1.2,".",","),2) -> Sp.uti: 0.00% | H99: =(1+IF(OR(ISERR(FIND(":",F99)),ISERR(FIND("%",F99))),0,MID(F99,FIND(":",F99)+2,FIND("%",F99)-FIND(":",F99)-2)/100))*0 -> 0 | I99: =G98*H99 -> 0 | J99: 2
A100: IZOLATIE ARMAFLEX 9 MM SAU SIMILAR OL 3/4", DN20 | H100: =(1+IF(OR(ISERR(FIND(":",G99)),ISERR(FIND("%",G99))),0,MID(G99,FIND(":",G99)+2,FIND("%",G99)-FIND(":",G99)-2)/100))*0 -> 0 | I100: =G98*H100 -> 0 | J100: 3 | K100: 0 | L100: 0 | M100: =I100-K100-L100 -> 0
...

Sheet O.01 D.10
A1: Formular F3 | J1: 1
A2: Obiectiv: 01F Construire ansamblu educational compus din scoala, gradinita, cai de circulatie, spatii verzi, terenuri de sport, zone de joaca, corpuri de iluminat, spatiu de parcare, gard incinta,care se va amplasa în partea de nord a Bucurestiului
A3: LISTA_x000D_ cu cantitatile de lucrari pe categorii de lucrari
A4: Obiect: 01 SCOALA
A5: Categorie: 10 INSTALATII DE VENTILARE | I5: [ ron ]
B6: Nr. | C6: Capitol lucrari | D6: U/M | G6: Cantitatea | H6: Pretul unitar | I6: Valoare
B7: Crt. | C7: Simbol | H7: a)materiale
C8: Denumire resursa | H8: b)manopera
C9: Observatii | H9: c)utilaj
C10: Corectii | H10: d)transport
C11: Liste Anexe | H11: Total(a+b+c+d)
B12: 1 | C12: VA01XF 93 | D12: MP | G12: 32 | H12: 52.33 | I12: =G12*H12 -> 1674.56 | J12: 1
D13: =SUBSTITUTE("Sp.mat: 0.00%",".",IF(VALUE("1.2")=1.2,".",","),2) -> Sp.mat: 0.00% | F13: =SUBSTITUTE("Sp.man: 0.00%",".",IF(VALUE("1.2")=1.2,".",","),2) -> Sp.man: 0.00% | G13: =SUBSTITUTE("Sp.uti: 0.00%",".",IF(VALUE("1.2")=1.2,".",","),2) -> Sp.uti: 0.00% | H13: =2234.69/32 -> 69.834063 | I13: =G12*H13 -> 2234.69 | J13: 2
A14: CANALE DREPTE CU GR.DE 0.3-2MM INCLUSIV,CONF.DIN TB ZN,CU PERIMETRUL SECT.RECTANG.DE 700-1600MM | H14: =(1+IF(OR(ISERR(FIND(":",G13)),ISERR(FIND("%",G13))),0,MID(G13,FIND(":",G13)+2,FIND("%",G13)-FIND(":",G13)-2)/100))*0 -> 0 | I14: =G12*H14 -> 0 | J14: 3 | K14: 0 | L14: 0 | M14: =I14-K14-L14 -> 0
H15: =0 -> 0 | I15: =G12*H15 -> 0 | J15: 4 | N15: =IF(ISERR(SEARCH("TRA* 82",C12)),IF(Q15+R15+S15=0,0,I15*(Q15/(Q15+R15+S15))),I15) -> 0 | O15: =IF(ISERR(SEARCH("TRA* 82",C12)),IF(Q15+R15+S15=0,0,I15*(R15/(Q15+R15+S15))),0) -> 0 | P15: =IF(ISERR(SEARCH("TRA* 82",C12)),I15-N15-O15,0) -> 0 | Q15: 0 | R15: 0 | S15: 0
H16: =H12+H13+H14+H15 -> 122.16406 | I16: =I12+I13+I14+I15 -> 3909.25 | J16: 5
A17: Tubulatura rectangulara din tabla zincata 400x400 mm, inclusiv piese speciale (bride de prindere,
A18: coturi, teuri, reductii, mansoane, treceri prin pereti
A19: rezistenti la foc, etc) si izolatie vata minerala bazaltica 30 mm
B20: 2 | C20: VA01XG 93 | D20: MP | G20: 60 | H20: 71.9 | I20: =G20*H20 -> 4314 | J20: 1
D21: =SUBSTITUTE("Sp.mat: 0.00%",".",IF(VALUE("1.2")=1.2,".",","),2) -> Sp.mat: 0.00% | F21: =SUBSTITUTE("Sp.man: 0.00%",".",IF(VALUE("1.2")=1.2,".",","),2) -> Sp.man: 0.00% | G21: =SUBSTITUTE("Sp.uti: 0.00%",".",IF(VALUE("1.2")=1.2,".",","),2) -> Sp.uti: 0.00% | H21: =3767.2/G20 -> 62.786667 | I21: =G20*H21 -> 3767.2 | J21: 2
A22: CANALE DREPTE CU GR.DE 0.3-2MM INCLUSIV,CONF.DIN TB ZN,CU PERIMETRUL SECT.RECTANG.DE 1600-2500 MM | H22: =(1+IF(OR(ISERR(FIND(":",G21)),ISERR(FIND("%",G21))),0,MID(G21,FIND(":",G21)+2,FIND("%",G21)-FIND(":",G21)-2)/100))*0 -> 0 | I22: =G20*H22 -> 0 | J22: 3 | K22: 0 | L22: 0 | M22: =I22-K22-L22 -> 0
H23: =0 -> 0 | I23: =G20*H23 -> 0 | J23: 4 | N23: =IF(ISERR(SEARCH("TRA* 82",C20)),IF(Q23+R23+S23=0,0,I23*(Q23/(Q23+R23+S23))),I23) -> 0 | O23: =IF(ISERR(SEARCH("TRA* 82",C20)),IF(Q23+R23+S23=0,0,I23*(R23/(Q23+R23+S23))),0) -> 0 | P23: =IF(ISERR(SEARCH("TRA* 82",C20)),I23-N23-O23,0) -> 0 | Q23: 0 | R23: 0 | S23: 0
H24: =H20+H21+H22+H23 -> 134.68667 | I24: =I20+I21+I22+I23 -> 8081.2 | J24: 5
A25: Tubulatura rectangulara din tabla zincata 600x400 mm, inclusiv piese speciale (bride de prindere,
A26: coturi, teuri, reductii, mansoane, treceri prin pereti
A27: rezistenti la foc, etc) si izolatie vata minerala bazaltica 30 mm
B28: 3 | C28: VA01XG 93 | D28: MP | G28: 96 | H28: 71.9 | I28: =G28*H28 -> 6902.4 | J28: 1
D29: =SUBSTITUTE("Sp.mat: 0.00%",".",IF(VALUE("1.2")=1.2,".",","),2) -> Sp.mat: 0.00% | F29: =SUBSTITUTE("Sp.man: 0.00%",".",IF(VALUE("1.2")=1.2,".",","),2) -> Sp.man: 0.00% | G29: =SUBSTITUTE("Sp.uti: 0.00%",".",IF(VALUE("1.2")=1.2,".",","),2) -> Sp.uti: 0.00% | H29: =6027.52/G28 -> 62.786667 | I29: =G28*H29 -> 6027.52 | J29: 2
A30: CANALE DREPTE CU GR.DE 0.3-2MM INCLUSIV,CONF.DIN TB ZN,CU PERIMETRUL SECT.RECTANG.DE 1600-2500 MM | H30: =(1+IF(OR(ISERR(FIND(":",G29)),ISERR(FIND("%",G29))),0,MID(G29,FIND(":",G29)+2,FIND("%",G29)-FIND(":",G29)-2)/100))*0 -> 0 | I30: =G28*H30 -> 0 | J30: 3 | K30: 0 | L30: 0 | M30: =I30-K30-L30 -> 0
H31: =0 -> 0 | I31: =G28*H31 -> 0 | J31: 4 | N31: =IF(ISERR(SEARCH("TRA* 82",C28)),IF(Q31+R31+S31=0,0,I31*(Q31/(Q31+R31+S31))),I31) -> 0 | O31: =IF(ISERR(SEARCH("TRA* 82",C28)),IF(Q31+R31+S31=0,0,I31*(R31/(Q31+R31+S31))),0) -> 0 | P31: =IF(ISERR(SEARCH("TRA* 82",C28)),I31-N31-O31,0) -> 0 | Q31: 0 | R31: 0 | S31: 0
H32: =H28+H29+H30+H31 -> 134.68667 | I32: =I28+I29+I30+I31 -> 12929.92 | J32: 5
A33: Tubulatura rectangulara din tabla zincata 800x400 mm, inclusiv piese speciale (bride de prindere,
A34: coturi, teuri, reductii, mansoane, treceri prin pereti
A35: rezistenti la foc, etc) si izolatie vata minerala bazaltica 30 mm
B36: 4 | C36: VA01XH 93 | D36: MP | G36: 26 | H36: =2078.2/G36 -> 79.930769 | I36: =G36*H36 -> 2078.2 | J36: 1
D37: =SUBSTITUTE("Sp.mat: 0.00%",".",IF(VALUE("1.2")=1.2,".",","),2) -> Sp.mat: 0.00% | F37: =SUBSTITUTE("Sp.man: 0.00%",".",IF(VALUE("1.2")=1.2,".",","),2) -> Sp.man: 0.00% | G37: =SUBSTITUTE("Sp.uti: 0.00%",".",IF(VALUE("1.2")=1.2,".",","),2) -> Sp.uti: 0.00% | H37: =1415.9/G36 -> 54.457692 | I37: =G36*H37 -> 1415.9 | J37: 2
A38: CANALE DREPTE CU GR.DE 0.3-2MM INCLUSIV,CONF.DIN TB ZN,CU PERIMETRUL SECT.RECTANG.PESTE 2500 MM | H38: =(1+IF(OR(ISERR(FIND(":",G37)),ISERR(FIND("%",G37))),0,MID(G37,FIND(":",G37)+2,FIND("%",G37)-FIND(":",G37)-2)/100))*0 -> 0 | I38: =G36*H38 -> 0 | J38: 3 | K38: 0 | L38: 0 | M38: =I38-K38-L38 -> 0
H39: =0 -> 0 | I39: =G36*H39 -> 0 | J39: 4 | N39: =IF(ISERR(SEARCH("TRA* 82",C36)),IF(Q39+R39+S39=0,0,I39*(Q39/(Q39+R39+S39))),I39) -> 0 | O39: =IF(ISERR(SEARCH("TRA* 82",C36)),IF(Q39+R39+S39=0,0,I39*(R39/(Q39+R39+S39))),0) -> 0 | P39: =IF(ISERR(SEARCH("TRA* 82",C36)),I39-N39-O39,0) -> 0 | Q39: 0 | R39: 0 | S39: 0
H40: =H36+H37+H38+H39 -> 134.38846 | I40: =I36+I37+I38+I39 -> 3494.1 | J40: 5
A41: Tubulatura rectangulara din tabla zincata 800x500 mm, inclusiv piese speciale (bride de prindere,
A42: coturi, teuri, reductii, mansoane, treceri prin pereti
A43: rezistenti la foc, etc) si izolatie vata minerala bazaltica 30 mm
B44: 5 | C44: VA01XH 93 | D44: MP | G44: 48 | H44: =3836.67/G44 -> 79.930625 | I44: =G44*H44 -> 3836.67 | J44: 1
D45: =SUBSTITUTE("Sp.mat: 0.00%",".",IF(VALUE("1.2")=1.2,".",","),2) -> Sp.mat: 0.00% | F45: =SUBSTITUTE("Sp.man: 0.00%",".",IF(VALUE("1.2")=1.2,".",","),2) -> Sp.man: 0.00% | G45: =SUBSTITUTE("Sp.uti: 0.00%",".",IF(VALUE("1.2")=1.2,".",","),2) -> Sp.uti: 0.00% | H45: =2613.97/G44 -> 54.457708 | I45: =G44*H45 -> 2613.97 | J45: 2
A46: CANALE DREPTE CU GR.DE 0.3-2MM INCLUSIV,CONF.DIN TB ZN,CU PERIMETRUL SECT.RECTANG.PESTE 2500 MM | H46: =(1+IF(OR(ISERR(FIND(":",G45)),ISERR(FIND("%",G45))),0,MID(G45,FIND(":",G45)+2,FIND("%",G45)-FIND(":",G45)-2)/100))*0 -> 0 | I46: =G44*H46 -> 0 | J46: 3 | K46: 0 | L46: 0 | M46: =I46-K46-L46 -> 0
H47: =0 -> 0 | I47: =G44*H47 -> 0 | J47: 4 | N47: =IF(ISERR(SEARCH("TRA* 82",C44)),IF(Q47+R47+S47=0,0,I47*(Q47/(Q47+R47+S47))),I47) -> 0 | O47: =IF(ISERR(SEARCH("TRA* 82",C44)),IF(Q47+R47+S47=0,0,I47*(R47/(Q47+R47+S47))),0) -> 0 | P47: =IF(ISERR(SEARCH("TRA* 82",C44)),I47-N47-O47,0) -> 0 | Q47: 0 | R47: 0 | S47: 0
H48: =H44+H45+H46+H47 -> 134.38833 | I48: =I44+I45+I46+I47 -> 6450.64 | J48: 5
A49: Tubulatura rectangulara din tabla zincata 800x800 mm, inclusiv piese speciale (bride de prindere,
A50: coturi, teuri, reductii, mansoane, treceri prin pereti
A51: rezistenti la foc, etc) si izolatie vata minerala bazaltica 30 mm
B52: 6 | C52: VA01XH 93 | D52: MP | G52: 120 | H52: =9591.68/G52 -> 79.930667 | I52: =G52*H52 -> 9591.68 | J52: 1
D53: =SUBSTITUTE("Sp.mat: 0.00%",".",IF(VALUE("1.2")=1.2,".",","),2) -> Sp.mat: 0.00% | F53: =SUBSTITUTE("Sp.man: 0.00%",".",IF(VALUE("1.2")=1.2,".",","),2) -> Sp.man: 0.00% | G53: =SUBSTITUTE("Sp.uti: 0.00%",".",IF(VALUE("1.2")=1.2,".",","),2) -> Sp.uti: 0.00% | H53: =6534.94/G52 -> 54.457833 | I53: =G52*H53 -> 6534.94 | J53: 2
A54: CANALE DREPTE CU GR.DE 0.3-2MM INCLUSIV,CONF.DIN TB ZN,CU PERIMETRUL SECT.RECTANG.PESTE 2500 MM | H54: =(1+IF(OR(ISERR(FIND(":",G53)),ISERR(FIND("%",G53))),0,MID(G53,FIND(":",G53)+2,FIND("%",G53)-FIND(":",G53)-2)/100))*0 -> 0 | I54: =G52*H54 -> 0 | J54: 3 | K54: 0 | L54: 0 | M54: =I54-K54-L54 -> 0
H55: =0 -> 0 | I55: =G52*H55 -> 0 | J55: 4 | N55: =IF(ISERR(SEARCH("TRA* 82",C52)),IF(Q55+R55+S55=0,0,I55*(Q55/(Q55+R55+S55))),I55) -> 0 | O55: =IF(ISERR(SEARCH("TRA* 82",C52)),IF(Q55+R55+S55=0,0,I55*(R55/(Q55+R55+S55))),0) -> 0 | P55: =IF(ISERR(SEARCH("TRA* 82",C52)),I55-N55-O55,0) -> 0 | Q55: 0 | R55: 0 | S55: 0
H56: =H52+H53+H54+H55 -> 134.3885 | I56: =I52+I53+I54+I55 -> 16126.62 | J56: 5
A57: Tubulatura rectangulara din tabla zincata 1000x500 mm, inclusiv piese speciale (bride de prindere,
A58: coturi, teuri, reductii, mansoane, treceri prin pereti
A59: rezistenti la foc, etc) si izolatie vata minerala bazaltica 30 mm
B60: 7 | C60: VA01XH 93 | D60: MP | G60: 120 | H60: =9591.68/G60 -> 79.930667 | I60: =G60*H60 -> 9591.68 | J60: 1
D61: =SUBSTITUTE("Sp.mat: 0.00%",".",IF(VALUE("1.2")=1.2,".",","),2) -> Sp.mat: 0.00% | F61: =SUBSTITUTE("Sp.man: 0.00%",".",IF(VALUE("1.2")=1.2,".",","),2) -> Sp.man: 0.00% | G61: =SUBSTITUTE("Sp.uti: 0.00%",".",IF(VALUE("1.2")=1.2,".",","),2) -> Sp.uti: 0.00% | H61: =6534.94/G60 -> 54.457833 | I61: =G60*H61 -> 6534.94 | J61: 2
A62: CANALE DREPTE CU GR.DE 0.3-2MM INCLUSIV,CONF.DIN TB ZN,CU PERIMETRUL SECT.RECTANG.PESTE 2500 MM | H62: =(1+IF(OR(ISERR(FIND(":",G61)),ISERR(FIND("%",G61))),0,MID(G61,FIND(":",G61)+2,FIND("%",G61)-FIND(":",G61)-2)/100))*0 -> 0 | I62: =G60*H62 -> 0 | J62: 3 | K62: 0 | L62: 0 | M62: =I62-K62-L62 -> 0
H63: =0 -> 0 | I63: =G60*H63 -> 0 | J63: 4 | N63: =IF(ISERR(SEARCH("TRA* 82",C60)),IF(Q63+R63+S63=0,0,I63*(Q63/(Q63+R63+S63))),I63) -> 0 | O63: =IF(ISERR(SEARCH("TRA* 82",C60)),IF(Q63+R63+S63=0,0,I63*(R63/(Q63+R63+S63))),0) -> 0 | P63: =IF(ISERR(SEARCH("TRA* 82",C60)),I63-N63-O63,0) -> 0 | Q63: 0 | R63: 0 | S63: 0
H64: =H60+H61+H62+H63 -> 134.3885 | I64: =I60+I61+I62+I63 -> 16126.62 | J64: 5
A65: Tubulatura rectangulara din tabla zincata 1200x800 mm, inclusiv piese speciale (bride de prindere,
A66: coturi, teuri, reductii, mansoane, treceri prin pereti
A67: rezistenti la foc, etc) si izolatie vata minerala bazaltica 30 mm
B68: 8 | C68: VA01XH 93 | D68: MP | G68: 240 | H68: =19183.37/G68 -> 79.930708 | I68: =G68*H68 -> 19183.37 | J68: 1
D69: =SUBSTITUTE("Sp.mat: 0.00%",".",IF(VALUE("1.2")=1.2,".",","),2) -> Sp.mat: 0.00% | F69: =SUBSTITUTE("Sp.man: 0.00%",".",IF(VALUE("1.2")=1.2,".",","),2) -> Sp.man: 0.00% | G69: =SUBSTITUTE("Sp.uti: 0.00%",".",IF(VALUE("1.2")=1.2,".",","),2) -> Sp.uti: 0.00% | H69: =13069.87/G68 -> 54.457792 | I69: =G68*H69 -> 13069.87 | J69: 2
A70: CANALE DREPTE CU GR.DE 0.3-2MM INCLUSIV,CONF.DIN TB ZN,CU PERIMETRUL SECT.RECTANG.PESTE 2500 MM | H70: =(1+IF(OR(ISERR(FIND(":",G69)),ISERR(FIND("%",G69))),0,MID(G69,FIND(":",G69)+2,FIND("%",G69)-FIND(":",G69)-2)/100))*0 -> 0 | I70: =G68*H70 -> 0 | J70: 3 | K70: 0 | L70: 0 | M70: =I70-K70-L70 -> 0
H71: =0 -> 0 | I71: =G68*H71 -> 0 | J71: 4 | N71: =IF(ISERR(SEARCH("TRA* 82",C68)),IF(Q71+R71+S71=0,0,I71*(Q71/(Q71+R71+S71))),I71) -> 0 | O71: =IF(ISERR(SEARCH("TRA* 82",C68)),IF(Q71+R71+S71=0,0,I71*(R71/(Q71+R71+S71))),0) -> 0 | P71: =IF(ISERR(SEARCH("TRA* 82",C68)),I71-N71-O71,0) -> 0 | Q71: 0 | R71: 0 | S71: 0
H72: =H68+H69+H70+H71 -> 134.3885 | I72: =I68+I69+I70+I71 -> 32253.24 | J72: 5
A73: Tubulatura rectangulara din tabla zincata 1600x800 mm, inclusiv piese speciale (bride de prindere,
A74: coturi, teuri, reductii, mansoane, treceri prin pereti
A75: rezistenti la foc, etc) si izolatie vata minerala bazaltica 30 mm
B76: 9 | C76: VA01XM 93 | D76: MP | G76: 50.24 | H76: 61.14 | I76: =G76*H76 -> 3071.6736 | J76: 1
D77: =SUBSTITUTE("Sp.mat: 0.00%",".",IF(VALUE("1.2")=1.2,".",","),2) -> Sp.mat: 0.00% | F77: =SUBSTITUTE("Sp.man: 0.00%",".",IF(VALUE("1.2")=1.2,".",","),2) -> Sp.man: 0.00% | G77: =SUBSTITUTE("Sp.uti: 0.00%",".",IF(VALUE("1.2")=1.2,".",","),2) -> Sp.uti: 0.00% | H77: =3460.18/G76 -> 68.87301 | I77: =G76*H77 -> 3460.18 | J77: 2
A78: CANALE DREPTE CU GR.DE 0.3-2MM INCLUSIV,CONF.DIN TB ZN,CU PERIMETRUL SECT.CIRCUL.DE 250-700 MM | H78: =(1+IF(OR(ISERR(FIND(":",G77)),ISERR(FIND("%",G77))),0,MID(G77,FIND(":",G77)+2,FIND("%",G77)-FIND(":",G77)-2)/100))*0 -> 0 | I78: =G76*H78 -> 0 | J78: 3 | K78: 0 | L78: 0 | M78: =I78-K78-L78 -> 0
H79: =0 -> 0 | I79: =G76*H79 -> 0 | J79: 4 | N79: =IF(ISERR(SEARCH("TRA* 82",C76)),IF(Q79+R79+S79=0,0,I79*(Q79/(Q79+R79+S79))),I79) -> 0 | O79: =IF(ISERR(SEARCH("TRA* 82",C76)),IF(Q79+R79+S79=0,0,I79*(R79/(Q79+R79+S79))),0) -> 0 | P79: =IF(ISERR(SEARCH("TRA* 82",C76)),I79-N79-O79,0) -> 0 | Q79: 0 | R79: 0 | S79: 0
H80: =H76+H77+H78+H79 -> 130.01301 | I80: =I76+I77+I78+I79 -> 6531.8536 | J80: 5
A81: Tubulatura rigida circulara din tabla zincata O100 mm, inclusiv piese speciale (bride de prindere,
A82: coturi, teuri, reduc?ii, mansoane, treceri prin pere?i
A83: rezisten?i la foc, etc) si izolatie vata minerala bazaltica 30 mm
B84: 10 | C84: VA01XM 93 | D84: MP | G84: 39.25 | H84: =2399.68/G84 -> 61.138344 | I84: =G84*H84 -> 2399.68 | J84: 1
D85: =SUBSTITUTE("Sp.mat: 0.00%",".",IF(VALUE("1.2")=1.2,".",","),2) -> Sp.mat: 0.00% | F85: =SUBSTITUTE("Sp.man: 0.00%",".",IF(VALUE("1.2")=1.2,".",","),2) -> Sp.man: 0.00% | G85: =SUBSTITUTE("Sp.uti: 0.00%",".",IF(VALUE("1.2")=1.2,".",","),2) -> Sp.uti: 0.00% | H85: =2703.27/G84 -> 68.873121 | I85: =G84*H85 -> 2703.27 | J85: 2
A86: CANALE DREPTE CU GR.DE 0.3-2MM INCLUSIV,CONF.DIN TB ZN,CU PERIMETRUL SECT.CIRCUL.DE 250-700 MM | H86: =(1+IF(OR(ISERR(FIND(":",G85)),ISERR(FIND("%",G85))),0,MID(G85,FIND(":",G85)+2,FIND("%",G85)-FIND(":",G85)-2)/100))*0 -> 0 | I86: =G84*H86 -> 0 | J86: 3 | K86: 0 | L86: 0 | M86: =I86-K86-L86 -> 0
H87: =0 -> 0 | I87: =G84*H87 -> 0 | J87: 4 | N87: =IF(ISERR(SEARCH("TRA* 82",C84)),IF(Q87+R87+S87=0,0,I87*(Q87/(Q87+R87+S87))),I87) -> 0 | O87: =IF(ISERR(SEARCH("TRA* 82",C84)),IF(Q87+R87+S87=0,0,I87*(R87/(Q87+R87+S87))),0) -> 0 | P87: =IF(ISERR(SEARCH("TRA* 82",C84)),I87-N87-O87,0) -> 0 | Q87: 0 | R87: 0 | S87: 0
H88: =H84+H85+H86+H87 -> 130.01146 | I88: =I84+I85+I86+I87 -> 5102.95 | J88: 5
A89: Tubulatura rigida circulara tip tabla zincata O125 mm, inclusiv piese speciale (bride de prindere,
A90: coturi, teuri, reduc?ii, mansoane, treceri prin pere?i
A91: rezisten?i la foc, etc) si izolatie vata minerala bazaltica 30 mm
B92: 11 | C92: VA01XM 93 | D92: MP | G92: 15.07 | H92: 61.14 | I92: =G92*H92 -> 921.3798 | J92: 1
D93: =SUBSTITUTE("Sp.mat: 0.00%",".",IF(VALUE("1.2")=1.2,".",","),2) -> Sp.mat: 0.00% | F93: =SUBSTITUTE("Sp.man: 0.00%",".",IF(VALUE("1.2")=1.2,".",","),2) -> Sp.man: 0.00% | G93: =SUBSTITUTE("Sp.uti: 0.00%",".",IF(VALUE("1.2")=1.2,".",","),2) -> Sp.uti: 0.00% | H93: =1037.92/G92 -> 68.873258 | I93: =G92*H93 -> 1037.92 | J93: 2
A94: CANALE DREPTE CU GR.DE 0.3-2MM INCLUSIV,CONF.DIN TB ZN,CU PERIMETRUL SECT.CIRCUL.DE 250-700 MM | H94: =(1+IF(OR(ISERR(FIND(":",G93)),ISERR(FIND("%",G93))),0,MID(G93,FIND(":",G93)+2,FIND("%",G93)-FIND(":",G93)-2)/100))*0 -> 0 | I94: =G92*H94 -> 0 | J94: 3 | K94: 0 | L94: 0 | M94: =I94-K94-L94 -> 0
H95: =0 -> 0 | I95: =G92*H95 -> 0 | J95: 4 | N95: =IF(ISERR(SEARCH("TRA* 82",C92)),IF(Q95+R95+S95=0,0,I95*(Q95/(Q95+R95+S95))),I95) -> 0 | O95: =IF(ISERR(SEARCH("TRA* 82",C92)),IF(Q95+R95+S95=0,0,I95*(R95/(Q95+R95+S95))),0) -> 0 | P95: =IF(ISERR(SEARCH("TRA* 82",C92)),I95-N95-O95,0) -> 0 | Q95: 0 | R95: 0 | S95: 0
H96: =H92+H93+H94+H95 -> 130.01326 | I96: =I92+I93+I94+I95 -> 1959.2998 | J96: 5
A97: Tubulatura rigida circulara tip tabla zincata O160 mm, inclusiv piese speciale (bride de prindere,
A98: coturi, teuri, reduc?ii, mansoane, treceri prin pere?i
A99: rezisten?i la foc, etc) si izolatie vata minerala bazaltica 30 mm
B100: 12 | C100: VA01XM 93 | D100: MP | G100: 37.68 | H100: 61.14 | I100: =G100*H100 -> 2303.7552 | J100: 1
...

Sheet O.01 D.11
A1: Formular F3 | J1: 1
A2: Obiectiv: 01F Construire ansamblu educational compus din scoala, gradinita, cai de circulatie, spatii verzi, terenuri de sport, zone de joaca, corpuri de iluminat, spatiu de parcare, gard incinta,care se va amplasa în partea de nord a Bucurestiului
A3: LISTA_x000D_ cu cantitatile de lucrari pe categorii de lucrari
A4: Obiect: 01 SCOALA
A5: Categorie: 11 MONTAJ ECHIPAMENTE VENTILATII | I5: [ ron ]
B6: Nr. | C6: Capitol lucrari | D6: U/M | G6: Cantitatea | H6: Pretul unitar | I6: Valoare
B7: Crt. | C7: Simbol | H7: a)materiale
C8: Denumire resursa | H8: b)manopera
C9: Observatii | H9: c)utilaj
C10: Corectii | H10: d)transport
C11: Liste Anexe | H11: Total(a+b+c+d)
B12: 1 | C12: VB02A1 82 | D12: BUCATA | G12: 68 | H12: 4.67 | I12: =G12*H12 -> 317.56 | J12: 1
D13: =SUBSTITUTE("Sp.mat: 0.00%",".",IF(VALUE("1.2")=1.2,".",","),2) -> Sp.mat: 0.00% | F13: =SUBSTITUTE("Sp.man: 0.00%",".",IF(VALUE("1.2")=1.2,".",","),2) -> Sp.man: 0.00% | G13: =SUBSTITUTE("Sp.uti: 0.00%",".",IF(VALUE("1.2")=1.2,".",","),2) -> Sp.uti: 0.00% | H13: 7.37 | I13: =G12*H13 -> 501.16 | J13: 2
A14: CLAPETE DE REGL.INCHIDERE ANTIFOC GATA CONFEC.CU PERIM. 700-1500 MM MONTATE PE CANAL CIRCULAR | H14: =(1+IF(OR(ISERR(FIND(":",G13)),ISERR(FIND("%",G13))),0,MID(G13,FIND(":",G13)+2,FIND("%",G13)-FIND(":",G13)-2)/100))*0 -> 0 | I14: =G12*H14 -> 0 | J14: 3 | K14: 0 | L14: 0 | M14: =I14-K14-L14 -> 0
H15: =0 -> 0 | I15: =G12*H15 -> 0 | J15: 4 | N15: =IF(ISERR(SEARCH("TRA* 82",C12)),IF(Q15+R15+S15=0,0,I15*(Q15/(Q15+R15+S15))),I15) -> 0 | O15: =IF(ISERR(SEARCH("TRA* 82",C12)),IF(Q15+R15+S15=0,0,I15*(R15/(Q15+R15+S15))),0) -> 0 | P15: =IF(ISERR(SEARCH("TRA* 82",C12)),I15-N15-O15,0) -> 0 | Q15: 0 | R15: 0 | S15: 0
A16: ASIMILAT MONTAJ | H16: =H12+H13+H14+H15 -> 12.04 | I16: =I12+I13+I14+I15 -> 818.72 | J16: 5
A17: Clapet? antifoc circulara O100 mm RF120 min echipat? cu servomotor 24V buc 6
A18: Clapet? antifoc circulara O125 mm RF120 min echipat? cu servomotor 24V buc 20
A19: Clapet? antifoc circulara O250 mm RF120 min echipat? cu servomotor 24V buc 6
A20: Clapet? antifoc circulara O315 mm RF120 min echipat? cu servomotor 24V buc 36
B21: 2 | C21: VB01A1 82 | D21: BUCATA | G21: 2 | H21: 3.39 | I21: =G21*H21 -> 6.78 | J21: 1
D22: =SUBSTITUTE("Sp.mat: 0.00%",".",IF(VALUE("1.2")=1.2,".",","),2) -> Sp.mat: 0.00% | F22: =SUBSTITUTE("Sp.man: 0.00%",".",IF(VALUE("1.2")=1.2,".",","),2) -> Sp.man: 0.00% | G22: =SUBSTITUTE("Sp.uti: 0.00%",".",IF(VALUE("1.2")=1.2,".",","),2) -> Sp.uti: 0.00% | H22: 4.47 | I22: =G21*H22 -> 8.94 | J22: 2
A23: CLAP.DE REGL.BIF.CONTRA GREUT.ANTIFOC GATA CONFEC.PERIM. 700-1500 MM MONT.PE CANAL RECTANGULARE | H23: =(1+IF(OR(ISERR(FIND(":",G22)),ISERR(FIND("%",G22))),0,MID(G22,FIND(":",G22)+2,FIND("%",G22)-FIND(":",G22)-2)/100))*0 -> 0 | I23: =G21*H23 -> 0 | J23: 3 | K23: 0 | L23: 0 | M23: =I23-K23-L23 -> 0
H24: =0 -> 0 | I24: =G21*H24 -> 0 | J24: 4 | N24: =IF(ISERR(SEARCH("TRA* 82",C21)),IF(Q24+R24+S24=0,0,I24*(Q24/(Q24+R24+S24))),I24) -> 0 | O24: =IF(ISERR(SEARCH("TRA* 82",C21)),IF(Q24+R24+S24=0,0,I24*(R24/(Q24+R24+S24))),0) -> 0 | P24: =IF(ISERR(SEARCH("TRA* 82",C21)),I24-N24-O24,0) -> 0 | Q24: 0 | R24: 0 | S24: 0
A25: ASIMILAT MONTAJ | H25: =H21+H22+H23+H24 -> 7.86 | I25: =I21+I22+I23+I24 -> 15.72 | J25: 5
A26: Clapet? antifoc rectangulara 400x250 mm, RF120 min echipat? cu servomotor 24V buc 2
B27: 3 | C27: VB01D1 82 | D27: BUCATA | G27: 4 | H27: 7.18 | I27: =G27*H27 -> 28.72 | J27: 1
D28: =SUBSTITUTE("Sp.mat: 0.00%",".",IF(VALUE("1.2")=1.2,".",","),2) -> Sp.mat: 0.00% | F28: =SUBSTITUTE("Sp.man: 0.00%",".",IF(VALUE("1.2")=1.2,".",","),2) -> Sp.man: 0.00% | G28: =SUBSTITUTE("Sp.uti: 0.00%",".",IF(VALUE("1.2")=1.2,".",","),2) -> Sp.uti: 0.00% | H28: 13.07 | I28: =G27*H28 -> 52.28 | J28: 2
A29: CLAP.DE REGL.BIF.CONTRA GREUT.ANTIFOC GATA CONFEC.PERIM.2501-3200 MM MONT.PE CANAL RECTANGULARE | H29: =(1+IF(OR(ISERR(FIND(":",G28)),ISERR(FIND("%",G28))),0,MID(G28,FIND(":",G28)+2,FIND("%",G28)-FIND(":",G28)-2)/100))*0 -> 0 | I29: =G27*H29 -> 0 | J29: 3 | K29: 0 | L29: 0 | M29: =I29-K29-L29 -> 0
H30: =0 -> 0 | I30: =G27*H30 -> 0 | J30: 4 | N30: =IF(ISERR(SEARCH("TRA* 82",C27)),IF(Q30+R30+S30=0,0,I30*(Q30/(Q30+R30+S30))),I30) -> 0 | O30: =IF(ISERR(SEARCH("TRA* 82",C27)),IF(Q30+R30+S30=0,0,I30*(R30/(Q30+R30+S30))),0) -> 0 | P30: =IF(ISERR(SEARCH("TRA* 82",C27)),I30-N30-O30,0) -> 0 | Q30: 0 | R30: 0 | S30: 0
A31: ASIMILAT MONTAJ | H31: =H27+H28+H29+H30 -> 20.25 | I31: =I27+I28+I29+I30 -> 81 | J31: 5
A32: Clapet? antifoc rectangulara 1000x500 mm, RF120 min echipat? cu servomotor 24V buc 4
B33: 4 | C33: VB01F1 82 | D33: BUCATA | G33: 2 | H33: 12.47 | I33: =G33*H33 -> 24.94 | J33: 1
D34: =SUBSTITUTE("Sp.mat: 0.00%",".",IF(VALUE("1.2")=1.2,".",","),2) -> Sp.mat: 0.00% | F34: =SUBSTITUTE("Sp.man: 0.00%",".",IF(VALUE("1.2")=1.2,".",","),2) -> Sp.man: 0.00% | G34: =SUBSTITUTE("Sp.uti: 0.00%",".",IF(VALUE("1.2")=1.2,".",","),2) -> Sp.uti: 0.00% | H34: 16.34 | I34: =G33*H34 -> 32.68 | J34: 2
A35: CLAP.DE REGL.BIF.CONTRA GREUT.ANTIFOC GATA CONFEC.PERIM.4001-6000 MM MONT.PE CANAL RECTANGULARE | H35: =(1+IF(OR(ISERR(FIND(":",G34)),ISERR(FIND("%",G34))),0,MID(G34,FIND(":",G34)+2,FIND("%",G34)-FIND(":",G34)-2)/100))*0 -> 0 | I35: =G33*H35 -> 0 | J35: 3 | K35: 0 | L35: 0 | M35: =I35-K35-L35 -> 0
H36: =0 -> 0 | I36: =G33*H36 -> 0 | J36: 4 | N36: =IF(ISERR(SEARCH("TRA* 82",C33)),IF(Q36+R36+S36=0,0,I36*(Q36/(Q36+R36+S36))),I36) -> 0 | O36: =IF(ISERR(SEARCH("TRA* 82",C33)),IF(Q36+R36+S36=0,0,I36*(R36/(Q36+R36+S36))),0) -> 0 | P36: =IF(ISERR(SEARCH("TRA* 82",C33)),I36-N36-O36,0) -> 0 | Q36: 0 | R36: 0 | S36: 0
A37: ASIMILAT MONTAJ | H37: =H33+H34+H35+H36 -> 28.81 | I37: =I33+I34+I35+I36 -> 57.62 | J37: 5
A38: Clapet? antifoc rectangulara 1600x800 mm, RF120 min echipat? cu servomotor 24V buc 2
B39: 5 | C39: VC01C1 82 | D39: BUCATA | G39: 14 | H39: 91.71 | I39: =G39*H39 -> 1283.94 | J39: 1
D40: =SUBSTITUTE("Sp.mat: 0.00%",".",IF(VALUE("1.2")=1.2,".",","),2) -> Sp.mat: 0.00% | F40: =SUBSTITUTE("Sp.man: 0.00%",".",IF(VALUE("1.2")=1.2,".",","),2) -> Sp.man: 0.00% | G40: =SUBSTITUTE("Sp.uti: 0.00%",".",IF(VALUE("1.2")=1.2,".",","),2) -> Sp.uti: 0.00% | H40: 118.93 | I40: =G39*H40 -> 1665.02 | J40: 2
A41: MONTAREA VENTILATORULUI AXIAL GR.TOTALA 50-200KG | H41: =(1+IF(OR(ISERR(FIND(":",G40)),ISERR(FIND("%",G40))),0,MID(G40,FIND(":",G40)+2,FIND("%",G40)-FIND(":",G40)-2)/100))*0 -> 0 | I41: =G39*H41 -> 0 | J41: 3 | K41: 0 | L41: 0 | M41: =I41-K41-L41 -> 0
H42: =0 -> 0 | I42: =G39*H42 -> 0 | J42: 4 | N42: =IF(ISERR(SEARCH("TRA* 82",C39)),IF(Q42+R42+S42=0,0,I42*(Q42/(Q42+R42+S42))),I42) -> 0 | O42: =IF(ISERR(SEARCH("TRA* 82",C39)),IF(Q42+R42+S42=0,0,I42*(R42/(Q42+R42+S42))),0) -> 0 | P42: =IF(ISERR(SEARCH("TRA* 82",C39)),I42-N42-O42,0) -> 0 | Q42: 0 | R42: 0 | S42: 0
A43: ASIMILAT MONTAJ | H43: =H39+H40+H41+H42 -> 210.64 | I43: =I39+I40+I41+I42 -> 2948.96 | J43: 5
A44: Ventilator de extrac?ie de tubulatur? ?100 mm, L=100 m3/h, alimentat conform proiect instalatii
A45: electrice, 230 V/1 Ph/50 Hz, Pe=50 W, ?p=100 Pa, cu tura?ie
A46: variabil?; buc 4
A47: Ventilator de extrac?ie de tubulatur? ?125 mm, L=150 m3/h, alimentat conform proiect instalatii
A48: electrice, 230 V/1 Ph/50 Hz, Pe=75 W, ?p=100 Pa, cu tura?ie
A49: variabil?; buc 1
A50: Ventilator de extrac?ie de tubulatur? ?125 mm, L=200 m3/h, alimentat conform proiect instalatii
A51: electrice, 230 V/1 Ph/50 Hz, Pe=150 W, ?p=100 Pa, cu
A52: tura?ie variabil?; buc 1
A53: Ventilator de extrac?ie de tubulatur? ?125 mm, L=400 m3/h, alimentat conform proiect instalatii
A54: electrice, 230 V/1 Ph/50 Hz, Pe=200 W, ?p=100 Pa, cu
A55: tura?ie variabil?; buc 3
... A61: tura?ie variabil?; buc 3
B62: 6 | C62: FB08A1 82 | D62: BUCATA | G62: 4 | H62: 27.87 | I62: =G62*H62 -> 111.48 | J62: 1
D63: =SUBSTITUTE("Sp.mat: 0.00%",".",IF(VALUE("1.2")=1.2,".",","),2) -> Sp.mat: 0.00% | F63: =SUBSTITUTE("Sp.man: 0.00%",".",IF(VALUE("1.2")=1.2,".",","),2) -> Sp.man: 0.00% | G63: =SUBSTITUTE("Sp.uti: 0.00%",".",IF(VALUE("1.2")=1.2,".",","),2) -> Sp.uti: 0.00% | H63: 144.53 | I63: =G62*H63 -> 578.12 | J63: 2
A64: GRUP EVAPORATOR SUPERINTENSIV FORMAT DIN 4,6,8 SAU14 PANOURI CU SUPR.TOTALA 1-20,9 MP | H64: 20.02 | I64: =G62*H64 -> 80.08 | J64: 3 | K64: 150 | L64: 0 | M64: =I64-K64-L64 -> -69.92
H65: =0 -> 0 | I65: =G62*H65 -> 0 | J65: 4 | N65: =IF(ISERR(SEARCH("TRA* 82",C62)),IF(Q65+R65+S65=0,0,I65*(Q65/(Q65+R65+S65))),I65) -> 0 | O65: =IF(ISERR(SEARCH("TRA* 82",C62)),IF(Q65+R65+S65=0,0,I65*(R65/(Q65+R65+S65))),0) -> 0 | P65: =IF(ISERR(SEARCH("TRA* 82",C62)),I65-N65-O65,0) -> 0 | Q65: 0 | R65: 0 | S65: 0
A66: ASIMILAT MONTAJ CENTRALE TRATARE AER | H66: =H62+H63+H64+H65 -> 192.42 | I66: =I62+I63+I64+I65 -> 769.68 | J66: 5
A67: Centrala de tratare de aer cu montaj de tavan L=5500 m3/h buc 1
A68: Centrala de tratare de aer cu montaj in exterior L=14000 m3/h buc 2
A69: Centrala de tratare de aer cu montaj in exterior L=20000 m3/h buc 1
B70: 7 | C70: FA03B1 82 | D70: BUCATA | G70: 1 | H70: 44.87 | I70: =G70*H70 -> 44.87 | J70: 1
D71: =SUBSTITUTE("Sp.mat: 0.00%",".",IF(VALUE("1.2")=1.2,".",","),2) -> Sp.mat: 0.00% | F71: =SUBSTITUTE("Sp.man: 0.00%",".",IF(VALUE("1.2")=1.2,".",","),2) -> Sp.man: 0.00% | G71: =SUBSTITUTE("Sp.uti: 0.00%",".",IF(VALUE("1.2")=1.2,".",","),2) -> Sp.uti: 0.00% | H71: 539.13 | I71: =G70*H71 -> 539.13 | J71: 2
A72: COMPRESOR FRIG VERT RAPID 50001-200000 KCAL/H | H72: 43.73 | I72: =G70*H72 -> 43.73 | J72: 3 | K72: 0 | L72: 0 | M72: =I72-K72-L72 -> 43.73
H73: =0 -> 0 | I73: =G70*H73 -> 0 | J73: 4 | N73: =IF(ISERR(SEARCH("TRA* 82",C70)),IF(Q73+R73+S73=0,0,I73*(Q73/(Q73+R73+S73))),I73) -> 0 | O73: =IF(ISERR(SEARCH("TRA* 82",C70)),IF(Q73+R73+S73=0,0,I73*(R73/(Q73+R73+S73))),0) -> 0 | P73: =IF(ISERR(SEARCH("TRA* 82",C70)),I73-N73-O73,0) -> 0 | Q73: 0 | R73: 0 | S73: 0
A74: ASIMILAT MONTAJ UE VRF Qr=106.5 KW, QI=114 KW | H74: =H70+H71+H72+H73 -> 627.73 | I74: =I70+I71+I72+I73 -> 627.73 | J74: 5
E75: =SUMIF(J12:J74,"1",I12:I74) -> 1818.29 | F75: =SUMIF(J12:J74,"2",I12:I74) -> 3377.33 | G75: =SUMIF(J12:J74,"3",I12:I74) -> 123.81 | H75: =SUMIF(J12:J74,"4",I12:I74) -> 0 | I75: =SUMIF(J12:J74,"5",I12:I74) -> 5319.43 | K75: =SUMIF(J12:J74,"3",K12:K74) -> 150 | L75: =SUMIF(J12:J74,"3",L12:L74) -> 0 | M75: =SUMIF(J12:J74,"3",M12:M74) -> -26.19 | N75: =SUMIF(J12:J74,"4",N12:N74) -> 0 | O75: =SUMIF(J12:J74,"4",O12:O74) -> 0 | P75: =SUMIF(J12:J74,"4",P12:P74) -> 0 | Q75: =SUMIF(J12:J74,"4",Q12:Q74) -> 0 | R75: =SUMIF(J12:J74,"4",R12:R74) -> 0 | S75: =SUMIF(J12:J74,"4",S12:S74) -> 0
B76: TOTAL GENERAL | I76: =I75 -> 5319.43

Sheet O.02 D.04
A1: Formular F3 | J1: 1
A2: Obiectiv: 01F Construire ansamblu educational compus din scoala, gradinita, cai de circulatie, spatii verzi, terenuri de sport, zone de joaca, corpuri de iluminat, spatiu de parcare, gard incinta,care se va amplasa în partea de nord a Bucurestiului
A3: LISTA_x000D_ cu cantitatile de lucrari pe categorii de lucrari
A4: Obiect: 02 GRADINITA
A5: Categorie: 04 INSTALATII SANITARE | I5: [ ron ]
B6: Nr. | C6: Capitol lucrari | D6: U/M | G6: Cantitatea | H6: Pretul unitar | I6: Valoare
B7: Crt. | C7: Simbol | H7: a)materiale
C8: Denumire resursa | H8: b)manopera
C9: Observatii | H9: c)utilaj
C10: Corectii | H10: d)transport
C11: Liste Anexe | H11: Total(a+b+c+d)
B12: 1 | C12: SD17B 99 | D12: BUCATA | G12: 12 | H12: =11860.65/G12 -> 988.3875 | I12: =G12*H12 -> 11860.65 | J12: 1
D13: =SUBSTITUTE("Sp.mat: 0.00%",".",IF(VALUE("1.2")=1.2,".",","),2) -> Sp.mat: 0.00% | F13: =SUBSTITUTE("Sp.man: 0.00%",".",IF(VALUE("1.2")=1.2,".",","),2) -> Sp.man: 0.00% | G13: =SUBSTITUTE("Sp.uti: 0.00%",".",IF(VALUE("1.2")=1.2,".",","),2) -> Sp.uti: 0.00% | H13: =768.82/G12 -> 64.068333 | I13: =G12*H13 -> 768.82 | J13: 2
A14: HIDRANT INTERIOR, PENTRU CLADIRI, CU DIAMETRUL DE 2", PE PERETE (CUTIE+RAMA) | H14: =(1+IF(OR(ISERR(FIND(":",G13)),ISERR(FIND("%",G13))),0,MID(G13,FIND(":",G13)+2,FIND("%",G13)-FIND(":",G13)-2)/100))*0 -> 0 | I14: =G12*H14 -> 0 | J14: 3 | K14: 0 | L14: 0 | M14: =I14-K14-L14 -> 0
H15: =0 -> 0 | I15: =G12*H15 -> 0 | J15: 4 | N15: =IF(ISERR(SEARCH("TRA* 82",C12)),IF(Q15+R15+S15=0,0,I15*(Q15/(Q15+R15+S15))),I15) -> 0 | O15: =IF(ISERR(SEARCH("TRA* 82",C12)),IF(Q15+R15+S15=0,0,I15*(R15/(Q15+R15+S15))),0) -> 0 | P15: =IF(ISERR(SEARCH("TRA* 82",C12)),I15-N15-O15,0) -> 0 | Q15: 0 | R15: 0 | S15: 0
H16: =H12+H13+H14+H15 -> 1052.4558 | I16: =I12+I13+I14+I15 -> 12629.47 | J16: 5
B17: 2 | C17: SA02XC 91 | D17: M | G17: 6 | H17: =118.71/G17 -> 19.785 | I17: =G17*H17 -> 118.71 | J17: 1
D18: =SUBSTITUTE("Sp.mat: 0.00%",".",IF(VALUE("1.2")=1.2,".",","),2) -> Sp.mat: 0.00% | F18: =SUBSTITUTE("Sp.man: 0.00%",".",IF(VALUE("1.2")=1.2,".",","),2) -> Sp.man: 0.00% | G18: =SUBSTITUTE("Sp.uti: 0.00%",".",IF(VALUE("1.2")=1.2,".",","),2) -> Sp.uti: 0.00% | H18: =129.74/G17 -> 21.623333 | I18: =G17*H18 -> 129.74 | J18: 2
A19: TEAVA OL ZN SUDATA LONG,CU FILET SI MUFA,PT.INST.MONT.LA CONST.CIVILE AVIND DIAMETRUL DE 1 1/2"-2" | H19: =(1+IF(OR(ISERR(FIND(":",G18)),ISERR(FIND("%",G18))),0,MID(G18,FIND(":",G18)+2,FIND("%",G18)-FIND(":",G18)-2)/100))*0 -> 0 | I19: =G17*H19 -> 0 | J19: 3 | K19: 0 | L19: 0 | M19: =I19-K19-L19 -> 0
H20: =0 -> 0 | I20: =G17*H20 -> 0 | J20: 4 | N20: =IF(ISERR(SEARCH("TRA* 82",C17)),IF(Q20+R20+S20=0,0,I20*(Q20/(Q20+R20+S20))),I20) -> 0 | O20: =IF(ISERR(SEARCH("TRA* 82",C17)),IF(Q20+R20+S20=0,0,I20*(R20/(Q20+R20+S20))),0) -> 0 | P20: =IF(ISERR(SEARCH("TRA* 82",C17)),I20-N20-O20,0) -> 0 | Q20: 0 | R20: 0 | S20: 0
H21: =H17+H18+H19+H20 -> 41.408333 | I21: =I17+I18+I19+I20 -> 248.45 | J21: 5
B22: 3 | C22: SA02XD 91 | D22: M | G22: 51 | H22: =1183.36/G22 -> 23.203137 | I22: =G22*H22 -> 1183.36 | J22: 1
D23: =SUBSTITUTE("Sp.mat: 0.00%",".",IF(VALUE("1.2")=1.2,".",","),2) -> Sp.mat: 0.00% | F23: =SUBSTITUTE("Sp.man: 0.00%",".",IF(VALUE("1.2")=1.2,".",","),2) -> Sp.man: 0.00% | G23: =SUBSTITUTE("Sp.uti: 0.00%",".",IF(VALUE("1.2")=1.2,".",","),2) -> Sp.uti: 0.00% | H23: =1388.67/G22 -> 27.228824 | I23: =G22*H23 -> 1388.67 | J23: 2
A24: TEAVA OL ZN SUDATA LONG,CU FILET SI MUFA,PT.INST.MONT.LA CONST.CIVILE AVIND DIAMETRUL DE 2 1/2"-3" | H24: =(1+IF(OR(ISERR(FIND(":",G23)),ISERR(FIND("%",G23))),0,MID(G23,FIND(":",G23)+2,FIND("%",G23)-FIND(":",G23)-2)/100))*0 -> 0 | I24: =G22*H24 -> 0 | J24: 3 | K24: 0 | L24: 0 | M24: =I24-K24-L24 -> 0
H25: =0 -> 0 | I25: =G22*H25 -> 0 | J25: 4 | N25: =IF(ISERR(SEARCH("TRA* 82",C22)),IF(Q25+R25+S25=0,0,I25*(Q25/(Q25+R25+S25))),I25) -> 0 | O25: =IF(ISERR(SEARCH("TRA* 82",C22)),IF(Q25+R25+S25=0,0,I25*(R25/(Q25+R25+S25))),0) -> 0 | P25: =IF(ISERR(SEARCH("TRA* 82",C22)),I25-N25-O25,0) -> 0 | Q25: 0 | R25: 0 | S25: 0
H26: =H22+H23+H24+H25 -> 50.431961 | I26: =I22+I23+I24+I25 -> 2572.03 | J26: 5
B27: 4 | C27: SA02XD 91 | D27: M | G27: 15 | H27: =546.38/G27 -> 36.425333 | I27: =G27*H27 -> 546.38 | J27: 1
D28: =SUBSTITUTE("Sp.mat: 0.00%",".",IF(VALUE("1.2")=1.2,".",","),2) -> Sp.mat: 0.00% | F28: =SUBSTITUTE("Sp.man: 0.00%",".",IF(VALUE("1.2")=1.2,".",","),2) -> Sp.man: 0.00% | G28: =SUBSTITUTE("Sp.uti: 0.00%",".",IF(VALUE("1.2")=1.2,".",","),2) -> Sp.uti: 0.00% | H28: =408.43/G27 -> 27.228667 | I28: =G27*H28 -> 408.43 | J28: 2
A29: TEAVA OL ZN SUDATA LONG,CU FILET SI MUFA,PT.INST.MONT.LA CONST.CIVILE AVIND DIAMETRUL DE 2 1/2"-3" | H29: =(1+IF(OR(ISERR(FIND(":",G28)),ISERR(FIND("%",G28))),0,MID(G28,FIND(":",G28)+2,FIND("%",G28)-FIND(":",G28)-2)/100))*0 -> 0 | I29: =G27*H29 -> 0 | J29: 3 | K29: 0 | L29: 0 | M29: =I29-K29-L29 -> 0
H30: =0 -> 0 | I30: =G27*H30 -> 0 | J30: 4 | N30: =IF(ISERR(SEARCH("TRA* 82",C27)),IF(Q30+R30+S30=0,0,I30*(Q30/(Q30+R30+S30))),I30) -> 0 | O30: =IF(ISERR(SEARCH("TRA* 82",C27)),IF(Q30+R30+S30=0,0,I30*(R30/(Q30+R30+S30))),0) -> 0 | P30: =IF(ISERR(SEARCH("TRA* 82",C27)),I30-N30-O30,0) -> 0 | Q30: 0 | R30: 0 | S30: 0
H31: =H27+H28+H29+H30 -> 63.654 | I31: =I27+I28+I29+I30 -> 954.81 | J31: 5
B32: 5 | C32: SF05A 99 | D32: M | G32: 6 | H32: =(1+IF(OR(ISERR(FIND(":",D33)),ISERR(FIND("%",D33))),0,MID(D33,FIND(":",D33)+2,FIND("%",D33)-FIND(":",D33)-2)/100))*0 -> 0 | I32: =G32*H32 -> 0 | J32: 1
D33: =SUBSTITUTE("Sp.mat: 0.00%",".",IF(VALUE("1.2")=1.2,".",","),2) -> Sp.mat: 0.00% | F33: =SUBSTITUTE("Sp.man: 0.00%",".",IF(VALUE("1.2")=1.2,".",","),2) -> Sp.man: 0.00% | G33: =SUBSTITUTE("Sp.uti: 0.00%",".",IF(VALUE("1.2")=1.2,".",","),2) -> Sp.uti: 0.00% | H33: =5.77/G32 -> 0.96166667 | I33: =G32*H33 -> 5.77 | J33: 2
A34: SPALAREA INSTALATIEI DE APA, EXECUTATA DIN TEAVA DE OTEL ZINCATA, D= 3/8" - 2" | H34: =(1+IF(OR(ISERR(FIND(":",G33)),ISERR(FIND("%",G33))),0,MID(G33,FIND(":",G33)+2,FIND("%",G33)-FIND(":",G33)-2)/100))*0 -> 0 | I34: =G32*H34 -> 0 | J34: 3 | K34: 0 | L34: 0 | M34: =I34-K34-L34 -> 0
H35: =0 -> 0 | I35: =G32*H35 -> 0 | J35: 4 | N35: =IF(ISERR(SEARCH("TRA* 82",C32)),IF(Q35+R35+S35=0,0,I35*(Q35/(Q35+R35+S35))),I35) -> 0 | O35: =IF(ISERR(SEARCH("TRA* 82",C32)),IF(Q35+R35+S35=0,0,I35*(R35/(Q35+R35+S35))),0) -> 0 | P35: =IF(ISERR(SEARCH("TRA* 82",C32)),I35-N35-O35,0) -> 0 | Q35: 0 | R35: 0 | S35: 0
H36: =H32+H33+H34+H35 -> 0.96166667 | I36: =I32+I33+I34+I35 -> 5.77 | J36: 5
B37: 6 | C37: SF05B 99 | D37: M | G37: 66 | H37: =(1+IF(OR(ISERR(FIND(":",D38)),ISERR(FIND("%",D38))),0,MID(D38,FIND(":",D38)+2,FIND("%",D38)-FIND(":",D38)-2)/100))*0 -> 0 | I37: =G37*H37 -> 0 | J37: 1
D38: =SUBSTITUTE("Sp.mat: 0.00%",".",IF(VALUE("1.2")=1.2,".",","),2) -> Sp.mat: 0.00% | F38: =SUBSTITUTE("Sp.man: 0.00%",".",IF(VALUE("1.2")=1.2,".",","),2) -> Sp.man: 0.00% | G38: =SUBSTITUTE("Sp.uti: 0.00%",".",IF(VALUE("1.2")=1.2,".",","),2) -> Sp.uti: 0.00% | H38: =84.57/G37 -> 1.2813636 | I38: =G37*H38 -> 84.57 | J38: 2
A39: SPALAREA INSTALATIEI DE APA, EXECUTATA DIN TEAVA DE OTEL ZINCATA, D= 2 1/2" - 4" | H39: =(1+IF(OR(ISERR(FIND(":",G38)),ISERR(FIND("%",G38))),0,MID(G38,FIND(":",G38)+2,FIND("%",G38)-FIND(":",G38)-2)/100))*0 -> 0 | I39: =G37*H39 -> 0 | J39: 3 | K39: 0 | L39: 0 | M39: =I39-K39-L39 -> 0
H40: =0 -> 0 | I40: =G37*H40 -> 0 | J40: 4 | N40: =IF(ISERR(SEARCH("TRA* 82",C37)),IF(Q40+R40+S40=0,0,I40*(Q40/(Q40+R40+S40))),I40) -> 0 | O40: =IF(ISERR(SEARCH("TRA* 82",C37)),IF(Q40+R40+S40=0,0,I40*(R40/(Q40+R40+S40))),0) -> 0 | P40: =IF(ISERR(SEARCH("TRA* 82",C37)),I40-N40-O40,0) -> 0 | Q40: 0 | R40: 0 | S40: 0
H41: =H37+H38+H39+H40 -> 1.2813636 | I41: =I37+I38+I39+I40 -> 84.57 | J41: 5
B42: 7 | C42: IC46A 99 | D42: BUCATA | G42: 1 | H42: =143.85/G42 -> 143.85 | I42: =G42*H42 -> 143.85 | J42: 1
D43: =SUBSTITUTE("Sp.mat: 0.00%",".",IF(VALUE("1.2")=1.2,".",","),2) -> Sp.mat: 0.00% | F43: =SUBSTITUTE("Sp.man: 0.00%",".",IF(VALUE("1.2")=1.2,".",","),2) -> Sp.man: 0.00% | G43: =SUBSTITUTE("Sp.uti: 0.00%",".",IF(VALUE("1.2")=1.2,".",","),2) -> Sp.uti: 0.00% | H43: 54.46 | I43: =G42*H43 -> 54.46 | J43: 2
A44: DISTRIBUITOR-COLECTOR PTR.PUNCTE SI CENTRALE TERMICE MONT.PE SUSTINATOR GATA CONF.65-100 MM | H44: =(1+IF(OR(ISERR(FIND(":",G43)),ISERR(FIND("%",G43))),0,MID(G43,FIND(":",G43)+2,FIND("%",G43)-FIND(":",G43)-2)/100))*0 -> 0 | I44: =G42*H44 -> 0 | J44: 3 | K44: 0 | L44: 0 | M44: =I44-K44-L44 -> 0
H45: =0 -> 0 | I45: =G42*H45 -> 0 | J45: 4 | N45: =IF(ISERR(SEARCH("TRA* 82",C42)),IF(Q45+R45+S45=0,0,I45*(Q45/(Q45+R45+S45))),I45) -> 0 | O45: =IF(ISERR(SEARCH("TRA* 82",C42)),IF(Q45+R45+S45=0,0,I45*(R45/(Q45+R45+S45))),0) -> 0 | P45: =IF(ISERR(SEARCH("TRA* 82",C42)),I45-N45-O45,0) -> 0 | Q45: 0 | R45: 0 | S45: 0
A46: ASIMILAT | H46: =H42+H43+H44+H45 -> 198.31 | I46: =I42+I43+I44+I45 -> 198.31 | J46: 5
A47: Confectionare si montare corp distribuitor apa rece din conducta otel zincata Dn 3", avand racord
A48: manometru, racord golire 1/2"
B49: 8 | C49: SE56A 99 | D49: BUCATA | G49: 1 | H49: 2117.08 | I49: =G49*H49 -> 2117.08 | J49: 1
D50: =SUBSTITUTE("Sp.mat: 0.00%",".",IF(VALUE("1.2")=1.2,".",","),2) -> Sp.mat: 0.00% | F50: =SUBSTITUTE("Sp.man: 0.00%",".",IF(VALUE("1.2")=1.2,".",","),2) -> Sp.man: 0.00% | G50: =SUBSTITUTE("Sp.uti: 0.00%",".",IF(VALUE("1.2")=1.2,".",","),2) -> Sp.uti: 0.00% | H50: 36.84 | I50: =G49*H50 -> 36.84 | J50: 2
A51: FILTRU PT. APA POTABILA CU MUFE FILETATE PT. MONTAJ PE CONDUCTA,AVIND DIAMETRUL DE 1"-2" | H51: =(1+IF(OR(ISERR(FIND(":",G50)),ISERR(FIND("%",G50))),0,MID(G50,FIND(":",G50)+2,FIND("%",G50)-FIND(":",G50)-2)/100))*0 -> 0 | I51: =G49*H51 -> 0 | J51: 3 | K51: 0 | L51: 0 | M51: =I51-K51-L51 -> 0
H52: =0 -> 0 | I52: =G49*H52 -> 0 | J52: 4 | N52: =IF(ISERR(SEARCH("TRA* 82",C49)),IF(Q52+R52+S52=0,0,I52*(Q52/(Q52+R52+S52))),I52) -> 0 | O52: =IF(ISERR(SEARCH("TRA* 82",C49)),IF(Q52+R52+S52=0,0,I52*(R52/(Q52+R52+S52))),0) -> 0 | P52: =IF(ISERR(SEARCH("TRA* 82",C49)),I52-N52-O52,0) -> 0 | Q52: 0 | R52: 0 | S52: 0
A53: ASIMILAT | H53: =H49+H50+H51+H52 -> 2153.92 | I53: =I49+I50+I51+I52 -> 2153.92 | J53: 5
A54: Filtru impuritati autocuratator Dn 3”, inclusiv transformatorul electric de alimentare
B55: 9 | C55: ACA12A1 82 | D55: M | G55: 120 | H55: =841.16/G55 -> 7.0096667 | I55: =G55*H55 -> 841.16 | J55: 1
D56: =SUBSTITUTE("Sp.mat: 0.00%",".",IF(VALUE("1.2")=1.2,".",","),2) -> Sp.mat: 0.00% | F56: =SUBSTITUTE("Sp.man: 0.00%",".",IF(VALUE("1.2")=1.2,".",","),2) -> Sp.man: 0.00% | G56: =SUBSTITUTE("Sp.uti: 0.00%",".",IF(VALUE("1.2")=1.2,".",","),2) -> Sp.uti: 0.00% | H56: =326.75/G55 -> 2.7229167 | I56: =G55*H56 -> 326.75 | J56: 2
A57: MONTARE TEAVA PVC MUFATA DE 9M LUNG.,IN PAMINT,IN EXTERIORUL CLADIRILOR ETANS.CU GARNIT.CAUC.DN 125 | H57: =0.17/G55 -> 0.0014166667 | I57: =G55*H57 -> 0.17 | J57: 3 | K57: 0.306 | L57: 0 | M57: =I57-K57-L57 -> -0.136
H58: =0 -> 0 | I58: =G55*H58 -> 0 | J58: 4 | N58: =IF(ISERR(SEARCH("TRA* 82",C55)),IF(Q58+R58+S58=0,0,I58*(Q58/(Q58+R58+S58))),I58) -> 0 | O58: =IF(ISERR(SEARCH("TRA* 82",C55)),IF(Q58+R58+S58=0,0,I58*(R58/(Q58+R58+S58))),0) -> 0 | P58: =IF(ISERR(SEARCH("TRA* 82",C55)),I58-N58-O58,0) -> 0 | Q58: 0 | R58: 0 | S58: 0
A59: ASIMILAT | H59: =H55+H56+H57+H58 -> 9.734 | I59: =I55+I56+I57+I58 -> 1168.08 | J59: 5
A60: PVC-KG 110
B61: 10 | C61: ACA12B1 82 | D61: M | G61: 162 | H61: =1837.98/G61 -> 11.345556 | I61: =G61*H61 -> 1837.98 | J61: 1
D62: =SUBSTITUTE("Sp.mat: 0.00%",".",IF(VALUE("1.2")=1.2,".",","),2) -> Sp.mat: 0.00% | F62: =SUBSTITUTE("Sp.man: 0.00%",".",IF(VALUE("1.2")=1.2,".",","),2) -> Sp.man: 0.00% | G62: =SUBSTITUTE("Sp.uti: 0.00%",".",IF(VALUE("1.2")=1.2,".",","),2) -> Sp.uti: 0.00% | H62: =493/G61 -> 3.0432099 | I62: =G61*H62 -> 493 | J62: 2
A63: MONTARE TEAVA PVC MUFATA DE 9M LUNG.,IN PAMINT,IN EXTERIORUL CLADIRILOR ETANS.CU GARNIT.CAUC.DN 160 | H63: =0.22/G61 -> 0.0013580247 | I63: =G61*H63 -> 0.22 | J63: 3 | K63: 0.4131 | L63: 0 | M63: =I63-K63-L63 -> -0.1931
H64: =0 -> 0 | I64: =G61*H64 -> 0 | J64: 4 | N64: =IF(ISERR(SEARCH("TRA* 82",C61)),IF(Q64+R64+S64=0,0,I64*(Q64/(Q64+R64+S64))),I64) -> 0 | O64: =IF(ISERR(SEARCH("TRA* 82",C61)),IF(Q64+R64+S64=0,0,I64*(R64/(Q64+R64+S64))),0) -> 0 | P64: =IF(ISERR(SEARCH("TRA* 82",C61)),I64-N64-O64,0) -> 0 | Q64: 0 | R64: 0 | S64: 0
A65: ASIMILAT | H65: =H61+H62+H63+H64 -> 14.390123 | I65: =I61+I62+I63+I64 -> 2331.2 | J65: 5
A66: PVC-KG 160
B67: 11 | C67: ACA12C1 82 | D67: M | G67: 90 | H67: =1943.91/G67 -> 21.599 | I67: =G67*H67 -> 1943.91 | J67: 1
D68: =SUBSTITUTE("Sp.mat: 0.00%",".",IF(VALUE("1.2")=1.2,".",","),2) -> Sp.mat: 0.00% | F68: =SUBSTITUTE("Sp.man: 0.00%",".",IF(VALUE("1.2")=1.2,".",","),2) -> Sp.man: 0.00% | G68: =SUBSTITUTE("Sp.uti: 0.00%",".",IF(VALUE("1.2")=1.2,".",","),2) -> Sp.uti: 0.00% | H68: =317.14/G67 -> 3.5237778 | I68: =G67*H68 -> 317.14 | J68: 2
A69: MONTARE TEAVA PVC MUFATA DE 9M LUNG.,IN PAMINT,IN EXTERIORUL CLADIRILOR ETANS.CU GARNIT.CAUC.DN 200 | H69: =0.12/G67 -> 0.0013333333 | I69: =G67*H69 -> 0.12 | J69: 3 | K69: 0.2295 | L69: 0 | M69: =I69-K69-L69 -> -0.1095
H70: =0 -> 0 | I70: =G67*H70 -> 0 | J70: 4 | N70: =IF(ISERR(SEARCH("TRA* 82",C67)),IF(Q70+R70+S70=0,0,I70*(Q70/(Q70+R70+S70))),I70) -> 0 | O70: =IF(ISERR(SEARCH("TRA* 82",C67)),IF(Q70+R70+S70=0,0,I70*(R70/(Q70+R70+S70))),0) -> 0 | P70: =IF(ISERR(SEARCH("TRA* 82",C67)),I70-N70-O70,0) -> 0 | Q70: 0 | R70: 0 | S70: 0
A71: ASIMILAT | H71: =H67+H68+H69+H70 -> 25.124111 | I71: =I67+I68+I69+I70 -> 2261.17 | J71: 5
A72: PVC-KG 200
B73: 12 | C73: ACA12D1 82 | D73: M | G73: 90 | H73: =6306.67/G73 -> 70.074111 | I73: =G73*H73 -> 6306.67 | J73: 1
D74: =SUBSTITUTE("Sp.mat: 0.00%",".",IF(VALUE("1.2")=1.2,".",","),2) -> Sp.mat: 0.00% | F74: =SUBSTITUTE("Sp.man: 0.00%",".",IF(VALUE("1.2")=1.2,".",","),2) -> Sp.man: 0.00% | G74: =SUBSTITUTE("Sp.uti: 0.00%",".",IF(VALUE("1.2")=1.2,".",","),2) -> Sp.uti: 0.00% | H74: =345.97/G73 -> 3.8441111 | I74: =G73*H74 -> 345.97 | J74: 2
A75: MONTARE TEAVA PVC MUFATA DE 9M LUNG.,IN PAMINT,IN EXTERIORUL CLADIRILOR ETANS.CU GARNIT.CAUC.DN 225 | H75: =0.25/G73 -> 0.0027777778 | I75: =G73*H75 -> 0.25 | J75: 3 | K75: 0.459 | L75: 0 | M75: =I75-K75-L75 -> -0.209
H76: =0 -> 0 | I76: =G73*H76 -> 0 | J76: 4 | N76: =IF(ISERR(SEARCH("TRA* 82",C73)),IF(Q76+R76+S76=0,0,I76*(Q76/(Q76+R76+S76))),I76) -> 0 | O76: =IF(ISERR(SEARCH("TRA* 82",C73)),IF(Q76+R76+S76=0,0,I76*(R76/(Q76+R76+S76))),0) -> 0 | P76: =IF(ISERR(SEARCH("TRA* 82",C73)),I76-N76-O76,0) -> 0 | Q76: 0 | R76: 0 | S76: 0
A77: ASIMILAT | H77: =H73+H74+H75+H76 -> 73.921 | I77: =I73+I74+I75+I76 -> 6652.89 | J77: 5
A78: PVC-KG 250
B79: 13 | C79: ACD04H1 82 | D79: BUCATA | G79: 15 | H79: =18669.86/G79 -> 1244.6573 | I79: =G79*H79 -> 18669.86 | J79: 1
D80: =SUBSTITUTE("Sp.mat: 0.00%",".",IF(VALUE("1.2")=1.2,".",","),2) -> Sp.mat: 0.00% | F80: =SUBSTITUTE("Sp.man: 0.00%",".",IF(VALUE("1.2")=1.2,".",","),2) -> Sp.man: 0.00% | G80: =SUBSTITUTE("Sp.uti: 0.00%",".",IF(VALUE("1.2")=1.2,".",","),2) -> Sp.uti: 0.00% | H80: =4701.54/G79 -> 313.436 | I80: =G79*H80 -> 4701.54 | J80: 2
A81: CAMIN VIZITARE STAS 2448-73 CU CAMERA LUCRU HC=2M DIN TUB BET.CU CEP SI BUZA LA CANALE CU DN 800 | H81: =913.95/G79 -> 60.93 | I81: =G79*H81 -> 913.95 | J81: 3 | K81: 1629.0216 | L81: 0 | M81: =I81-K81-L81 -> -715.0716
H82: =0 -> 0 | I82: =G79*H82 -> 0 | J82: 4 | N82: =IF(ISERR(SEARCH("TRA* 82",C79)),IF(Q82+R82+S82=0,0,I82*(Q82/(Q82+R82+S82))),I82) -> 0 | O82: =IF(ISERR(SEARCH("TRA* 82",C79)),IF(Q82+R82+S82=0,0,I82*(R82/(Q82+R82+S82))),0) -> 0 | P82: =IF(ISERR(SEARCH("TRA* 82",C79)),I82-N82-O82,0) -> 0 | Q82: 0 | R82: 0 | S82: 0
H83: =H79+H80+H81+H82 -> 1619.0233 | I83: =I79+I80+I81+I82 -> 24285.35 | J83: 5
B84: 14 | C84: ACD01XF 93 | D84: BUCATA | G84: 2 | H84: =695.1/G84 -> 347.55 | I84: =G84*H84 -> 695.1 | J84: 1
D85: =SUBSTITUTE("Sp.mat: 0.00%",".",IF(VALUE("1.2")=1.2,".",","),2) -> Sp.mat: 0.00% | F85: =SUBSTITUTE("Sp.man: 0.00%",".",IF(VALUE("1.2")=1.2,".",","),2) -> Sp.man: 0.00% | G85: =SUBSTITUTE("Sp.uti: 0.00%",".",IF(VALUE("1.2")=1.2,".",","),2) -> Sp.uti: 0.00% | H85: =73.68/G84 -> 36.84 | I85: =G84*H85 -> 73.68 | J85: 2
A86: CAPAC SI RAMA DIN FONTA SAU FONTA-BET,MONT.LA CAM.PT ALIM CU APA SI CANAL CU PIESA SUP. TIP IV | H86: =(1+IF(OR(ISERR(FIND(":",G85)),ISERR(FIND("%",G85))),0,MID(G85,FIND(":",G85)+2,FIND("%",G85)-FIND(":",G85)-2)/100))*0 -> 0 | I86: =G84*H86 -> 0 | J86: 3 | K86: 0 | L86: 0 | M86: =I86-K86-L86 -> 0
H87: =0 -> 0 | I87: =G84*H87 -> 0 | J87: 4 | N87: =IF(ISERR(SEARCH("TRA* 82",C84)),IF(Q87+R87+S87=0,0,I87*(Q87/(Q87+R87+S87))),I87) -> 0 | O87: =IF(ISERR(SEARCH("TRA* 82",C84)),IF(Q87+R87+S87=0,0,I87*(R87/(Q87+R87+S87))),0) -> 0 | P87: =IF(ISERR(SEARCH("TRA* 82",C84)),I87-N87-O87,0) -> 0 | Q87: 0 | R87: 0 | S87: 0
H88: =H84+H85+H86+H87 -> 384.39 | I88: =I84+I85+I86+I87 -> 768.78 | J88: 5
B89: 15 | C89: ACD01XF 93 | D89: BUCATA | G89: 13 | H89: =4342.44/G89 -> 334.03385 | I89: =G89*H89 -> 4342.44 | J89: 1
D90: =SUBSTITUTE("Sp.mat: 0.00%",".",IF(VALUE("1.2")=1.2,".",","),2) -> Sp.mat: 0.00% | F90: =SUBSTITUTE("Sp.man: 0.00%",".",IF(VALUE("1.2")=1.2,".",","),2) -> Sp.man: 0.00% | G90: =SUBSTITUTE("Sp.uti: 0.00%",".",IF(VALUE("1.2")=1.2,".",","),2) -> Sp.uti: 0.00% | H90: =478.91/G89 -> 36.839231 | I90: =G89*H90 -> 478.91 | J90: 2
A91: CAPAC SI RAMA DIN FONTA SAU FONTA-BET,MONT.LA CAM.PT ALIM CU APA SI CANAL CU PIESA SUP. TIP IV | H91: =(1+IF(OR(ISERR(FIND(":",G90)),ISERR(FIND("%",G90))),0,MID(G90,FIND(":",G90)+2,FIND("%",G90)-FIND(":",G90)-2)/100))*0 -> 0 | I91: =G89*H91 -> 0 | J91: 3 | K91: 0 | L91: 0 | M91: =I91-K91-L91 -> 0
H92: =0 -> 0 | I92: =G89*H92 -> 0 | J92: 4 | N92: =IF(ISERR(SEARCH("TRA* 82",C89)),IF(Q92+R92+S92=0,0,I92*(Q92/(Q92+R92+S92))),I92) -> 0 | O92: =IF(ISERR(SEARCH("TRA* 82",C89)),IF(Q92+R92+S92=0,0,I92*(R92/(Q92+R92+S92))),0) -> 0 | P92: =IF(ISERR(SEARCH("TRA* 82",C89)),I92-N92-O92,0) -> 0 | Q92: 0 | R92: 0 | S92: 0
H93: =H89+H90+H91+H92 -> 370.87308 | I93: =I89+I90+I91+I92 -> 4821.35 | J93: 5
B94: 16 | C94: SF04B 99 | D94: ZECI M | G94: 46.2 | H94: =(1+IF(OR(ISERR(FIND(":",D95)),ISERR(FIND("%",D95))),0,MID(D95,FIND(":",D95)+2,FIND("%",D95)-FIND(":",D95)-2)/100))*0 -> 0 | I94: =G94*H94 -> 0 | J94: 1
D95: =SUBSTITUTE("Sp.mat: 0.00%",".",IF(VALUE("1.2")=1.2,".",","),2) -> Sp.mat: 0.00% | F95: =SUBSTITUTE("Sp.man: 0.00%",".",IF(VALUE("1.2")=1.2,".",","),2) -> Sp.man: 0.00% | G95: =SUBSTITUTE("Sp.uti: 0.00%",".",IF(VALUE("1.2")=1.2,".",","),2) -> Sp.uti: 0.00% | H95: =74/G94 -> 1.6017316 | I95: =G94*H95 -> 74 | J95: 2
A96: EFECTUAREA PROBEI DE ETANSEITATE SI FUCTIONARE A INSTALATIEI DE CANALIZARE(INDIFERENT MAT.),D=>100MM | H96: =(1+IF(OR(ISERR(FIND(":",G95)),ISERR(FIND("%",G95))),0,MID(G95,FIND(":",G95)+2,FIND("%",G95)-FIND(":",G95)-2)/100))*0 -> 0 | I96: =G94*H96 -> 0 | J96: 3 | K96: 0 | L96: 0 | M96: =I96-K96-L96 -> 0
H97: =0 -> 0 | I97: =G94*H97 -> 0 | J97: 4 | N97: =IF(ISERR(SEARCH("TRA* 82",C94)),IF(Q97+R97+S97=0,0,I97*(Q97/(Q97+R97+S97))),I97) -> 0 | O97: =IF(ISERR(SEARCH("TRA* 82",C94)),IF(Q97+R97+S97=0,0,I97*(R97/(Q97+R97+S97))),0) -> 0 | P97: =IF(ISERR(SEARCH("TRA* 82",C94)),I97-N97-O97,0) -> 0 | Q97: 0 | R97: 0 | S97: 0
H98: =H94+H95+H96+H97 -> 1.6017316 | I98: =I94+I95+I96+I97 -> 74 | J98: 5
B99: 17 | C99: ACE08A1 82 | D99: M CUB | G99: 46 | H99: =1893.04/G99 -> 41.153043 | I99: =G99*H99 -> 1893.04 | J99: 1
D100: =SUBSTITUTE("Sp.mat: 0.00%",".",IF(VALUE("1.2")=1.2,".",","),2) -> Sp.mat: 0.00% | F100: =SUBSTITUTE("Sp.man: 0.00%",".",IF(VALUE("1.2")=1.2,".",","),2) -> Sp.man: 0.00% | G100: =SUBSTITUTE("Sp.uti: 0.00%",".",IF(VALUE("1.2")=1.2,".",","),2) -> Sp.uti: 0.00% | H100: =449.44/G99 -> 9.7704348 | I100: =G99*H100 -> 449.44 | J100: 2
...

Sheet O.02 D.05
A1: Formular F3 | J1: 1
A2: Obiectiv: 01F Construire ansamblu educational compus din scoala, gradinita, cai de circulatie, spatii verzi, terenuri de sport, zone de joaca, corpuri de iluminat, spatiu de parcare, gard incinta,care se va amplasa în partea de nord a Bucurestiului
A3: LISTA_x000D_ cu cantitatile de lucrari pe categorii de lucrari
A4: Obiect: 02 GRADINITA
A5: Categorie: 05 INSTALATIA DE INCALZIRE - CENTRALA TERMICA | I5: [ ron ]
B6: Nr. | C6: Capitol lucrari | D6: U/M | G6: Cantitatea | H6: Pretul unitar | I6: Valoare
B7: Crt. | C7: Simbol | H7: a)materiale
C8: Denumire resursa | H8: b)manopera
C9: Observatii | H9: c)utilaj
C10: Corectii | H10: d)transport
C11: Liste Anexe | H11: Total(a+b+c+d)
B12: 1 | C12: IC11XA 91 | D12: BUCATA | G12: 1 | H12: 537.93 | I12: =G12*H12 -> 537.93 | J12: 1
D13: =SUBSTITUTE("Sp.mat: 0.00%",".",IF(VALUE("1.2")=1.2,".",","),2) -> Sp.mat: 0.00% | F13: =SUBSTITUTE("Sp.man: 0.00%",".",IF(VALUE("1.2")=1.2,".",","),2) -> Sp.man: 0.00% | G13: =SUBSTITUTE("Sp.uti: 0.00%",".",IF(VALUE("1.2")=1.2,".",","),2) -> Sp.uti: 0.00% | H13: 74.96 | I13: =G12*H13 -> 74.96 | J13: 2
A14: DISTRIBUITOR-COLECTOR MONTAT PE SUSTINATOR GATA CONFECTIONAT,AVIND DIAMETRUL DE PINA LA 100 MM | H14: =(1+IF(OR(ISERR(FIND(":",G13)),ISERR(FIND("%",G13))),0,MID(G13,FIND(":",G13)+2,FIND("%",G13)-FIND(":",G13)-2)/100))*0 -> 0 | I14: =G12*H14 -> 0 | J14: 3 | K14: 0 | L14: 0 | M14: =I14-K14-L14 -> 0
H15: =0 -> 0 | I15: =G12*H15 -> 0 | J15: 4 | N15: =IF(ISERR(SEARCH("TRA* 82",C12)),IF(Q15+R15+S15=0,0,I15*(Q15/(Q15+R15+S15))),I15) -> 0 | O15: =IF(ISERR(SEARCH("TRA* 82",C12)),IF(Q15+R15+S15=0,0,I15*(R15/(Q15+R15+S15))),0) -> 0 | P15: =IF(ISERR(SEARCH("TRA* 82",C12)),I15-N15-O15,0) -> 0 | Q15: 0 | R15: 0 | S15: 0
H16: =H12+H13+H14+H15 -> 612.89 | I16: =I12+I13+I14+I15 -> 612.89 | J16: 5
B17: 2 | C17: IC11XA 91 | D17: BUCATA | G17: 1 | H17: 404.85 | I17: =G17*H17 -> 404.85 | J17: 1
D18: =SUBSTITUTE("Sp.mat: 0.00%",".",IF(VALUE("1.2")=1.2,".",","),2) -> Sp.mat: 0.00% | F18: =SUBSTITUTE("Sp.man: 0.00%",".",IF(VALUE("1.2")=1.2,".",","),2) -> Sp.man: 0.00% | G18: =SUBSTITUTE("Sp.uti: 0.00%",".",IF(VALUE("1.2")=1.2,".",","),2) -> Sp.uti: 0.00% | H18: 57.66 | I18: =G17*H18 -> 57.66 | J18: 2
A19: DISTRIBUITOR-COLECTOR MONTAT PE SUSTINATOR GATA CONFECTIONAT,AVIND DIAMETRUL DE PINA LA 100 MM | H19: =(1+IF(OR(ISERR(FIND(":",G18)),ISERR(FIND("%",G18))),0,MID(G18,FIND(":",G18)+2,FIND("%",G18)-FIND(":",G18)-2)/100))*0 -> 0 | I19: =G17*H19 -> 0 | J19: 3 | K19: 0 | L19: 0 | M19: =I19-K19-L19 -> 0
H20: =0 -> 0 | I20: =G17*H20 -> 0 | J20: 4 | N20: =IF(ISERR(SEARCH("TRA* 82",C17)),IF(Q20+R20+S20=0,0,I20*(Q20/(Q20+R20+S20))),I20) -> 0 | O20: =IF(ISERR(SEARCH("TRA* 82",C17)),IF(Q20+R20+S20=0,0,I20*(R20/(Q20+R20+S20))),0) -> 0 | P20: =IF(ISERR(SEARCH("TRA* 82",C17)),I20-N20-O20,0) -> 0 | Q20: 0 | R20: 0 | S20: 0
H21: =H17+H18+H19+H20 -> 462.51 | I21: =I17+I18+I19+I20 -> 462.51 | J21: 5
B22: 3 | C22: IC11XC 91 | D22: BUCATA | G22: 1 | H22: 714.59 | I22: =G22*H22 -> 714.59 | J22: 1
D23: =SUBSTITUTE("Sp.mat: 0.00%",".",IF(VALUE("1.2")=1.2,".",","),2) -> Sp.mat: 0.00% | F23: =SUBSTITUTE("Sp.man: 0.00%",".",IF(VALUE("1.2")=1.2,".",","),2) -> Sp.man: 0.00% | G23: =SUBSTITUTE("Sp.uti: 0.00%",".",IF(VALUE("1.2")=1.2,".",","),2) -> Sp.uti: 0.00% | H23: 144.15 | I23: =G22*H23 -> 144.15 | J23: 2
A24: DISTRIBUITOR-COLECTOR MONTAT PE SUSTINATOR GATA CONFECTIONAT,AVIND DIAMETRUL DE 152 - 250 MM | H24: =(1+IF(OR(ISERR(FIND(":",G23)),ISERR(FIND("%",G23))),0,MID(G23,FIND(":",G23)+2,FIND("%",G23)-FIND(":",G23)-2)/100))*0 -> 0 | I24: =G22*H24 -> 0 | J24: 3 | K24: 0 | L24: 0 | M24: =I24-K24-L24 -> 0
H25: =0 -> 0 | I25: =G22*H25 -> 0 | J25: 4 | N25: =IF(ISERR(SEARCH("TRA* 82",C22)),IF(Q25+R25+S25=0,0,I25*(Q25/(Q25+R25+S25))),I25) -> 0 | O25: =IF(ISERR(SEARCH("TRA* 82",C22)),IF(Q25+R25+S25=0,0,I25*(R25/(Q25+R25+S25))),0) -> 0 | P25: =IF(ISERR(SEARCH("TRA* 82",C22)),I25-N25-O25,0) -> 0 | Q25: 0 | R25: 0 | S25: 0
H26: =H22+H23+H24+H25 -> 858.74 | I26: =I22+I23+I24+I25 -> 858.74 | J26: 5
B27: 4 | C27: IC11XC 91 | D27: BUCATA | G27: 1 | H27: 436.7 | I27: =G27*H27 -> 436.7 | J27: 1
D28: =SUBSTITUTE("Sp.mat: 0.00%",".",IF(VALUE("1.2")=1.2,".",","),2) -> Sp.mat: 0.00% | F28: =SUBSTITUTE("Sp.man: 0.00%",".",IF(VALUE("1.2")=1.2,".",","),2) -> Sp.man: 0.00% | G28: =SUBSTITUTE("Sp.uti: 0.00%",".",IF(VALUE("1.2")=1.2,".",","),2) -> Sp.uti: 0.00% | H28: 144.15 | I28: =G27*H28 -> 144.15 | J28: 2
A29: DISTRIBUITOR-COLECTOR MONTAT PE SUSTINATOR GATA CONFECTIONAT,AVIND DIAMETRUL DE 152 - 250 MM | H29: =(1+IF(OR(ISERR(FIND(":",G28)),ISERR(FIND("%",G28))),0,MID(G28,FIND(":",G28)+2,FIND("%",G28)-FIND(":",G28)-2)/100))*0 -> 0 | I29: =G27*H29 -> 0 | J29: 3 | K29: 0 | L29: 0 | M29: =I29-K29-L29 -> 0
H30: =0 -> 0 | I30: =G27*H30 -> 0 | J30: 4 | N30: =IF(ISERR(SEARCH("TRA* 82",C27)),IF(Q30+R30+S30=0,0,I30*(Q30/(Q30+R30+S30))),I30) -> 0 | O30: =IF(ISERR(SEARCH("TRA* 82",C27)),IF(Q30+R30+S30=0,0,I30*(R30/(Q30+R30+S30))),0) -> 0 | P30: =IF(ISERR(SEARCH("TRA* 82",C27)),I30-N30-O30,0) -> 0 | Q30: 0 | R30: 0 | S30: 0
H31: =H27+H28+H29+H30 -> 580.85 | I31: =I27+I28+I29+I30 -> 580.85 | J31: 5
B32: 5 | C32: EF03A1 82 | D32: BUCATA | G32: 1 | H32: 5709.93 | I32: =G32*H32 -> 5709.93 | J32: 1
D33: =SUBSTITUTE("Sp.mat: 0.00%",".",IF(VALUE("1.2")=1.2,".",","),2) -> Sp.mat: 0.00% | F33: =SUBSTITUTE("Sp.man: 0.00%",".",IF(VALUE("1.2")=1.2,".",","),2) -> Sp.man: 0.00% | G33: =SUBSTITUTE("Sp.uti: 0.00%",".",IF(VALUE("1.2")=1.2,".",","),2) -> Sp.uti: 0.00% | H33: 140.31 | I33: =G32*H33 -> 140.31 | J33: 2
A34: TABLOU ELECTRIC PANOU,DULAP,CELULA SAU PUPITRU GATA ECHIPAT,CU GREUTATEA <150KG | H34: =(1+IF(OR(ISERR(FIND(":",G33)),ISERR(FIND("%",G33))),0,MID(G33,FIND(":",G33)+2,FIND("%",G33)-FIND(":",G33)-2)/100))*0 -> 0 | I34: =G32*H34 -> 0 | J34: 3 | K34: 0 | L34: 0 | M34: =I34-K34-L34 -> 0
H35: =0 -> 0 | I35: =G32*H35 -> 0 | J35: 4 | N35: =IF(ISERR(SEARCH("TRA* 82",C32)),IF(Q35+R35+S35=0,0,I35*(Q35/(Q35+R35+S35))),I35) -> 0 | O35: =IF(ISERR(SEARCH("TRA* 82",C32)),IF(Q35+R35+S35=0,0,I35*(R35/(Q35+R35+S35))),0) -> 0 | P35: =IF(ISERR(SEARCH("TRA* 82",C32)),I35-N35-O35,0) -> 0 | Q35: 0 | R35: 0 | S35: 0
H36: =H32+H33+H34+H35 -> 5850.24 | I36: =I32+I33+I34+I35 -> 5850.24 | J36: 5
